url,email,reseaux_sociaux,siren,siret
https://vacances.probtp.com/,Aucun e-mail trouvé,"https://www.facebook.com/PROBTPVacances/, https://www.instagram.com/probtpvacances/, https://www.instagram.com/probtpmesvacances/",Non trouvé,Non trouvé
https://www.residencelereve.fr/,Aucun e-mail trouvé,https://www.facebook.com/ResidenceLeRevelaTranchesurMer/?ref=bookmarks,400 659 207,Non trouvé
https://www.vacances-lagrange.com/vacances-location-mer-montagne,Aucun e-mail trouvé,"https://www.facebook.com/pages/VACANCES-LAGRANGE/281692898521889, https://www.instagram.com/lagrange_vacances/",Non trouvé,Non trouvé
https://www.maeva.com/fr-fr/location-guidel-plages,Aucun e-mail trouvé,Aucun RS trouvé,Non trouvé,Non trouvé
https://www.dvm-vacances.com/residence-ski/les-chalets-de-l-adonis-les-menuires.html,Aucun e-mail trouvé,Aucun RS trouvé,Non trouvé,Non trouvé
https://www.booking.com/hotel/fr/provencal-getaway-pool-studio-hiking.fr.html?label=gen173nr-10CAsoTUIkcHJvdmVuY2FsLWdldGF3YXktcG9vbC1zdHVkaW8taGlraW5nSDNYBGhNiAEBmAEzuAEHyAEM2AED6AEB-AEBiAIBqAIBuALYneXJBsACAdICJDU1OWIzZWY0LTkwNjQtNGZhNC05ZDRhLTMzNjNlZmE0NGQzZdgCAeACAQ&sid=65796bc7be9e999d3c67b971f001c428&dist=0&keep_landing=1&sb_price_type=total&type=total&,Aucun e-mail trouvé,Aucun RS trouvé,Non trouvé,Non trouvé
http://www.chateau-de-digoine.com/,Aucun e-mail trouvé,"https://www.facebook.com/sharer/sharer.php?u=https%3A%2F%2Fwww.chateau-de-digoine.com%2F&title=Chateau+de+Digoine+-+2+vakantiehuizen+en+chambres+d%27hotes+in+de+Bourgogne, https://www.facebook.com/sharer/sharer.php?u=https%3A%2F%2Fwww.chateau-de-digoine.com%2Frelaties&title=Chateau+de+Digoine+-+Contact",Non trouvé,Non trouvé
https://www.gites-de-france.com/fr/occitanie/lot/la-maison-de-justine-46g12380,Aucun e-mail trouvé,Aucun RS trouvé,Non trouvé,Non trouvé
https://www.hotelverdon.com/,Aucun e-mail trouvé,Aucun RS trouvé,Non trouvé,Non trouvé
https://www.gites-de-france-manche.com/location-vacances-Gite-a-Montaigu-les-bois-Manche-50G249.html,resa@labelsmanche.fr,"https://www.facebook.com/sharer.php?u=https%3A%2F%2Fwww.gites-de-france-manche.com%2F%2Flocation-vacances-Gite-a-Montaigu-les-bois-Manche-50G249.html, https://www.facebook.com/GitesdeFranceManche, https://www.instagram.com/gitesdefrance_manche",Non trouvé,Non trouvé
http://histoiredo62.fr/,Aucun e-mail trouvé,Aucun RS trouvé,Non trouvé,Non trouvé
https://www.odescimes.com/,info@odescimes.com,https://www.facebook.com/odescimes/?fref=ts,Non trouvé,Non trouvé
https://www.loliviergitespa.com/,Aucun e-mail trouvé,"https://www.instagram.com/p/C4cdvWOoCde/, https://www.instagram.com/reel/C4Yw11BoMiL/, https://www.instagram.com/reel/C4SpgzzIl5O/, https://www.instagram.com/reel/C4DKf73gdWi/, https://www.instagram.com/reel/C37BT6bIwdc/, https://www.instagram.com/reel/C32B_wXo4nf/, https://www.instagram.com/p/C3AFmppoob4/, https://www.instagram.com/p/C29koq1occ6/, https://www.instagram.com/reel/C2wgGydoi-q/, https://www.instagram.com/p/C2hmkKYIZRg/, https://www.instagram.com/p/C2XMiIZI88S/, https://www.instagram.com/p/C2FAYkZIWwd/, https://www.instagram.com/p/C1ouLrHopBG/, https://www.instagram.com/p/C1BuRH5oA4V/, https://www.instagram.com/reel/C09QCR0IdIu/, https://www.facebook.com/loliviergitespa?locale=fr_FR, https://www.instagram.com/loliviergites/",Non trouvé,Non trouvé
https://www.sauve-tourisme.com/fr/a/mas-du-crespenou?id=mpzklp7v,Aucun e-mail trouvé,Aucun RS trouvé,Non trouvé,Non trouvé
https://levelorouge-baronnies.com/,Aucun e-mail trouvé,Aucun RS trouvé,Non trouvé,Non trouvé
https://mapfr.click/gites-equizen-niflq0,Aucun e-mail trouvé,Aucun RS trouvé,Non trouvé,Non trouvé
http://www.larondedesmarais.fr/,Aucun e-mail trouvé,https://www.facebook.com/larondedesmarais/,Non trouvé,Non trouvé
https://gitelayarde.fr/,Aucun e-mail trouvé,Aucun RS trouvé,Non trouvé,Non trouvé
https://www.chambres-hotes.fr/ch22886,Aucun e-mail trouvé,Aucun RS trouvé,Non trouvé,Non trouvé
https://www.smayl.corsica/,Aucun e-mail trouvé,"https://www.instagram.com/reel/DCzcbpCM1JK/?utm_source=ig_embed&#038;utm_campaign=loading, https://www.instagram.com/reel/DDFKGLts3Bh/?utm_source=ig_embed&#038;utm_campaign=loading, https://www.instagram.com/reel/DCxIa1ZT9cO/?utm_source=ig_embed&#038;utm_campaign=loading, https://www.facebook.com/profile.php?id=61557127949000, https://www.instagram.com/smayl.le103/",Non trouvé,921 973 566 00018 / 92197356600018
http://www.jasducolombier.com/,Aucun e-mail trouvé,Aucun RS trouvé,Non trouvé,Non trouvé
https://www.latabledepierre.fr/,Aucun e-mail trouvé,Aucun RS trouvé,Non trouvé,Non trouvé
https://villadelovalie.fr/,Aucun e-mail trouvé,"https://www.facebook.com/profile.php?id=100093560589152, https://www.facebook.com/La-villa-de-lovalie-107862298052317",Non trouvé,Non trouvé
http://www.lesdomainesdusautduloup.fr/,contact@lesdomainesdusautduloup.fr,https://www.instagram.com/lesdomainesdusautduloup47/,Non trouvé,Non trouvé
http://www.maeva.com/fr-fr/location-ete-quiberon-ker_15L-E_fp,Aucun e-mail trouvé,Aucun RS trouvé,Non trouvé,Non trouvé
http://layourtemorvandelle.fr/,Aucun e-mail trouvé,https://instagram.com/yourtemorvandelle58,Non trouvé,Non trouvé
http://qua.etr.im/TMd,Aucun e-mail trouvé,"https://www.facebook.com/odalys.vacances, https://www.instagram.com/odalysvacances/",Non trouvé,Non trouvé
https://www.sowell.fr/hotel/pignada-plage/,"reservation@sowell.fr, soustons@sowell.fr",Aucun RS trouvé,Non trouvé,Non trouvé
https://hoteltarga.wixsite.com/targa,Aucun e-mail trouvé,https://www.facebook.com/TargaHotel/,Non trouvé,Non trouvé
http://hotelz.website/riadpassiflora,contact@hotelz.website,Aucun RS trouvé,Non trouvé,Non trouvé
https://eauz.fr/,Aucun e-mail trouvé,"https://www.facebook.com/eauzviry, https://www.instagram.com/eau.z/, https://facebook.com/eauzviry",Non trouvé,Non trouvé
https://www.espace-respire.fr/,contact@espace-respire.fr,"https://www.facebook.com/pages/category/Health-Spa/Espace-Respire-108020404815589/, https://www.instagram.com/espace.respire/",Non trouvé,84402492700015
https://www.clublazyandfit.fr/,Aucun e-mail trouvé,https://www.instagram.com/club_lazyandfit_vesoul,Non trouvé,Non trouvé
https://refugeinsoliteenbugey.fr/au-refuge-sonore/,Aucun e-mail trouvé,Aucun RS trouvé,Non trouvé,Non trouvé
https://montpellier.aquabikecenter.club/?utm_source=google&utm_medium=organic&utm_campaign=gbp&utm_content=fiche-google,contact@aquabikecenter.club,Aucun RS trouvé,Non trouvé,Non trouvé
http://www.lotussy.com/,Aucun e-mail trouvé,Aucun RS trouvé,Non trouvé,Non trouvé
https://www.challes-les-eaux.online/sante/terre-de-soins/,Aucun e-mail trouvé,"https://www.instagram.com/challes_les_eaux_online/, https://www.facebook.com/ChallesLesEauxOnline",Non trouvé,Non trouvé
https://www.lesbainsdebibouyou.com/,Aucun e-mail trouvé,"https://www.instagram.com/lesbainsdebibouyou/, https://www.facebook.com/profile.php?id=61569959742848&amp;notif_id=1748246909292846&amp;notif_t=fan_profile_v2&amp;ref=notif",Non trouvé,Non trouvé
https://www.metanoiacentredesoins.com/,Aucun e-mail trouvé,"https://www.facebook.com/people/M%C3%A9tano%C3%AFa-Centre-de-Soins-Pluridisciplinaires/61572502277826/, https://www.instagram.com/metanoia_centredesoins/",Non trouvé,Non trouvé
https://waiora-gap.fr/,Aucun e-mail trouvé,"https://www.facebook.com/WaioraGap/?ref=br_rs, https://www.instagram.com/waiora_gap/?hl=fr",Non trouvé,Non trouvé
https://www.treatwell.fr/salon/waterbike-vincennes/,Aucun e-mail trouvé,"https://www.facebook.com/treatwellfr/, https://www.instagram.com/treatwellfr/",Non trouvé,Non trouvé
https://perpignan.caliceo.com/,"contact@caliceo.com, rgpd@caliceo.com, contact-cormeillesenparisis@caliceo.com, contact-lieusaint@caliceo.com, contact-versailles@caliceo.com, contact-saintcyrlecole@caliceo.com, contact-lyon@caliceo.com, contact-toulouse@caliceo.com, contact-nantes@caliceo.com, contact-bordeaux@caliceo.com, contact-perpignan@caliceo.com, contact-pau@caliceo.com, mcouartou@caliceo.com, bains-saintcyrlecole@caliceo.com, spa-saintcyrlecole@caliceo.com, com-saintcyrlecole@caliceo.com, bains-lieusaint@caliceo.com, spamanager-lieusaint@caliceo.com, respaqua-lieusaint@caliceo.com, spa-lieusaint@caliceo.com, com-lieusaint@caliceo.com, bains-cormeillesenparisis@caliceo.com, spamanager-cormeillesenparisis@caliceo.com, respaqua-cormeillesenparisis@caliceo.com, spa-cormeillesenparisis@caliceo.com, com-cormeillesenparisis@caliceo.com, bains-lyon@caliceo.com, spa-lyon@caliceo.com, com-lyon@caliceo.com, bains-toulouse@caliceo.com, spamanager-toulouse@caliceo.com, spa-toulouse@caliceo.com, com-toulouse@caliceo.com, bains-bordeaux@caliceo.com, spamanager-bordeaux@caliceo.com, respaqua-bordeaux@caliceo.com, spa-bordeaux@caliceo.com, com-bordeaux@caliceo.com, bains-nantes@caliceo.com, respaqua-nantes@caliceo.com, spamanager-nantes@caliceo.com, spa-nantes@caliceo.com, com-nantes@caliceo.com, bains-perpignan@caliceo.com, spa-perpignan@caliceo.com, com-perpignan@caliceo.com, bains-pau@caliceo.com, spa-pau@caliceo.com, com-pau@caliceo.com, bains-lille@caliceo.com, spa-lille@caliceo.com, mhuyghe@caliceo.com, com-lille@caliceo.com, nboudinet@caliceo.com, qdelattre@caliceo.com, bains-strasbourg@caliceo.com, spamanager-strasbourg@caliceo.com, spa-strasbourg@caliceo.com, com-strasbourg@caliceo.com, spa-noisylegrand@caliceo.com","https://www.facebook.com/caliceoperpignan, https://www.instagram.com/caliceo_officiel/?hl=fr",826 303 666,83995346000038
https://www.chaleur-des-bois.com/,Aucun e-mail trouvé,Aucun RS trouvé,Non trouvé,Non trouvé
https://www.relaxsel.fr/,Aucun e-mail trouvé,Aucun RS trouvé,Non trouvé,Non trouvé
http://aqua-sante.com/,Aucun e-mail trouvé,Aucun RS trouvé,Non trouvé,Non trouvé
https://saintcyrlecole.caliceo.com/,"contact@caliceo.com, rgpd@caliceo.com, contact-cormeillesenparisis@caliceo.com, contact-lieusaint@caliceo.com, contact-versailles@caliceo.com, contact-saintcyrlecole@caliceo.com, contact-lyon@caliceo.com, contact-toulouse@caliceo.com, contact-nantes@caliceo.com, contact-bordeaux@caliceo.com, contact-perpignan@caliceo.com, contact-pau@caliceo.com, mcouartou@caliceo.com, bains-saintcyrlecole@caliceo.com, spa-saintcyrlecole@caliceo.com, com-saintcyrlecole@caliceo.com, bains-lieusaint@caliceo.com, spamanager-lieusaint@caliceo.com, respaqua-lieusaint@caliceo.com, spa-lieusaint@caliceo.com, com-lieusaint@caliceo.com, bains-cormeillesenparisis@caliceo.com, spamanager-cormeillesenparisis@caliceo.com, respaqua-cormeillesenparisis@caliceo.com, spa-cormeillesenparisis@caliceo.com, com-cormeillesenparisis@caliceo.com, bains-lyon@caliceo.com, spa-lyon@caliceo.com, com-lyon@caliceo.com, bains-toulouse@caliceo.com, spamanager-toulouse@caliceo.com, spa-toulouse@caliceo.com, com-toulouse@caliceo.com, bains-bordeaux@caliceo.com, spamanager-bordeaux@caliceo.com, respaqua-bordeaux@caliceo.com, spa-bordeaux@caliceo.com, com-bordeaux@caliceo.com, bains-nantes@caliceo.com, respaqua-nantes@caliceo.com, spamanager-nantes@caliceo.com, spa-nantes@caliceo.com, com-nantes@caliceo.com, bains-perpignan@caliceo.com, spa-perpignan@caliceo.com, com-perpignan@caliceo.com, bains-pau@caliceo.com, spa-pau@caliceo.com, com-pau@caliceo.com, bains-lille@caliceo.com, spa-lille@caliceo.com, mhuyghe@caliceo.com, com-lille@caliceo.com, nboudinet@caliceo.com, qdelattre@caliceo.com, bains-strasbourg@caliceo.com, spamanager-strasbourg@caliceo.com, spa-strasbourg@caliceo.com, com-strasbourg@caliceo.com, spa-noisylegrand@caliceo.com","https://www.facebook.com/caliceosaintcyrlecole, https://www.instagram.com/caliceo_officiel/?hl=fr",826 201 301,83995346000038
https://lyon.caliceo.com/,"contact@caliceo.com, rgpd@caliceo.com, contact-cormeillesenparisis@caliceo.com, contact-lieusaint@caliceo.com, contact-versailles@caliceo.com, contact-saintcyrlecole@caliceo.com, contact-lyon@caliceo.com, contact-toulouse@caliceo.com, contact-nantes@caliceo.com, contact-bordeaux@caliceo.com, contact-perpignan@caliceo.com, contact-pau@caliceo.com, mcouartou@caliceo.com, bains-saintcyrlecole@caliceo.com, spa-saintcyrlecole@caliceo.com, com-saintcyrlecole@caliceo.com, bains-lieusaint@caliceo.com, spamanager-lieusaint@caliceo.com, respaqua-lieusaint@caliceo.com, spa-lieusaint@caliceo.com, com-lieusaint@caliceo.com, bains-cormeillesenparisis@caliceo.com, spamanager-cormeillesenparisis@caliceo.com, respaqua-cormeillesenparisis@caliceo.com, spa-cormeillesenparisis@caliceo.com, com-cormeillesenparisis@caliceo.com, bains-lyon@caliceo.com, spa-lyon@caliceo.com, com-lyon@caliceo.com, bains-toulouse@caliceo.com, spamanager-toulouse@caliceo.com, spa-toulouse@caliceo.com, com-toulouse@caliceo.com, bains-bordeaux@caliceo.com, spamanager-bordeaux@caliceo.com, respaqua-bordeaux@caliceo.com, spa-bordeaux@caliceo.com, com-bordeaux@caliceo.com, bains-nantes@caliceo.com, respaqua-nantes@caliceo.com, spamanager-nantes@caliceo.com, spa-nantes@caliceo.com, com-nantes@caliceo.com, bains-perpignan@caliceo.com, spa-perpignan@caliceo.com, com-perpignan@caliceo.com, bains-pau@caliceo.com, spa-pau@caliceo.com, com-pau@caliceo.com, bains-lille@caliceo.com, spa-lille@caliceo.com, mhuyghe@caliceo.com, com-lille@caliceo.com, nboudinet@caliceo.com, qdelattre@caliceo.com, bains-strasbourg@caliceo.com, spamanager-strasbourg@caliceo.com, spa-strasbourg@caliceo.com, com-strasbourg@caliceo.com, spa-noisylegrand@caliceo.com","https://www.facebook.com/caliceolyon, https://www.instagram.com/caliceo_officiel/?hl=fr",826 303 669,83995346000038
http://www.sourceo-dax.com/,Aucun e-mail trouvé,https://www.facebook.com/sourceodax/,451 503 528 / 519 109 243 / 451 503 528 / 744 515 035,Non trouvé
http://www.locationjacuzziadomicileparis.com/,Aucun e-mail trouvé,"https://www.instagram.com/location_spa_ile_de_france?utm_source=ig_web_button_share_sheet&#038;igsh=ZDNlZDc0MzIxNw==, https://www.instagram.com/location_jacuzzi_domicile/?hl=fr, https://www.facebook.com/locationjacuzziParis/",898111331,Non trouvé
https://www.osmose-et-vous.fr/,Aucun e-mail trouvé,"https://www.facebook.com/osmose.et.vous.marseille, https://www.instagram.com/osmose_et_vous",Non trouvé,Non trouvé
http://www.eausmose51.fr/,Aucun e-mail trouvé,Aucun RS trouvé,Non trouvé,Non trouvé
http://www.lendroitwellness.fr/,contact@lendroitwellness.fr,"https://www.facebook.com/lendroitwellness, https://www.instagram.com/lendroitwellness/",Non trouvé,89348829600011
https://www.3rcentre.ma/,contact@3rcentre.ma,Aucun RS trouvé,Non trouvé,Non trouvé
http://www.acqualina.ma/,Aucun e-mail trouvé,Aucun RS trouvé,Non trouvé,Non trouvé
https://arabspaessaouira.com/,Aucun e-mail trouvé,Aucun RS trouvé,Non trouvé,Non trouvé
https://beauty-secrets.ma/,Aucun e-mail trouvé,Aucun RS trouvé,Non trouvé,Non trouvé
http://chaouenfloatcenter.com/,Aucun e-mail trouvé,Aucun RS trouvé,Non trouvé,Non trouvé
https://sophieluxuryspa.com/,Aucun e-mail trouvé,"https://www.facebook.com/sophieluxuryspa, https://www.instagram.com/sophieluxurysppa/, http://instagram.com/sophieluxurysppa, https://facebook.com/ThemeRexStudio/, https://www.instagram.com/themerex_net/",Non trouvé,Non trouvé
https://tanger-bienetre.ma/,Aucun e-mail trouvé,"https://www.facebook.com/tangerbienetre/, https://www.instagram.com/lindatangerbienetre/, https://www.facebook.com/groups/tangerbienetre/, https://www.facebook.com/sharer/sharer.php?u=https%3A%2F%2Ftanger-bienetre.ma%2F, https://www.facebook.com/sharer/sharer.php?u=https%3A%2F%2Ftanger-bienetre.ma%2Fcontact%2F, https://www.facebook.com/sharer/sharer.php?u=https%3A%2F%2Ftanger-bienetre.ma%2Fmentions-legales%2F, https://www.facebook.com/sharer/sharer.php?u=https%3A%2F%2Ftanger-bienetre.ma%2Fcgv%2F",Non trouvé,84322086400014
http://www.valespo.com/,Aucun e-mail trouvé,Aucun RS trouvé,Non trouvé,Non trouvé
http://wellnessdreamcenter.ma/,contact@wellnessdreamcenter.ma,https://www.instagram.com/wellness.dreamcenter/,Non trouvé,Non trouvé
https://poseidon-spa.com/magasin/480-fontenay-le-vicomte,Aucun e-mail trouvé,"https://www.instagram.com/poseidonspa.france/, https://www.facebook.com/poseidonspafrance",Non trouvé,Non trouvé
https://iwana.fr/beaute/pros/saint-genis-pouilly-head-spa,Aucun e-mail trouvé,Aucun RS trouvé,Non trouvé,Non trouvé
http://www.zenhitude.fr/,Aucun e-mail trouvé,"https://www.instagram.com/zenhitudespa/, https://www.facebook.com/zenhitude/, https://www.instagram.com/qodeinteractive, https://www.facebook.com/QodeInteractive/",Non trouvé,Non trouvé
https://www.labaume-lapalmeraie.com/fr/?utm_source=google&utm_medium=organic&utm_campaign=gbp,reception@labaume-lapalmeraie.com,"https://www.facebook.com/campinglabaumelapalmeraie/, https://www.instagram.com/campinglabaumelapalmeraie/?hl=fr",342 783 214,Non trouvé
https://www.booking.com/hotel/fr/house-amp-therapeutic-spa-getaway.en-gb.html?aid=2068758&utm_source=seogooglelocal&utm_medium=description&utm_term=hotel-16659446&utm_campaign=en-gb&label=seogooglelocal-link-imagesaow-hotel-16659446_grp-2_gendate-20260812,Aucun e-mail trouvé,Aucun RS trouvé,Non trouvé,Non trouvé
https://www.kopec-piscines.fr/,info@kopec-piscines.fr,Aucun RS trouvé,330129651 / 750 529 885 / 537 407 926,Non trouvé
http://www.maisonetdetente.com/,Aucun e-mail trouvé,"https://www.instagram.com/maison_et_detente/, https://www.facebook.com/maisonetdetente, https://www.instagram.com/maison_et_detente/?hl=fr",Non trouvé,Non trouvé
https://www.homeparadis-spa.fr/,Aucun e-mail trouvé,"http://www.facebook.com/yourteauparadis.ecolodge, https://www.instagram.com/yourteauparadis/",Non trouvé,520 282 773 00016
https://www.maloupiscines.com/,Aucun e-mail trouvé,https://www.facebook.com/mondialpiscine72,Non trouvé,534 204 557 00027
https://www.idealpiscinecorse.com/,contact@idealpiscinecorse.com,"http://www.facebook.com/idealpiscinecorse, http://www.instagram.com/idealpiscine_corse/",Non trouvé,Non trouvé
https://www.vidalot-piscine.fr/,gaetan.b@vidalot.net,"https://www.facebook.com/vidalotpiscine, https://www.instagram.com/vidalot_piscine",Non trouvé,789 748 282 00017
https://www.vidalot-piscine.fr/vals-les-bains,gaetan.b@vidalot.net,"https://www.facebook.com/vidalotpiscine, https://www.instagram.com/vidalot_piscine",Non trouvé,789 748 282 00017
https://www.qualite-spa-piscine.fr/,Aucun e-mail trouvé,"https://www.facebook.com/p/Qualit%C3%A9-Paysage-100056898385120/, https://www.instagram.com/qualitepaysage/",Non trouvé,Non trouvé
https://www.rbpiscines.fr/,Aucun e-mail trouvé,Aucun RS trouvé,424 761 419,832 413 660 00016 / 832 413 660 00024
https://www.essentiel63.fr/,Aucun e-mail trouvé,Aucun RS trouvé,793 496 662,82517676100013
https://www.abritello.fr/,Aucun e-mail trouvé,Aucun RS trouvé,Non trouvé,Non trouvé
http://www.nautilus-piscine.fr/,contact@nautiluspiscine.fr,Aucun RS trouvé,Non trouvé,Non trouvé
https://www.rivesud-piscine.fr/,Aucun e-mail trouvé,https://www.facebook.com/PiscinespaSauna,Non trouvé,Non trouvé
https://www.esprit-piscine.fr/certe-piscines,Aucun e-mail trouvé,"https://www.instagram.com/lespritpiscine/?sc=espritpiscine, https://www.facebook.com/lespritpiscine/?sc=espritpiscine, http://www.facebook.com/sharer.php?u=https://www.esprit-piscine.fr/certe-piscines/, https://www.instagram.com/lespritpiscine/, https://www.facebook.com/lespritpiscine/",451 470 066 / 424 761 419,Non trouvé
https://www.be-spa.fr/magasins-spas/magasin-be-spa-concept-le-mans-nord-saint-saturnin.html,magasin.lemans@be-spa-concept.fr,"https://www.facebook.com/people/BeSpa-France-Soci%C3%A9t%C3%A9/100009395985091/?paipv=0&eav=AfYkYAtZlvqVk3-Aa1-vPG593cUpqTIzUzzZkbVBu4pxVyTRXmFmGgW6trkXd1tiaXA&_rdr, https://www.instagram.com/bespafrance/",Non trouvé,50491961400041
https://www.piscineetspa08.fr/,Aucun e-mail trouvé,https://facebook.com/Piscine.et.SPA08/,Non trouvé,Non trouvé
https://www.piscines-de-france.fr/piscinistes/pisciniste-poitiers,Aucun e-mail trouvé,"https://www.instagram.com/piscines_de_france/, https://www.facebook.com/lespiscinesdefrance/",Non trouvé,26880273210529
http://www.aquaservices80.com/,Aucun e-mail trouvé,Aucun RS trouvé,Non trouvé,Non trouvé
https://aquatika66.fr/,Aucun e-mail trouvé,"https://www.instagram.com/aquatika66_piscine/, https://www.facebook.com/aquatikaperpignan/",Non trouvé,Non trouvé
https://pool-ecolo.odoo.com/,Aucun e-mail trouvé,Aucun RS trouvé,Non trouvé,Non trouvé
https://www.piscines-pays-dauge.fr/,Aucun e-mail trouvé,https://facebook.com/Piscines-du-Pays-DAuge-106365124796787/,Non trouvé,Non trouvé
https://locelo.fr/,Aucun e-mail trouvé,"https://www.facebook.com/locelopiscinespa, https://www.instagram.com/locelopiscinespa, https://www.facebook.com/locelopiscinespa/",Non trouvé,Non trouvé
https://ceveneau-spa.fr/,Aucun e-mail trouvé,Aucun RS trouvé,Non trouvé,Non trouvé
http://www.piscine-equali.fr/,contact@equali.fr,"https://www.facebook.com/Equali-Piscine-Spa-293221707487140/, https://www.instagram.com/equalipiscineetspa91/?hl=fr",123 456 789 / 749 951 604 / 423 093 459,Non trouvé
http://www.lrspa.fr/?utm_source=gmb,Aucun e-mail trouvé,"https://www.instagram.com/lrspaetpiscine_larochelle/, https://www.instagram.com/p/CnmX_A5tUXe/, https://www.instagram.com/p/CnPKVKxNyyN/, https://www.instagram.com/p/CmrepXbtDcF/, https://www.instagram.com/p/Cmb94XAtf_A/, https://www.instagram.com/p/CmJwT3dtOiw/, https://www.instagram.com/p/Cl_Ad5hNEK2/, https://www.instagram.com/reel/Cl1Rs5_juVN/, https://www.instagram.com/p/Cln5TQYNRJT/, https://www.facebook.com/LRSpa17/, https://www.instagram.com/lrspaetpiscine_larochelle/?hl=fr",Non trouvé,Non trouvé
https://www.spa-riboli-lepuy.fr/,Aucun e-mail trouvé,Aucun RS trouvé,Non trouvé,Non trouvé
https://pool-and-spa-garden.fr/,Aucun e-mail trouvé,Aucun RS trouvé,Non trouvé,Non trouvé
https://www.magasin-piscine.com/,Aucun e-mail trouvé,"https://www.instagram.com/swindopiscine, https://www.instagram.com/swindopiscine/, https://www.instagram.com/p/Dc3gA-DjAVy/, https://www.instagram.com/p/DcTXJyrjKJN/, https://www.instagram.com/p/DbxquJZDL6F/, https://www.facebook.com/people/Swindo-Piscine-et-Spa/61560089910626/?_rdr",842 092 421,510 909 80700016
https://bugeyaquadetente.wixsite.com/my-site,Aucun e-mail trouvé,"https://www.instagram.com/explore/tags/bugeyaquadetente/, https://www.facebook.com/bugey.aquadetente",Non trouvé,Non trouvé
https://piscine-spa-alpes.com/,contact@piscine-spa-alpes.com,"http://facebook.com/username, http://instagram.com/username, https://www.facebook.com/piscinespadesalpes, https://www.instagram.com/piscinespadesalpes/",981 849 102,Non trouvé
https://www.quintessence-art.com/contact,Aucun e-mail trouvé,Aucun RS trouvé,Non trouvé,Non trouvé
http://www.blue-lagon.fr/,Aucun e-mail trouvé,Aucun RS trouvé,509 580 585,52530744300016
https://www.eden-et-eau-piscines.com/,Aucun e-mail trouvé,Aucun RS trouvé,Non trouvé,Non trouvé
http://www.piscineetspa92.com/,laboutique@piscineetspa92.com,"https://www.facebook.com/Laboutiquepiscineetspa, https://www.instagram.com/la_boutique_piscine_et_spa/?fbclid=IwY2xjawQjeMFleHRuA2FlbQIxMQBicmlkETFmaHJqZGc3dnRqUHhhU3o0c3J0YwZhcHBfaWQBMAABHrxlQJvWFkNVKhH0XXol4KiWfSfHrqLss7Gb27n1Kiuwg5LXkWxVETmtjCXi_aem_Lm6mW4FFkjSjsKcHD8ghvA, https://www.facebook.com/Laboutiquepiscineetspa/",Non trouvé,89897445600011
https://www.fc-piscine.fr/,Aucun e-mail trouvé,Aucun RS trouvé,Non trouvé,Non trouvé
https://www.aquaconcept.fr/,contact@aquaconcept.fr,"https://www.facebook.com/aquaconcept.piscinesbrest, https://www.instagram.com/explore/locations/1509452822600730/aquaconcept-brest-quimper/",Non trouvé,424 994 978 00031
https://lrspa.fr/,contact@lrspa.fr,"https://www.instagram.com/lrspaetpiscine_larochelle/, https://www.instagram.com/p/CnmX_A5tUXe/, https://www.instagram.com/p/CnPKVKxNyyN/, https://www.instagram.com/p/CmrepXbtDcF/, https://www.instagram.com/p/Cmb94XAtf_A/, https://www.instagram.com/p/CmJwT3dtOiw/, https://www.instagram.com/p/Cl_Ad5hNEK2/, https://www.instagram.com/reel/Cl1Rs5_juVN/, https://www.instagram.com/p/Cln5TQYNRJT/, https://www.facebook.com/LRSpa17/, https://www.instagram.com/lrspaetpiscine_larochelle/?hl=fr",750268138,Non trouvé
https://www.david-paysage-56.com/,contact@david-paysage.bzh,https://www.instagram.com/david_paysage_56/?hl=fr,Non trouvé,50156617800023 / 490 491 594 00019
https://www.vidalot-piscine.fr/bagnols-sur-ceze,gaetan.b@vidalot.net,"https://www.facebook.com/vidalotpiscine, https://www.instagram.com/vidalot_piscine",Non trouvé,789 748 282 00017
https://www.carelle-groupe.fr/,Aucun e-mail trouvé,https://www.facebook.com/CarelleGroupe,Non trouvé,Non trouvé
https://www.toulliou.bzh/,Aucun e-mail trouvé,"https://www.facebook.com/people/Toulliou-Environnement-Lorient/100090403823359/, https://www.instagram.com/toulliou_mondial_piscine/",Non trouvé,Non trouvé
https://www.be-spa.fr/magasins-spas/azur-piscines-everblue-be-spa-saint-jean-du-falga.html,Aucun e-mail trouvé,"https://www.facebook.com/people/BeSpa-France-Soci%C3%A9t%C3%A9/100009395985091/?paipv=0&eav=AfYkYAtZlvqVk3-Aa1-vPG593cUpqTIzUzzZkbVBu4pxVyTRXmFmGgW6trkXd1tiaXA&_rdr, https://www.instagram.com/bespafrance/",Non trouvé,50491961400041
https://www.bonifay.fr/nos-activites/piscine-spa-par-bonifay-notre-enseigne-dediee-lunivers-de-la-piscine,audreyloiseau@bonifay.fr,"https://www.facebook.com/MateriauxBonifay, https://www.instagram.com/bonifay_officiel/",Non trouvé,Non trouvé
https://br.bluepillow.com/search/67a2273c905c444f2d03a0b3?dest=ago&cat=Vacation+rental+%28other%29&lat=48.61258&lng=-4.55843&language=pt,s.giordani@bluepillow.com,Aucun RS trouvé,Non trouvé,Non trouvé
https://www.be-spa.fr/magasins-spas/la-bulle-d-o-quimper-be-spa.html,Aucun e-mail trouvé,"https://www.facebook.com/people/BeSpa-France-Soci%C3%A9t%C3%A9/100009395985091/?paipv=0&eav=AfYkYAtZlvqVk3-Aa1-vPG593cUpqTIzUzzZkbVBu4pxVyTRXmFmGgW6trkXd1tiaXA&_rdr, https://www.instagram.com/bespafrance/",Non trouvé,50491961400041
https://poseidon-spa.com/magasin/257-maureilhan,Aucun e-mail trouvé,"https://www.instagram.com/poseidonspa.france/, https://www.facebook.com/poseidonspafrance",Non trouvé,Non trouvé
https://depannage-piscine-spa.fr/,contact@aquawellness-spa.fr,Aucun RS trouvé,Non trouvé,Non trouvé
https://www.piscine-spa-montagne.fr/,Aucun e-mail trouvé,Aucun RS trouvé,Non trouvé,890 218 217 00010 / 424 761 419 00045
https://drj-piscine-spa.fr/,Aucun e-mail trouvé,"https://www.facebook.com/Florianml/, https://www.instagram.com/drj_piscine_spa_bienetre/",Non trouvé,Non trouvé
https://www.123spa.fr/,Aucun e-mail trouvé,Aucun RS trouvé,Non trouvé,Non trouvé
https://www.la-boutique-piscine-spa.fr/,"laboutique@piscineetspa92.com, laboutique@piscineetspa95.com","https://www.facebook.com/Laboutiquepiscineetspa, https://www.instagram.com/la_boutique_piscine_et_spa/?fbclid=IwY2xjawQjeMFleHRuA2FlbQIxMQBicmlkETFmaHJqZGc3dnRqUHhhU3o0c3J0YwZhcHBfaWQBMAABHrxlQJvWFkNVKhH0XXol4KiWfSfHrqLss7Gb27n1Kiuwg5LXkWxVETmtjCXi_aem_Lm6mW4FFkjSjsKcHD8ghvA, https://www.facebook.com/Laboutiquepiscineetspa/",Non trouvé,89897445600011
https://www.maisonduspa.fr/colmar,Aucun e-mail trouvé,"https://www.facebook.com/Lmds54, https://www.instagram.com/maisonduspaofficiel/",Non trouvé,Non trouvé
https://www.altipiscines.com/,Aucun e-mail trouvé,Aucun RS trouvé,Non trouvé,Non trouvé
http://www.piscine38.fr/,Aucun e-mail trouvé,"https://www.facebook.com/Piscine38-Voiron-107844914151151/, https://www.instagram.com/piscine_38/",Non trouvé,880 608 674 00011
https://www.holidu.de/d/61954242?ref_source=google_vr&utm_source=google_vr_eb,"service@holidu.com, cs.guest@holidu.com",Aucun RS trouvé,Non trouvé,Non trouvé
https://www.vrbo.com/pdp/lo/42329047?MDPCID=VRBO-META.HPA.WEB-ORGANIC.VR,Aucun e-mail trouvé,Aucun RS trouvé,Non trouvé,Non trouvé
http://www.recifpiscines.fr/,Aucun e-mail trouvé,Aucun RS trouvé,792 228 520,424 761 419 00045
https://landing.calmus-wellness-spa.fr/,Aucun e-mail trouvé,https://www.facebook.com/jacuzzisens,Non trouvé,Non trouvé
https://www.cocktailpiscine.net/,Aucun e-mail trouvé,Aucun RS trouvé,Non trouvé,Non trouvé
https://www.vrbo.com/pdp/lo/104220869?MDPCID=VRBO-META.HPA.WEB-ORGANIC.VR,Aucun e-mail trouvé,Aucun RS trouvé,Non trouvé,Non trouvé
https://allo-piscine-spa.fr/,Aucun e-mail trouvé,https://www.facebook.com/Allo-Piscine-Spa-Toulouse-346241522800472/,815053707 / 820 698 765,424 761 419 00045
http://www.oseapiscine.fr/,Aucun e-mail trouvé,"https://www.facebook.com/julien.le.goff.osea, https://www.instagram.com/o_sea.piscine_spa_arrosage/, https://www.facebook.com/policies/cookies/",Non trouvé,Non trouvé
https://gite-spa-jura.wixsite.com/monsite,Aucun e-mail trouvé,Aucun RS trouvé,Non trouvé,Non trouvé
https://app.superhote.com/#/rental/propertyKeyamJhKL3f4FdDVDnLtgeNFZPM2?startDate=&endDate=&adultsNumber=1&childrenNumber=0&lang=fr,Aucun e-mail trouvé,Aucun RS trouvé,Non trouvé,Non trouvé
http://www.leparadisduspa.net/?utm_source=gmb,Aucun e-mail trouvé,https://facebook.com/LeParadisDuSpa/?locale=fr_FR,Non trouvé,Non trouvé
https://lecrindupuech.com/,contact@lecrindupuech.com,"https://www.facebook.com/profile.php?id=100095084988650, https://www.instagram.com/lecrindupuech/",Non trouvé,487 661 431 00022
https://go.gr-spa.com/,contact@gr-spa.com,"https://www.instagram.com/giovanniriboli_spa/, https://www.facebook.com/giovanniribolispa?locale=fr_FR, https://www.instagram.com/giovanniriboli_spa, https://www.facebook.com/giovanniribolispa/",338 138 795 / 497 901 876,Non trouvé
https://clairazur.com/,Aucun e-mail trouvé,"https://www.facebook.com/ClairAzur/, https://www.instagram.com/clairazurspas/",800 333 233,Non trouvé
https://www.opulsion.fr/,Aucun e-mail trouvé,Aucun RS trouvé,Non trouvé,Non trouvé
https://www.jacuzzi-mtspa.fr/,contact@jacuzzi-mtspa.fr,"http://www.facebook.com/mtspacorsejacuzzi, http://www.instagram.com/mtspacorse/",Non trouvé,88252377200011
https://frinn.click/te-spa-comelle-bkf09g,Aucun e-mail trouvé,Aucun RS trouvé,Non trouvé,Non trouvé
https://br.bluepillow.com/search/627d2200df4f49af9b339851?dest=bkng&cat=House&lat=48.20812&lng=-3.28899&language=pt,s.giordani@bluepillow.com,Aucun RS trouvé,Non trouvé,Non trouvé
https://gitedeschampsetoiles.fr/,Aucun e-mail trouvé,Aucun RS trouvé,Non trouvé,Non trouvé
https://www.gites-saumur.fr/,Aucun e-mail trouvé,Aucun RS trouvé,640 064 186,420 787 384 00056
http://www.domaine-louisa.com/,Aucun e-mail trouvé,Aucun RS trouvé,Non trouvé,Non trouvé
https://br.bluepillow.com/search/67a4c195064d51dcdc93114a?dest=bpex&cat=Apartment&lat=48.06073&lng=6.87607&language=pt,s.giordani@bluepillow.com,Aucun RS trouvé,Non trouvé,Non trouvé
https://br.bluepillow.com/search/681270e21a0d3c624b00dd78?dest=bpex&cat=House&lat=46.72221&lng=-0.58354&language=pt,s.giordani@bluepillow.com,Aucun RS trouvé,Non trouvé,Non trouvé
https://www.vacances-avec-piscine.com/gite-cote-ouest-153.htm,Aucun e-mail trouvé,Aucun RS trouvé,Non trouvé,Non trouvé
https://www.maisonduspa.fr/magasin-spa-strasbourg,Aucun e-mail trouvé,"https://www.facebook.com/Lmds54, https://www.instagram.com/maisonduspaofficiel/",Non trouvé,Non trouvé
https://aquae-spa.com/,Aucun e-mail trouvé,Aucun RS trouvé,Non trouvé,Non trouvé
http://www.belleau-fontaines.fr/,contact@bell-eau-fontaines.fr,"https://www.facebook.com/p/Belleau-Fontaines-100083400007979/, https://www.instagram.com/belleau_fontaines2b/",525 312 294,83428934000012
http://www.groupekerbomat.fr/,Aucun e-mail trouvé,Aucun RS trouvé,Non trouvé,Non trouvé
http://kikao.net/,contact@kikao.net,"https://www.facebook.com/kikaofragrances, https://www.instagram.com/kikao_official/",820477404 / 820 477 404,Non trouvé
https://br.bluepillow.com/search/6811b8c36178c7268f2d2090?dest=bkng&cat=Apartment&lat=49.44621&lng=1.10918&language=pt,s.giordani@bluepillow.com,Aucun RS trouvé,Non trouvé,Non trouvé
http://www.audomainedesanges.fr/,Aucun e-mail trouvé,"https://www.facebook.com/audomainedesanges/, https://www.instagram.com/au_domaine_des_anges/",504694811,Non trouvé
https://hostelfr.click/te-placello-te-av1s0y,Aucun e-mail trouvé,Aucun RS trouvé,Non trouvé,Non trouvé
http://cote-piscine-83.fr/,Aucun e-mail trouvé,Aucun RS trouvé,Non trouvé,Non trouvé
https://www.poseidon-spa.com/,Aucun e-mail trouvé,"https://www.instagram.com/poseidonspa.france/, https://www.facebook.com/poseidonspafrance",Non trouvé,Non trouvé
http://www.labarquepeltier.fr/,Aucun e-mail trouvé,Aucun RS trouvé,Non trouvé,Non trouvé
https://www.holidu.de/d/62705922?ref_source=google_vr&utm_source=google_vr_eb,"service@holidu.com, cs.guest@holidu.com",Aucun RS trouvé,Non trouvé,Non trouvé
https://www.capsoleil.fr/?utm_source=google&utm_medium=organic&utm_campaign=gbp,reception@capsoleil.fr,"https://www.facebook.com/Cap-Soleil-Camping-Spa-771276359906412/, https://www.instagram.com/camping_capsoleil/",330 317 850,Non trouvé
https://br.bluepillow.com/search/6233ad4b4c4d8d9b9b80154b?dest=bpex&cat=Cottage&lat=44.61634&lng=-0.11447&language=pt,s.giordani@bluepillow.com,Aucun RS trouvé,Non trouvé,Non trouvé
https://www.mcgpiscineetspa.fr/,Aucun e-mail trouvé,https://www.facebook.com/EURL-MCG-Batiment-1507856932802112/,828739946,Non trouvé
https://www.piscines-et-spa-services.fr/,Aucun e-mail trouvé,https://facebook.com/share/XYUJu3Deg5UuCGJW/?mibextid=LQQJ4d,Non trouvé,Non trouvé
https://www.ag-hotel.ma/,"contact@aghotel.ma, reservation@aghotel.ma, info@sonderhotels.com","https://www.facebook.com/aghotel.ma, https://www.instagram.com/aghotel_ma/",524 322 862 / 667 044 664,Non trouvé
https://www.booking.com/hotel/ma/amanar-ouarzazate-boutique-amp-spa.fr.html?aid=397645&label=bin859jc-10CAEoggI46AdIDVgDaIwBiAEBmAEzuAEXyAEM2AED6AEB-AEBiAIBqAIBuAKi3-LLBsACAdICJDk3YTY0OTYzLTViMWYtNGNkMi05ZWU2LTBhYWMwOWNlMjIwN9gCAeACAQ&sid=687a2672252a0642c6dadf86ee6a070a&dest_id=14291430&dest_type=hotel&dist=0&group_adults=2&group_children=0&hapos=1&hpos=1&no_rooms=1&req_adults=2&req_children=0&room1=A%2CA&sb_price_type=total&sr_order=popularity&srepoch=1769516995&srpvid=60e357dc56de0510&type=total&ucfs=1&,Aucun e-mail trouvé,Aucun RS trouvé,Non trouvé,Non trouvé
https://all.accor.com/hotel/2967/index.fr.shtml,"h2967@accor.com, thalassa@accor-customercare.com","https://www.facebook.com/ALL/, https://www.instagram.com/all.accor",602 036 444,503 938 110 00015
http://www.hotelatlassia.com/,Aucun e-mail trouvé,Aucun RS trouvé,Non trouvé,Non trouvé
https://acollectionhotels.com/fr/our-destinations/%20Oujda/business/Atlas-Terminus-oujda,Aucun e-mail trouvé,Aucun RS trouvé,Non trouvé,Non trouvé
http://www.lescale.ma/,Aucun e-mail trouvé,Aucun RS trouvé,Non trouvé,Non trouvé
https://www.moorishcenter.com/,Aucun e-mail trouvé,"https://www.facebook.com/p/Moorish-center-Marrakesh-61553937665031, https://www.instagram.com/moorishcentermarrakesh",212 637 811,Non trouvé
http://brigspa.com/,Aucun e-mail trouvé,Aucun RS trouvé,Non trouvé,Non trouvé
https://www.riadmayfez.com/,Aucun e-mail trouvé,Aucun RS trouvé,Non trouvé,Non trouvé
https://thehorizon-house.com/,Aucun e-mail trouvé,"https://www.instagram.com/thehorizonsurfandyoga/, https://www.facebook.com/thehorizonsurfhouse",Non trouvé,Non trouvé
http://www.yosparabat.com/,Aucun e-mail trouvé,Aucun RS trouvé,Non trouvé,Non trouvé
http://www.zonefightgym.ma/,Aucun e-mail trouvé,Aucun RS trouvé,Non trouvé,Non trouvé
http://www.oneloft.fr/,contact@oneloft.fr,Aucun RS trouvé,Non trouvé,Non trouvé
https://www.hotel-bb.com/fr/hotel/agen?utm_source=googlemaps&utm_medium=fichehotel&utm_campaign=yext,"bb_4320@hotelbb.com, privacy.france@hotelbb.com",Aucun RS trouvé,902 023 120 / 900 533 147,Non trouvé
https://www.adagio-city.com/8361?utm_source=googleMaps&utm_medium=seoMaps&utm_campaign=seoMaps&y_source=1_MTUzNTkyODctNzE1LWxvY2F0aW9uLndlYnNpdGU%3D,Aucun e-mail trouvé,Aucun RS trouvé,156377200 / 156377201,Non trouvé
https://www.garden-city.fr/fr/marcy.html,Aucun e-mail trouvé,"https://www.instagram.com/gardencity_appart.hotels/, https://www.facebook.com/gardencityapparthotels/",Non trouvé,Non trouvé
http://www.greoux.fr/,Aucun e-mail trouvé,Aucun RS trouvé,Non trouvé,Non trouvé
https://www.hotel-bb.com/fr/hotel/beaune-sud-2?utm_source=googlemaps&utm_medium=fichehotel&utm_campaign=yext,"bb_0376@hotelbb.com, privacy.france@hotelbb.com",Aucun RS trouvé,902 023 120 / 900 533 147,Non trouvé
https://www.hotel-bb.com/fr/hotel/bordeaux-sud?utm_source=googlemaps&utm_medium=fichehotel&utm_campaign=yext,"bb_0492@hotelbb.com, privacy.france@hotelbb.com",Aucun RS trouvé,902 023 120 / 900 533 147,Non trouvé
https://www.hotel-bb.com/fr/hotel/carcassonne-rocadest?utm_source=googlemaps&utm_medium=fichehotel&utm_campaign=yext,"bb_4853@hotelbb.com, privacy.france@hotelbb.com",Aucun RS trouvé,902 023 120 / 900 533 147,Non trouvé
https://www.hotel-bb.com/fr/hotel/honfleur?utm_source=googlemaps&utm_medium=fichehotel&utm_campaign=yext,"bb_4335@hotelbb.com, privacy.france@hotelbb.com",Aucun RS trouvé,902 023 120 / 900 533 147,Non trouvé
https://www.hotel-bb.com/fr/hotel/marseille-l-estaque?utm_source=googlemaps&utm_medium=fichehotel&utm_campaign=yext,"bb_0572@hotelbb.com, privacy.france@hotelbb.com",Aucun RS trouvé,902 023 120 / 900 533 147,Non trouvé
https://www.hotel-bb.com/fr/hotel/paris-nord-gonesse-parc-des-expos?utm_source=googlemaps&utm_medium=fichehotel&utm_campaign=yext,"bb_4752@hotelbb.com, privacy.france@hotelbb.com",Aucun RS trouvé,902 023 120 / 900 533 147,Non trouvé
https://www.hotel-bb.com/fr/hotel/strasbourg-sud-geispolsheim?utm_source=googlemaps&utm_medium=fichehotel&utm_campaign=yext,"bb_4129@hotelbb.com, privacy.france@hotelbb.com",Aucun RS trouvé,902 023 120 / 900 533 147,Non trouvé
https://www.hotel-bb.com/fr/hotel/toulouse-basso-cambo?utm_source=googlemaps&utm_medium=fichehotel&utm_campaign=yext,"bb_4513@hotelbb.com, privacy.france@hotelbb.com",Aucun RS trouvé,902 023 120 / 900 533 147,Non trouvé
https://www.hotel-bb.com/fr/hotel/toulouse-cite-de-l-espace?utm_source=googlemaps&utm_medium=fichehotel&utm_campaign=yext,"bb_4168@hotelbb.com, privacy.france@hotelbb.com",Aucun RS trouvé,902 023 120 / 900 533 147,Non trouvé
http://belfort-centre.brithotel.fr/,"belfort-centre@brithotel.fr, info@brithotel.fr","https://www.facebook.com/brithotel.officiel/, https://www.instagram.com/brit_hotel/",494 643 281 / 483 356 481 / 408 893 063,Non trouvé
https://hotel-lannion-centre-gare.brithotel.fr/?utm_source=google&utm_medium=seo&utm_campaign=gmb,lannioncentre@brithotel.fr,"https://www.facebook.com/brithotel.officiel/, https://www.instagram.com/brit_hotel/",Non trouvé,Non trouvé
https://hotel-strasbourg.brithotel.fr/?utm_source=google&utm_medium=seo&utm_campaign=gmb,strasbourg-lodge@brithotel.fr,"https://www.facebook.com/brithotel.officiel/, https://www.instagram.com/brit_hotel/",Non trouvé,Non trouvé
https://www.zenitude-hotel-residences.com/residences/divonne-les-bains-la-versoix-geneve/,"dlv0101@zenitude-groupe.com, dop0101@zenitude-groupe.com, dic0101@zenitude-groupe.com, fvc0101@zenitude-groupe.com, alm0101@zenitude-groupe.com, mnm0101@zenitude-groupe.com, mnc0101@zenitude-groupe.com, lca0101@zenitude-groupe.com, ncpzs0101@zenitude-groupe.com, box1010@zenitude-groupe.com, bth1010@zenitude-groupe.com, nnc0101@zenitude-groupe.com, ccn0101@zenitude-groupe.com, apt0101@zenitude-groupe.com, msc0101@zenitude-groupe.com, mpp0101@zenitude-groupe.com, dnnzs0101@zenitude-groupe.com, plrzs0101@zenitude-groupe.com, prgzs0101@zenitude-groupe.com, bhc0101@zenitude-groupe.com, blc0101@zenitude-groupe.com, nic0101@zenitude-groupe.com, jlv0101@zenitude-groupe.com, tpe0101@zenitude-groupe.com, tme0101@zenitude-groupe.com, tlszs0101@zenitude-groupe.com, bda0101@zenitude-groupe.com, bdb0101@zenitude-groupe.com, aba0101@zenitude-groupe.com, bdxzs0101@zenitude-groupe.com, bzc0101@zenitude-groupe.com, brzzs0101@zenitude-groupe.com, smlzs0101@zenitude-groupe.com, bgjzs0101@zenitude-groupe.com, idazs0101@zenitude-groupe.com, vftzs0101@zenitude-groupe.com, voizs0101@zenitude-groupe.com, mdmzs0101@zenitude-groupe.com, spdzs0101@zenitude-groupe.com, ste0101@zenitude-groupe.com, nlb0101@zenitude-groupe.com, nme0101@zenitude-groupe.com, stn0101@zenitude-groupe.com, olvzs0101@zenitude-groupe.com, chlzs0101@zenitude-groupe.com, smrzs0101@zenitude-groupe.com, cbdzs0101@zenitude-groupe.com, rlczs0101@zenitude-groupe.com, rstzs0101@zenitude-groupe.com, sbtzs0101@zenitude-groupe.com, lxuzs0101@zenitude-groupe.com, nclzs0101@zenitude-groupe.com, plmzs0101@zenitude-groupe.com, qbrzs0101@zenitude-groupe.com, vlczs0101@zenitude-groupe.com, cmfzs0101@zenitude-groupe.com, pauzs0101@zenitude-groupe.com, loa0101@zenitude-groupe.com, lol0101@zenitude-groupe.com, ppgzs0101@zenitude-groupe.com, mpa0101@zenitude-groupe.com, lmb1010@zenitude-groupe.com, clnzs0101@zenitude-groupe.com, lms0101@zenitude-groupe.com, cbrzs0101@zenitude-groupe.com, etl0101@zenitude-groupe.com, acy0101@zenitude-groupe.com, lha0101@zenitude-groupe.com, lhvzs0101@zenitude-groupe.com, ronzs0101@zenitude-groupe.com, brbzs0101@zenitude-groupe.com, csyzs0101@zenitude-groupe.com, muxzs0101@zenitude-groupe.com, mclzs0101@zenitude-groupe.com, myv0101@zenitude-groupe.com, sce0101@zenitude-groupe.com, ftm0101@zenitude-groupe.com, sfp0101@zenitude-groupe.com, lmgzs0101@zenitude-groupe.com, mrgzs0101@zenitude-groupe.com, clrzs0101@zenitude-groupe.com, pcg0101@zenitude-groupe.com, rrv0101@zenitude-groupe.com, gls0101@zenitude-groupe.com, romain.boillon@zenitude-groupe.com, dpo@zenitude-groupe.com, contact@zenitude-groupe.com, mutzig@zenitude-groupe.com, salako@zenitude-groupe.com, lvhzs0101@zenitude-groupe.com, msyzs0101@zenitude-groupe.com","https://www.facebook.com/ZenitudeHotelResidences, https://www.instagram.com/zenitudehotel/, https://www.facebook.com/ZenitudeHotelResidences/",520 816 486 / 828 982 595 / 524 857 455 / 524857455 / 807 706 197 / 518 068 481 / 518068481 / 803 183 326 / 803183326 / 791 798 077 / 791798077 / 792 247 546 / 792247546 / 851 420 802 / 791 761 000 / 791761000 / 829 101 716 / 152 652 800 / 981 526 528 / 879 078 700 / 898 790 787 / 938 285 228 / 819 394 701 / 523 954 014 / 523954014 / 825 258 254 / 829 064 559 / 841 957 061 / 841957061 / 938290014 / 995 588 700 / 979 955 887 / 879 083 700 / 898 790 837 / 783 861 100 / 897 838 611 / 817 818 412 / 812 192 102 / 819 250 390,520 816 489 00030 / 803 130 087 00015 / 898 522 164 00034 / 93832807700012 / 882 186 844 00016 / 828 271 213 00013 / 93829017800020 / 93829164800013 / 93829016000010 / 850 112 020 00019 / 890 904 105 00024 / 93829000400010 / 93450400200023 / 93829536700024 / 93828726500020 / 93829548200013 / 93829556500023 / 93829545800013 / 93829001200013 / 851 420 125 00029 / 949 493 746 00018 / 898 790 902 00024 / 93829562300012 / 898 851 118 00015 / 898 522 149 00019 / 898 224 738 00010 / 93829014500029 / 93832763200015 / 851 420 430 00023 / 883 359 846 00010 / 93829153100011 / 880 928 957 00013 / 824 412 688 00023 / 93828815600012 / 93829518500012 / 93409268500023 / 93833070100013 / 93835305900018 / 879 993 699 00013 / 93833064400023 / 93828309000018 / 93832770700015 / 93829533400016 / 93829011100021 / 93829007900020 / 93828900600026 / 93828901400020 / 93828897400018 / 93828274600016 / 895 396 273 00032 / 93829005300017 / 93832808500015 / 93833643500012 / 93828889100022 / 93833583300027 / 851 420 539 00021 / 93828609300019 / 93829004600029 / 93828895800011 / 93835400800014 / 820 738 615 00013 / 820 911 113 00026 / 821 203 890 00016
https://www.zenitude-hotel-residences.com/residences/divonne-les-bains-loree-du-parc-geneve/,"dop0101@zenitude-groupe.com, dlv0101@zenitude-groupe.com, dic0101@zenitude-groupe.com, fvc0101@zenitude-groupe.com, alm0101@zenitude-groupe.com, mnm0101@zenitude-groupe.com, mnc0101@zenitude-groupe.com, lca0101@zenitude-groupe.com, ncpzs0101@zenitude-groupe.com, box1010@zenitude-groupe.com, bth1010@zenitude-groupe.com, nnc0101@zenitude-groupe.com, ccn0101@zenitude-groupe.com, apt0101@zenitude-groupe.com, msc0101@zenitude-groupe.com, mpp0101@zenitude-groupe.com, dnnzs0101@zenitude-groupe.com, plrzs0101@zenitude-groupe.com, prgzs0101@zenitude-groupe.com, bhc0101@zenitude-groupe.com, blc0101@zenitude-groupe.com, nic0101@zenitude-groupe.com, jlv0101@zenitude-groupe.com, tpe0101@zenitude-groupe.com, tme0101@zenitude-groupe.com, tlszs0101@zenitude-groupe.com, bda0101@zenitude-groupe.com, bdb0101@zenitude-groupe.com, aba0101@zenitude-groupe.com, bdxzs0101@zenitude-groupe.com, bzc0101@zenitude-groupe.com, brzzs0101@zenitude-groupe.com, smlzs0101@zenitude-groupe.com, bgjzs0101@zenitude-groupe.com, idazs0101@zenitude-groupe.com, vftzs0101@zenitude-groupe.com, voizs0101@zenitude-groupe.com, mdmzs0101@zenitude-groupe.com, spdzs0101@zenitude-groupe.com, ste0101@zenitude-groupe.com, nlb0101@zenitude-groupe.com, nme0101@zenitude-groupe.com, stn0101@zenitude-groupe.com, olvzs0101@zenitude-groupe.com, chlzs0101@zenitude-groupe.com, smrzs0101@zenitude-groupe.com, cbdzs0101@zenitude-groupe.com, rlczs0101@zenitude-groupe.com, rstzs0101@zenitude-groupe.com, sbtzs0101@zenitude-groupe.com, lxuzs0101@zenitude-groupe.com, nclzs0101@zenitude-groupe.com, plmzs0101@zenitude-groupe.com, qbrzs0101@zenitude-groupe.com, vlczs0101@zenitude-groupe.com, cmfzs0101@zenitude-groupe.com, pauzs0101@zenitude-groupe.com, loa0101@zenitude-groupe.com, lol0101@zenitude-groupe.com, ppgzs0101@zenitude-groupe.com, mpa0101@zenitude-groupe.com, lmb1010@zenitude-groupe.com, clnzs0101@zenitude-groupe.com, lms0101@zenitude-groupe.com, cbrzs0101@zenitude-groupe.com, etl0101@zenitude-groupe.com, acy0101@zenitude-groupe.com, lha0101@zenitude-groupe.com, lhvzs0101@zenitude-groupe.com, ronzs0101@zenitude-groupe.com, brbzs0101@zenitude-groupe.com, csyzs0101@zenitude-groupe.com, muxzs0101@zenitude-groupe.com, mclzs0101@zenitude-groupe.com, myv0101@zenitude-groupe.com, sce0101@zenitude-groupe.com, ftm0101@zenitude-groupe.com, sfp0101@zenitude-groupe.com, lmgzs0101@zenitude-groupe.com, mrgzs0101@zenitude-groupe.com, clrzs0101@zenitude-groupe.com, pcg0101@zenitude-groupe.com, rrv0101@zenitude-groupe.com, gls0101@zenitude-groupe.com, romain.boillon@zenitude-groupe.com, dpo@zenitude-groupe.com, contact@zenitude-groupe.com, mutzig@zenitude-groupe.com, salako@zenitude-groupe.com, lvhzs0101@zenitude-groupe.com, msyzs0101@zenitude-groupe.com","https://www.facebook.com/ZenitudeHotelResidences, https://www.instagram.com/zenitudehotel/, https://www.facebook.com/ZenitudeHotelResidences/",520 816 486 / 828 982 595 / 524 857 455 / 524857455 / 807 706 197 / 518 068 481 / 518068481 / 803 183 326 / 803183326 / 791 798 077 / 791798077 / 792 247 546 / 792247546 / 851 420 802 / 791 761 000 / 791761000 / 829 101 716 / 152 652 800 / 981 526 528 / 879 078 700 / 898 790 787 / 938 285 228 / 819 394 701 / 523 954 014 / 523954014 / 825 258 254 / 829 064 559 / 841 957 061 / 841957061 / 938290014 / 995 588 700 / 979 955 887 / 879 083 700 / 898 790 837 / 783 861 100 / 897 838 611 / 817 818 412 / 812 192 102 / 819 250 390,520 816 489 00030 / 803 130 087 00015 / 898 522 164 00034 / 93832807700012 / 882 186 844 00016 / 828 271 213 00013 / 93829017800020 / 93829164800013 / 93829016000010 / 850 112 020 00019 / 890 904 105 00024 / 93829000400010 / 93450400200023 / 93829536700024 / 93828726500020 / 93829548200013 / 93829556500023 / 93829545800013 / 93829001200013 / 851 420 125 00029 / 949 493 746 00018 / 898 790 902 00024 / 93829562300012 / 898 851 118 00015 / 898 522 149 00019 / 898 224 738 00010 / 93829014500029 / 93832763200015 / 851 420 430 00023 / 883 359 846 00010 / 93829153100011 / 880 928 957 00013 / 824 412 688 00023 / 93828815600012 / 93829518500012 / 93409268500023 / 93833070100013 / 93835305900018 / 879 993 699 00013 / 93833064400023 / 93828309000018 / 93832770700015 / 93829533400016 / 93829011100021 / 93829007900020 / 93828900600026 / 93828901400020 / 93828897400018 / 93828274600016 / 895 396 273 00032 / 93829005300017 / 93832808500015 / 93833643500012 / 93828889100022 / 93833583300027 / 851 420 539 00021 / 93828609300019 / 93829004600029 / 93828895800011 / 93835400800014 / 820 738 615 00013 / 820 911 113 00026 / 821 203 890 00016
https://hotel-vichy.brithotel.fr/?utm_source=google&utm_medium=seo&utm_campaign=gmb,vichy@brithotel.fr,"https://www.facebook.com/brithotel.officiel/, https://www.instagram.com/brit_hotel/",Non trouvé,Non trouvé
http://www.hotel-sableetsoleil.com/,contact@frejushotel.fr,https://www.instagram.com/hotelsableetsoleil_?igsh=Zmc1cWxhZWk3bmEz&#038;utm_source=qr,Non trouvé,Non trouvé
https://all.accor.com/lien_externe.svlt?goto=fiche_hotel&code_hotel=2524&merchantid=seo-maps-FR-2524&sourceid=aw-cen&utm_medium=seo%20maps&utm_source=google%20Maps&utm_campaign=seo%20maps,"h2524@accor.com, thalassa@accor-customercare.com","https://www.facebook.com/ALL/, https://www.instagram.com/all.accor",602 036 444,503 938 110 00015
https://all.accor.com/lien_externe.svlt?goto=fiche_hotel&code_hotel=6518&merchantid=seo-maps-FR-6518&sourceid=aw-cen&utm_medium=seo%20maps&utm_source=google%20Maps&utm_campaign=seo%20maps,"H6518@accor.com, thalassa@accor-customercare.com","https://www.facebook.com/ALL/, https://www.instagram.com/all.accor",602 036 444,503 938 110 00015
https://all.accor.com/lien_externe.svlt?goto=fiche_hotel&code_hotel=5446&merchantid=seo-maps-FR-5446&sourceid=aw-cen&utm_medium=seo+maps&utm_source=google+Maps&utm_campaign=seo+maps&y_source=1_MTUzNTkyNjYtNzE1LWxvY2F0aW9uLndlYnNpdGU=,"h5446@accor.com, thalassa@accor-customercare.com","https://www.facebook.com/ALL/, https://www.instagram.com/all.accor",602 036 444,503 938 110 00015
https://www.hotel-inn-montargis.fr/,contact@hotel-inn.fr,"https://www.facebook.com/hotelinndesignrestonovofrance/, https://www.instagram.com/hotel_inn_france/ ",Non trouvé,Non trouvé
http://www.lacroixdesbois.fr/,Aucun e-mail trouvé,Aucun RS trouvé,Non trouvé,Non trouvé
https://hotel-restaurant-moderne-bellavi.frenchtravelescape.top/,Aucun e-mail trouvé,Aucun RS trouvé,Non trouvé,Non trouvé
https://all.accor.com/lien_externe.svlt?goto=fiche_hotel&code_hotel=2488&merchantid=seo-maps-FR-2488&sourceid=aw-cen&utm_medium=seo%20maps&utm_source=google%20Maps&utm_campaign=seo%20maps,"H2488@accor.com, thalassa@accor-customercare.com","https://www.facebook.com/ALL/, https://www.instagram.com/all.accor",602 036 444,503 938 110 00015
https://lasymphoniedesmains.systeme.io/instagram-lsdm,Aucun e-mail trouvé,Aucun RS trouvé,Non trouvé,Non trouvé
https://www.nemea-appart-hotel.com/france/ile-de-france/yvelines/velizy-villacoublay/europe-velizy-villacoublay-15?utm_source=annuaire&utm_medium=seo&utm_campaign=seo-local&utm_content=gmb,Aucun e-mail trouvé,"https://www.facebook.com/Residences.Nemea, https://www.instagram.com/nemea_appart_hotel/",Non trouvé,Non trouvé
https://www.nemea-appart-hotel.com/france/paca/alpes-maritimes/biot-sophia-antipolis/green-side-biot-sophia-antipolis-5?utm_source=annuaire&utm_medium=seo&utm_campaign=seo-local&utm_content=gmb,Aucun e-mail trouvé,"https://www.facebook.com/Residences.Nemea, https://www.instagram.com/nemea_appart_hotel/",Non trouvé,Non trouvé
https://www.nemea-appart-hotel.com/france/centre/indre-et-loire/tours/quai-victor-tours-centre-7?utm_source=annuaire&utm_medium=seo&utm_campaign=seo-local&utm_content=gmb,Aucun e-mail trouvé,"https://www.facebook.com/Residences.Nemea, https://www.instagram.com/nemea_appart_hotel/",Non trouvé,Non trouvé
https://www.nemea-appart-hotel.com/france/paca/alpes-maritimes/nice/riviera-nice-aeroport-11?utm_source=annuaire&utm_medium=seo&utm_campaign=seo-local&utm_content=gmb,Aucun e-mail trouvé,"https://www.facebook.com/Residences.Nemea, https://www.instagram.com/nemea_appart_hotel/",Non trouvé,Non trouvé
https://www.nemea-appart-hotel.com/residence/france/midi-pyrenees/haute-garonne/toulouse/residence-toulouse-concorde-152.html?utm_source=annuaire&utm_medium=seo&utm_campaign=seo-local&utm_content=gmb,Aucun e-mail trouvé,"https://www.facebook.com/Residences.Nemea, https://www.instagram.com/nemea_appart_hotel/",Non trouvé,Non trouvé
https://www.laresidenceduparc.fr/,Aucun e-mail trouvé,https://www.facebook.com/laresidenceduparcvaldeurope,431 513 852,40192608400021
https://www.radissonhotels.com/en-us/hotels/radisson-cannes-seaside?cid=a:se+b:gmb+c:emea+i:local+e:rad+d:+f:en-US+h:FRCEQAAA,Aucun e-mail trouvé,Aucun RS trouvé,Non trouvé,Non trouvé
https://ruthenium-hotel.fr/,Aucun e-mail trouvé,Aucun RS trouvé,794034538,Non trouvé
https://www.hotelsalviaparis.com/,Aucun e-mail trouvé,https://www.instagram.com/salvia_hotel_paris/,Non trouvé,Non trouvé
https://www.bestwestern.fr/fr/hotel-Port-Jerome-Sur-Seine-Sure-Hotel-by-Best-Western-Port-Jerome---Le-Havre-93878,Aucun e-mail trouvé,"https://www.instagram.com/bestwesternfrance/?hl=fr, https://www.facebook.com/BestWesternFR/, https://www.instagram.com/bestwesternfrance/",Non trouvé,Non trouvé
https://www.zenitude-hotel-residences.com/,"dlv0101@zenitude-groupe.com, dop0101@zenitude-groupe.com, dic0101@zenitude-groupe.com, fvc0101@zenitude-groupe.com, alm0101@zenitude-groupe.com, mnm0101@zenitude-groupe.com, mnc0101@zenitude-groupe.com, lca0101@zenitude-groupe.com, ncpzs0101@zenitude-groupe.com, box1010@zenitude-groupe.com, bth1010@zenitude-groupe.com, nnc0101@zenitude-groupe.com, ccn0101@zenitude-groupe.com, apt0101@zenitude-groupe.com, msc0101@zenitude-groupe.com, mpp0101@zenitude-groupe.com, dnnzs0101@zenitude-groupe.com, plrzs0101@zenitude-groupe.com, prgzs0101@zenitude-groupe.com, bhc0101@zenitude-groupe.com, blc0101@zenitude-groupe.com, nic0101@zenitude-groupe.com, jlv0101@zenitude-groupe.com, tpe0101@zenitude-groupe.com, tme0101@zenitude-groupe.com, tlszs0101@zenitude-groupe.com, bda0101@zenitude-groupe.com, bdb0101@zenitude-groupe.com, aba0101@zenitude-groupe.com, bdxzs0101@zenitude-groupe.com, bzc0101@zenitude-groupe.com, brzzs0101@zenitude-groupe.com, smlzs0101@zenitude-groupe.com, bgjzs0101@zenitude-groupe.com, idazs0101@zenitude-groupe.com, vftzs0101@zenitude-groupe.com, voizs0101@zenitude-groupe.com, mdmzs0101@zenitude-groupe.com, spdzs0101@zenitude-groupe.com, ste0101@zenitude-groupe.com, nlb0101@zenitude-groupe.com, nme0101@zenitude-groupe.com, stn0101@zenitude-groupe.com, olvzs0101@zenitude-groupe.com, chlzs0101@zenitude-groupe.com, smrzs0101@zenitude-groupe.com, cbdzs0101@zenitude-groupe.com, rlczs0101@zenitude-groupe.com, rstzs0101@zenitude-groupe.com, sbtzs0101@zenitude-groupe.com, lxuzs0101@zenitude-groupe.com, nclzs0101@zenitude-groupe.com, plmzs0101@zenitude-groupe.com, qbrzs0101@zenitude-groupe.com, vlczs0101@zenitude-groupe.com, cmfzs0101@zenitude-groupe.com, pauzs0101@zenitude-groupe.com, loa0101@zenitude-groupe.com, lol0101@zenitude-groupe.com, ppgzs0101@zenitude-groupe.com, mpa0101@zenitude-groupe.com, lmb1010@zenitude-groupe.com, clnzs0101@zenitude-groupe.com, lms0101@zenitude-groupe.com, cbrzs0101@zenitude-groupe.com, etl0101@zenitude-groupe.com, acy0101@zenitude-groupe.com, lha0101@zenitude-groupe.com, lhvzs0101@zenitude-groupe.com, ronzs0101@zenitude-groupe.com, brbzs0101@zenitude-groupe.com, csyzs0101@zenitude-groupe.com, muxzs0101@zenitude-groupe.com, mclzs0101@zenitude-groupe.com, myv0101@zenitude-groupe.com, sce0101@zenitude-groupe.com, ftm0101@zenitude-groupe.com, sfp0101@zenitude-groupe.com, lmgzs0101@zenitude-groupe.com, mrgzs0101@zenitude-groupe.com, clrzs0101@zenitude-groupe.com, pcg0101@zenitude-groupe.com, rrv0101@zenitude-groupe.com, gls0101@zenitude-groupe.com, romain.boillon@zenitude-groupe.com, dpo@zenitude-groupe.com, contact@zenitude-groupe.com, mutzig@zenitude-groupe.com, salako@zenitude-groupe.com, lvhzs0101@zenitude-groupe.com, msyzs0101@zenitude-groupe.com","https://www.facebook.com/ZenitudeHotelResidences/, https://www.instagram.com/zenitudehotel/",520 816 486 / 828 982 595 / 524 857 455 / 524857455 / 807 706 197 / 518 068 481 / 518068481 / 803 183 326 / 803183326 / 791 798 077 / 791798077 / 792 247 546 / 792247546 / 851 420 802 / 791 761 000 / 791761000 / 829 101 716 / 152 652 800 / 981 526 528 / 879 078 700 / 898 790 787 / 938 285 228 / 819 394 701 / 523 954 014 / 523954014 / 825 258 254 / 829 064 559 / 841 957 061 / 841957061 / 938290014 / 995 588 700 / 979 955 887 / 879 083 700 / 898 790 837 / 783 861 100 / 897 838 611 / 817 818 412 / 812 192 102 / 819 250 390,520 816 489 00030 / 803 130 087 00015 / 898 522 164 00034 / 93832807700012 / 882 186 844 00016 / 828 271 213 00013 / 93829017800020 / 93829164800013 / 93829016000010 / 850 112 020 00019 / 890 904 105 00024 / 93829000400010 / 93450400200023 / 93829536700024 / 93828726500020 / 93829548200013 / 93829556500023 / 93829545800013 / 93829001200013 / 851 420 125 00029 / 949 493 746 00018 / 898 790 902 00024 / 93829562300012 / 898 851 118 00015 / 898 522 149 00019 / 898 224 738 00010 / 93829014500029 / 93832763200015 / 851 420 430 00023 / 883 359 846 00010 / 93829153100011 / 880 928 957 00013 / 824 412 688 00023 / 93828815600012 / 93829518500012 / 93409268500023 / 93833070100013 / 93835305900018 / 879 993 699 00013 / 93833064400023 / 93828309000018 / 93832770700015 / 93829533400016 / 93829011100021 / 93829007900020 / 93828900600026 / 93828901400020 / 93828897400018 / 93828274600016 / 895 396 273 00032 / 93829005300017 / 93832808500015 / 93833643500012 / 93828889100022 / 93833583300027 / 851 420 539 00021 / 93828609300019 / 93829004600029 / 93828895800011 / 93835400800014 / 820 738 615 00013 / 820 911 113 00026 / 821 203 890 00016
https://www.adagio-city.com/8984?utm_source=googleMaps&utm_medium=seoMaps&utm_campaign=seoMaps&y_source=1_MTUzNTkyODctNzE1LWxvY2F0aW9uLndlYnNpdGU%3D,Aucun e-mail trouvé,Aucun RS trouvé,156064400 / 156064401,Non trouvé
https://www.lagrange-aparthotel.com/lyon,"lyon@groupe-lagrange.com, service.web@groupe-lagrange.com","https://www.instagram.com/lagrange_lyon_lumiere/, https://www.facebook.com/lagrangelyonlumiere/",431 513 852,443 377 585 00239 / 49110606800043
https://www.adagio-city.com/http?utm_source=googleMaps&utm_medium=seoMaps&utm_campaign=seoMaps&y_source=1_MTUzNTkyODctNzE1LWxvY2F0aW9uLndlYnNpdGU%3D,Aucun e-mail trouvé,Aucun RS trouvé,Non trouvé,Non trouvé
https://all.accor.com/lien_externe.svlt?goto=fiche_hotel&code_hotel=9121&merchantid=seo-maps-FR-9121&sourceid=aw-cen&utm_medium=seo%20maps&utm_source=google%20Maps&utm_campaign=seo%20maps,"h9121@accor.com, thalassa@accor-customercare.com","https://www.facebook.com/ALL/, https://www.instagram.com/all.accor",602 036 444,503 938 110 00015
https://www.nemea-appart-hotel.com/france/midi-pyrenees/haute-garonne/toulouse/toulouse-aeroport-14?utm_source=annuaire&utm_medium=seo&utm_campaign=seo-local&utm_content=gmb,Aucun e-mail trouvé,"https://www.facebook.com/Residences.Nemea, https://www.instagram.com/nemea_appart_hotel/",Non trouvé,Non trouvé
https://www.apparthotel-quimper.com/,Aucun e-mail trouvé,"https://www.facebook.com/terres.de.france.resort/, https://www.instagram.com/terres.de.france/",Non trouvé,501 445 043 00059
https://www.apparthotel-brest.com/,Aucun e-mail trouvé,"https://www.facebook.com/terres.de.france.resort, https://www.instagram.com/terres.de.france/",Non trouvé,838 538 221 00022 / 510 909 807 00032
https://www.hotel-bb.com/fr/hotel/dieppe?utm_source=googlemaps&utm_medium=fichehotel&utm_campaign=yext,"bb_4354@hotelbb.com, privacy.france@hotelbb.com",Aucun RS trouvé,902 023 120 / 900 533 147,Non trouvé
https://www.les4sources.com/,Aucun e-mail trouvé,Aucun RS trouvé,923227374,Non trouvé
https://all.accor.com/lien_externe.svlt?goto=fiche_hotel&code_hotel=2365&merchantid=seo-maps-FR-2365&sourceid=aw-cen&utm_medium=seo%20maps&utm_source=google%20Maps&utm_campaign=seo%20maps,"H2365-re@accor.com, thalassa@accor-customercare.com","https://www.facebook.com/ALL/, https://www.instagram.com/all.accor",602 036 444,503 938 110 00015
https://www.nemea-appart-hotel.com/france/lorraine/meurthe-et-moselle/nancy/home-suite-nancy-centre-10?utm_source=annuaire&utm_medium=seo&utm_campaign=seo-local&utm_content=gmb,Aucun e-mail trouvé,"https://www.facebook.com/Residences.Nemea, https://www.instagram.com/nemea_appart_hotel/",Non trouvé,Non trouvé
https://www.hotel-bb.com/fr/hotel/chartres-oceane?utm_source=googlemaps&utm_medium=fichehotel&utm_campaign=yext,"bb_4608@hotelbb.com, privacy.france@hotelbb.com",Aucun RS trouvé,902 023 120 / 900 533 147,Non trouvé
https://www.adagio-city.com/9296?utm_source=googleMaps&utm_medium=seoMaps&utm_campaign=seoMaps&y_source=1_MTUzNTkyODctNzE1LWxvY2F0aW9uLndlYnNpdGU%3D,Aucun e-mail trouvé,Aucun RS trouvé,146526780 / 146526781,Non trouvé
https://www.hotel-bb.com/fr/hotel/thionville-centre-gare?utm_source=googlemaps&utm_medium=fichehotel&utm_campaign=yext,"bb_4640@hotelbb.com, privacy.france@hotelbb.com",Aucun RS trouvé,902 023 120 / 900 533 147,Non trouvé
https://www.eklohotels.com/fr/le-havre,Aucun e-mail trouvé,https://www.instagram.com/eklo.officiel/,Non trouvé,Non trouvé
https://www.adagio-city.com/9138?utm_source=googleMaps&utm_medium=seoMaps&utm_campaign=seoMaps&y_source=1_MTUzNTkyODctNzE1LWxvY2F0aW9uLndlYnNpdGU%3D,Aucun e-mail trouvé,Aucun RS trouvé,497078200 / 497078201,Non trouvé
https://all.accor.com/lien_externe.svlt?goto=fiche_hotel&code_hotel=2367&merchantid=seo-maps-FR-2367&sourceid=aw-cen&utm_medium=seo%20maps&utm_source=google%20Maps&utm_campaign=seo%20maps,"H2367@accor.com, thalassa@accor-customercare.com","https://www.facebook.com/ALL/, https://www.instagram.com/all.accor",602 036 444,503 938 110 00015
https://all.accor.com/lien_externe.svlt?goto=fiche_hotel&code_hotel=2439&merchantid=seo-maps-FR-2439&sourceid=aw-cen&utm_medium=seo%20maps&utm_source=google%20Maps&utm_campaign=seo%20maps,"H2439@accor.com, thalassa@accor-customercare.com","https://www.facebook.com/ALL/, https://www.instagram.com/all.accor",602 036 444,503 938 110 00015
https://www.hotel-bb.com/fr/hotel/deauville-touques?utm_source=googlemaps&utm_medium=fichehotel&utm_campaign=yext,"bb_4788@hotelbb.com, privacy.france@hotelbb.com",Aucun RS trouvé,902 023 120 / 900 533 147,Non trouvé
https://www.hotel-bb.com/fr/hotel/les-herbiers?utm_source=googlemaps&utm_medium=fichehotel&utm_campaign=yext,"bb_4616@hotelbb.com, privacy.france@hotelbb.com",Aucun RS trouvé,902 023 120 / 900 533 147,Non trouvé
https://domaine-boccadifeno.com/,contact@domaine-boccadifeno.com,Aucun RS trouvé,Non trouvé,32087981000036 / 424 761 419 00045
http://www.a-trama.com/,Aucun e-mail trouvé,Aucun RS trouvé,Non trouvé,42265498800043 / 42476141900011
https://www.lagrange-aparthotel.com/la-rochelle,"larochelle@groupe-lagrange.com, service.web@groupe-lagrange.com","https://www.instagram.com/lagrange_la_rochelle/, https://www.facebook.com/lagrangelarochelleescalemarine/",431 513 852,443 377 585 00239 / 49110606800043
https://all.accor.com/lien_externe.svlt?goto=fiche_hotel&code_hotel=1761&merchantid=seo-maps-FR-1761&sourceid=aw-cen&utm_medium=seo%20maps&utm_source=google%20Maps&utm_campaign=seo%20maps,"h1761@accor.com, thalassa@accor-customercare.com","https://www.facebook.com/ALL/, https://www.instagram.com/all.accor",602 036 444,503 938 110 00015
https://hoteldelagare.top/,Aucun e-mail trouvé,Aucun RS trouvé,Non trouvé,Non trouvé
https://www.adagio-city.com/8367?utm_source=googleMaps&utm_medium=seoMaps&utm_campaign=seoMaps&y_source=1_MTUzNTkyODctNzE1LWxvY2F0aW9uLndlYnNpdGU%3D,Aucun e-mail trouvé,Aucun RS trouvé,145215100 / 145215101,Non trouvé
https://www.bestwestern.fr/fr/hotel-Saint-Amand-Les-Eaux-Sure-Hotel-by-Best-Western-St-Amand-les-Eaux-93891?utm_source=ReferencementLocal&utm_medium=GMB,Aucun e-mail trouvé,"https://www.instagram.com/bestwesternfrance/?hl=fr, https://www.facebook.com/BestWesternFR/, https://www.instagram.com/bestwesternfrance/",Non trouvé,Non trouvé
https://www.adagio-city.com/9297?utm_source=googleMaps&utm_medium=seoMaps&utm_campaign=seoMaps&y_source=1_MTUzNTkyODctNzE1LWxvY2F0aW9uLndlYnNpdGU%3D,Aucun e-mail trouvé,Aucun RS trouvé,146408520 / 147451256,Non trouvé
https://www.adagio-city.com/6788?utm_source=googleMaps&utm_medium=seoMaps&utm_campaign=seoMaps&y_source=1_MTUzNTkyODctNzE1LWxvY2F0aW9uLndlYnNpdGU%3D,Aucun e-mail trouvé,Aucun RS trouvé,156372000 / 156372020,Non trouvé
http://hotel-les-peupliers.fr/,Aucun e-mail trouvé,https://www.facebook.com/ResidenceLesPeupliers,Non trouvé,50335796400017
https://www.adagio-city.com/a0x2?utm_source=googleMaps&utm_medium=seoMaps&utm_campaign=seoMaps&y_source=1_MTUzNTkyODctNzE1LWxvY2F0aW9uLndlYnNpdGU%3D,Aucun e-mail trouvé,Aucun RS trouvé,Non trouvé,Non trouvé
https://www.adagio-city.com/6187?utm_source=googleMaps&utm_medium=seoMaps&utm_campaign=seoMaps&y_source=1_MTUzNTkyODctNzE1LWxvY2F0aW9uLndlYnNpdGU%3D,Aucun e-mail trouvé,Aucun RS trouvé,450056500 / 450056510,Non trouvé
https://hotel-pau-lescar.brithotel.fr/?utm_source=google&utm_medium=seo&utm_campaign=gmb,pau-lescar@brithotel.fr,"https://www.facebook.com/brithotel.officiel/, https://www.instagram.com/brit_hotel/",Non trouvé,Non trouvé
https://all.accor.com/lien_externe.svlt?goto=fiche_hotel&code_hotel=2448&merchantid=seo-maps-FR-2448&sourceid=aw-cen&utm_medium=seo%20maps&utm_source=google%20Maps&utm_campaign=seo%20maps,"H2448@accor.com, thalassa@accor-customercare.com","https://www.facebook.com/ALL/, https://www.instagram.com/all.accor",602 036 444,503 938 110 00015
http://www.residence-lesoleil.com/,Aucun e-mail trouvé,Aucun RS trouvé,Non trouvé,Non trouvé
https://www.hotel-bb.com/fr/hotel/lourdes-centre?utm_source=googlemaps&utm_medium=fichehotel&utm_campaign=yext,"bb_4839@hotelbb.com, privacy.france@hotelbb.com",Aucun RS trouvé,902 023 120 / 900 533 147,Non trouvé
https://www.hotel-bb.com/fr/hotel/calais-centre-saint-pierre?utm_source=googlemaps&utm_medium=fichehotel&utm_campaign=yext,,,,
http://www.residence-allauch.com/,,,,
https://www.lagrange-aparthotel.com/strasbourg,,,,
https://www.lepetit-moulin.com/,,,,
https://www.hotel-lapiscine.com/,,,,
https://www.lachotelle.com/,,,,
http://www.auberge-hotel-saint-genes.fr/,,,,
https://www.adagio-city.com/B2R7?utm_source=googleMaps&utm_medium=seoMaps&utm_campaign=seoMaps&y_source=1_MTUzNTkyODctNzE1LWxvY2F0aW9uLndlYnNpdGU%3D,,,,
http://www.les-fregates.com/,,,,
https://www.fasthotel.com/hotels-pas-cher-region-parisienne/fasthotel-les-ulis,,,,
https://www.hotel-bb.com/fr/hotel/nantes-atlantis-le-zenith?utm_source=googlemaps&utm_medium=fichehotel&utm_campaign=yext,,,,
https://www.hotel-transhumance.fr/,,,,
https://www.adagio-city.com/B2H8?utm_source=googleMaps&utm_medium=seoMaps&utm_campaign=seoMaps&y_source=1_MTUzNTkyODctNzE1LWxvY2F0aW9uLndlYnNpdGU%3D,,,,
https://www.adagio-city.com/8384?utm_source=googleMaps&utm_medium=seoMaps&utm_campaign=seoMaps&y_source=1_MTUzNTkyODctNzE1LWxvY2F0aW9uLndlYnNpdGU%3D,,,,
https://all.accor.com/hotel/2223/index.fr.shtml?dateIn=&nights=&compositions=1&stayplus=false&snu=false#origin=hotelf1,,,,
https://all.accor.com/lien_externe.svlt?goto=fiche_hotel&code_hotel=2303&merchantid=seo-maps-FR-2303&sourceid=aw-cen&utm_medium=seo%20maps&utm_source=google%20Maps&utm_campaign=seo%20maps,,,,
https://www.lagrange-aparthotel.com/antibes,,,,
https://www.holidu.de/d/64068686?ref_source=google_vr&utm_source=google_vr_eb,,,,
http://hotelrestaurantdespyrenees.com/,,,,
https://all.accor.com/lien_externe.svlt?goto=fiche_hotel&code_hotel=6924&merchantid=seo-maps-FR-6924&sourceid=aw-cen&utm_medium=seo%20maps&utm_source=google%20Maps&utm_campaign=seo%20maps,,,,
https://cholet-sud.brithotel.fr/?utm_source=google&utm_medium=seo&utm_campaign=gmb,,,,
https://ploermel.brithotel.fr/?utm_source=google&utm_medium=seo&utm_campaign=gmb,,,,
https://all.accor.com/lien_externe.svlt?goto=fiche_hotel&code_hotel=0395&merchantid=seo-maps-FR-0395&sourceid=aw-cen&utm_medium=seo%20maps&utm_source=google%20Maps&utm_campaign=seo%20maps,,,,
https://anezi-tower.agadirhotels.org/ar/,,,,
https://www.hotellesoliviers.ma/,,,,
http://www.nzahahotel.com/,,,,
https://www.atlasaurahotel.com/,,,,
http://www.amerdoul.com/,,,,
https://www.marriott.com/en-us/hotels/rakea-delta-hotels-marrakech-eden-andalou/overview/?scid=f2ae0541-1279-4f24-b197-a979c79310b0,,,,
https://www.hilton.com/en/hotels/rakeddi-doubletree-ben-guerir-hotel-and-residences/?SEO_id=GMB-EMEA-DI-RAKEDDI,,,,
https://www.marriott.com/en-us/hotels/fezmc-fes-marriott-hotel-jnan-palace/overview/?scid=f2ae0541-1279-4f24-b197-a979c79310b0,,,,
https://www.hivernage-hotel.com/?utm_source=gmb_listing&utm_medium=organic,,,,
https://honorhotel.ma/,,,,
http://www.hotel-aymen.com/,,,,
http://www.hotelbinelouidane.com/,,,,
https://www.barcelo.com/fr-ma/hotel-borj-rabat/?utm_source=google&utm_medium=organic&utm_campaign=my_business&utm_content=45092,,,,
http://www.dareddayahotel.ma/,,,,
http://www.hotelyacouta.com/,,,,
https://hotelgoldenflora.com/,,,,
https://golfdessaouira.com/,,,,
http://www.lesjardinsdelakoutoubia.com/,,,,
https://eb-lesoliviers.com/,,,,
https://hotelboujdour.com/,,,,
http://www.royalmirageinternational.com/,,,,
https://hotelidouanfacasablanca.com/,,,,
https://mgallery.accor.com/hotels/2820?merchantid=seo-maps-MA-2820&sourceid=aw-cen&utm_source=google+Maps&utm_medium=seo+maps&utm_campaign=seo+maps&utm_term=MGallery-Launch,,,,
https://marrakech.nobuhotels.com/?utm_source=google&utm_medium=local&utm_campaign=nobu-hotel-marrakech,,,,
https://ourikacamp.com/,,,,
https://www.palmiershotelclub.space/,,,,
https://rimaquatique.com/,,,,
https://valladolidhostel.com/riad-ennakhil,,,,
https://www.riadvillablanche.com/,,,,
http://royalmirageinternational.com/,,,,
https://hotel.backend.elsahariano.com/en,,,,
http://www.massageagadir.ma/,,,,
https://www.taj-atlas-wellness.com/,,,,
http://www.weedanhotel.com/,,,,
https://www.hotel-bb.com/pt/hotel/leiria?utm_source=googlemaps&utm_medium=fichehotel&utm_campaign=leiria,,,,
https://www.hotel-bb.com/pt/hotel/santo-tirso?utm_source=googlemaps&utm_medium=fichehotel&utm_campaign=santotirso,,,,
http://www.chambery-hotel.fr/,,,,
https://www.odalys-vacances.com/location-campagne/provence-et-luberon/aix-en-provence/aix-en-provence-centre-rotonde-les-floridianes.html?ept-publisher=uska&ept-name=aix-en-provence-aix-en-provence-centre-rotonde-les-floridianes,,,,
https://www.odalys-vacances.com/location-campagne/provence-et-luberon/aix-en-provence/aix-en-provence-ouest.html?ept-publisher=uska&ept-name=aix-en-provence-aix-en-provence-oust,,,,
https://www.odalys-vacances.com/location-mer/cote-d-azur/antibes/olympe.html?ept-publisher=uska&ept-name=antibes-olympe,,,,
http://qua.etr.im/OJab,,,,
https://www.odalys-vacances.com/location-ville/pays-de-la-loire/le-mans/odalys-city-le-mans-centre-palais-des-congres.html?ept-publisher=uska&ept-name=le-mans-centre-palais-des-congres,,,,
https://www.odalys-vacances.com/location-campagne/alsace-lorraine/strasbourg/strasbourg-centre-les-halles.html?ept-publisher=uska&ept-name=strasbourg-strasbourg-centre-les-halles,,,,
https://www.odalys-vacances.com/location-ville/sud-ouest/toulouse/toulouse-blagnac-aeroport.html?ept-publisher=uska&ept-name=toulouse-toulouse-blagnac-aeroport,,,,
https://www.odalys-vacances.com/location-ville/sud-ouest/toulouse/centre-compans-caffarelli.html?ept-publisher=uska&ept-name=toulouse-centre-compans-caffarelli,,,,
https://www.odalys-vacances.com/location-ville/sud-ouest/toulouse/toulouse-centre-gare.html?ept-publisher=uska&ept-name=toulouse-toulouse-centre-gare,,,,
https://www.myresidhome.com/serris/sejours-affaires-rive-gauche/apparthotel-residence-hoteliere.html,,,,
https://www.myresidhome.com/st-genis-pouilly/sejours-affaires-saint-genis/apparthotel-residence-hoteliere.html,,,,
https://www.myresidhome.com/carrieres-sur-seine/residhome-carrieres-la-defense/apparthotel-residence-hoteliere.html,,,,
https://www.myresidhome.com/nantes/residhome-nantes-berges-de-la-loire/apparthotel-residence-hoteliere.html,,,,
https://www.meretgolf.com/mon-sejour/114-appart-hotel-mer-golf-city-bordeaux-bruges.html,,,,
https://www.cerise-hotels-residences.com/cerise-dax-les-jardins-du-lac/,,,,
https://www.belambra.fr/destinations/auvergne-rhone-alpes/club-les-deux-alpes-l-oree-des-pistes-hiver?ept-name=partoo-belambra-gmb&ept-publisher=partoo&utm_campaign=partoo-belambra-gmb&utm_medium=partner&utm_source=partoo,,,,
https://www.belambra.fr/destinations/bretagne/club-morgat-le-grand-hotel-de-la-mer-ete?ept-name=partoo-belambra-gmb&ept-publisher=partoo&utm_campaign=partoo-belambra-gmb&utm_medium=partner&utm_source=partoo,,,,
http://www.lesjardinsdecamelot.com/,,,,
https://www.tourisme-fronsadais.com/hebergement-locatif/la-prevote/,,,,
https://www.pierresjumelles.com/,,,,
https://www.fasthotel-perigueux.com/?utm_source=Google&utm_medium=Mybusiness&utm_campaign=GoogleMyBusiness,,,,
http://www.grandhoteldupalaisroyal.com/,,,,
http://hotel-orleans-angouleme.fr/,,,,
https://hoteldefrance-lillebonne.fr/,,,,
https://millau.campanile.com/fr-fr/?utm_content=partoo&utm_medium=seo-bgp&utm_source=google,,,,
https://sete-nord-balaruc.campanile.com/fr-fr/?utm_content=partoo&utm_medium=seo-bgp&utm_source=google,,,,
http://www.hotel-delacolombiere.com/,,,,
http://www.hotel-lesjacobines.com/,,,,
https://masblanc.popinns.com/?utm_source=GMB+FICHE+&utm_medium=GMB+FICHE+-+MBC&utm_campaign=GMB+FICHE+-+MBC+-+ORGANIQUE,,,,
https://www.pierreetvacances.com/fr-fr/fp_POH_location-hotel-golf-pont-royal,,,,
http://www.hotelestelou.fr/,,,,
http://www.ibis.com/,,,,
https://all.accor.com/lien_externe.svlt?goto=fiche_hotel&code_hotel=3576&merchantid=seo-maps-FR-3576&sourceid=aw-cen&utm_medium=seo%20maps&utm_source=google%20Maps&utm_campaign=seo%20maps,,,,
https://all.accor.com/lien_externe.svlt?goto=fiche_hotel&code_hotel=2554&merchantid=seo-maps-FR-2554&sourceid=aw-cen&utm_medium=seo%20maps&utm_source=google%20Maps&utm_campaign=seo%20maps,,,,
https://all.accor.com/lien_externe.svlt?goto=fiche_hotel&code_hotel=3085&merchantid=seo-maps-FR-3085&sourceid=aw-cen&utm_medium=seo%20maps&utm_source=google%20Maps&utm_campaign=seo%20maps,,,,
https://all.accor.com/lien_externe.svlt?goto=fiche_hotel&code_hotel=3583&merchantid=seo-maps-FR-3583&sourceid=aw-cen&utm_medium=seo%20maps&utm_source=google%20Maps&utm_campaign=seo%20maps,,,,
https://all.accor.com/lien_externe.svlt?goto=fiche_hotel&code_hotel=2557&merchantid=seo-maps-FR-2557&sourceid=aw-cen&utm_medium=seo%20maps&utm_source=google%20Maps&utm_campaign=seo%20maps,,,,
https://all.accor.com/hotel/5047/index.fr.shtml,,,,
https://all.accor.com/lien_externe.svlt?goto=fiche_hotel&code_hotel=2602&merchantid=seo-maps-FR-2602&sourceid=aw-cen&utm_medium=seo%20maps&utm_source=google%20Maps&utm_campaign=seo%20maps,,,,
https://all.accor.com/lien_externe.svlt?goto=fiche_hotel&code_hotel=2583&merchantid=seo-maps-FR-2583&sourceid=aw-cen&utm_medium=seo%20maps&utm_source=google%20Maps&utm_campaign=seo%20maps,,,,
https://all.accor.com/lien_externe.svlt?goto=fiche_hotel&code_hotel=9134&merchantid=seo-maps-FR-9134&sourceid=aw-cen&utm_medium=seo%20maps&utm_source=google%20Maps&utm_campaign=seo%20maps,,,,
https://all.accor.com/lien_externe.svlt?goto=fiche_hotel&code_hotel=0634&merchantid=seo-maps-FR-0634&sourceid=aw-cen&utm_medium=seo%20maps&utm_source=google%20Maps&utm_campaign=seo%20maps,,,,
https://all.accor.com/lien_externe.svlt?goto=fiche_hotel&code_hotel=7368&merchantid=seo-maps-FR-7368&sourceid=aw-cen&utm_medium=seo%20maps&utm_source=google%20Maps&utm_campaign=seo%20maps,,,,
https://toulouse-sud-roques.kyriad.com/fr-fr/?utm_content=partoo&utm_medium=seo-bgp&utm_source=google,,,,
https://laclusaz-montagne.com/,,,,
https://www.hotel-10bis-paris.fr/fr/,,,,
https://www.lemonetier.com/,,,,
http://www.hotel-lescolchiques.com/,,,,
http://hotellesrivesdallier.fr/,,,,
http://www.clusaz.com/,,,,
https://all.accor.com/lien_externe.svlt?goto=fiche_hotel&code_hotel=0343&merchantid=seo-maps-FR-0343&sourceid=aw-cen&utm_medium=seo%20maps&utm_source=google%20Maps&utm_campaign=seo%20maps,,,,
https://all.accor.com/lien_externe.svlt?goto=fiche_hotel&code_hotel=1217&merchantid=seo-maps-FR-1217&sourceid=aw-cen&utm_medium=seo%20maps&utm_source=google%20Maps&utm_campaign=seo%20maps,,,,
https://all.accor.com/lien_externe.svlt?goto=fiche_hotel&code_hotel=1951&merchantid=seo-maps-FR-1951&sourceid=aw-cen&utm_medium=seo%20maps&utm_source=google%20Maps&utm_campaign=seo%20maps,,,,
https://all.accor.com/lien_externe.svlt?goto=fiche_hotel&code_hotel=7013&merchantid=seo-maps-FR-7013&sourceid=aw-cen&utm_medium=seo%20maps&utm_source=google%20Maps&utm_campaign=seo%20maps,,,,
https://noemys.fr/hotels/hotel/hotel-viviers-du-lac/,,,,
https://all.accor.com/lien_externe.svlt?goto=fiche_hotel&code_hotel=0450&merchantid=seo-maps-FR-0450&sourceid=aw-cen&utm_medium=seo%20maps&utm_source=google%20Maps&utm_campaign=seo%20maps,,,,
https://vannes.premiereclasse.com/fr-fr/?utm_content=partoo&utm_medium=seo-bgp&utm_source=google,,,,
https://poitiers-futuroscope.campanile.com/fr-fr/?utm_content=partoo&utm_medium=seo-bgp&utm_source=google,,,,
http://www.hotelrestaurantdeslacs.com/,,,,
http://www.hotel-eco-logis.com/,,,,
http://www.hotel-restaurant-cesar-bonnieux.fr/,,,,
http://www.angouleme-hotel.com/,,,,
http://www.saintlouisenlisle.com/,,,,
https://www.hotel-val-st-hilaire.com/,,,,
https://www.igesa.fr/vos-vacances/recherche-sejour/reserver-mes-vacances/etablissement/le-trez-hir-hotel-premium-ete,,,,
http://hotel-carhaix.brithotel.fr/?utm_source=google&utm_medium=seo&utm_campaign=gmb,,,,
http://www.lamaisondeole.com/,,,,
https://campinglebrochet.fr/locations/,,,,
http://www.leclosdebanes.com/,,,,
https://www.leclosdumoulin.com/,,,,
https://www.hotel-restaurant-legrandlac.com/,,,,
https://www.hotelhpb.com/,,,,
https://www.hotel-chardons-bleus.com/,,,,
http://location-hebergement-drome.com/,,,,
https://lorient.mokahotel.fr/,,,,
https://camping-nibelle.fr/,,,,
http://www.campingileduroi.fr/,,,,
https://residencehotelieredelestuaire.top/,,,,
http://leperroquetbleu.com/,,,,
https://www.zenitude-hotel-residences.com/residences/arcachon-le-bassin-darcachon/,,,,
http://www.belambra-magendie.fr/fr,,,,
https://www.odalys-vacances.com/location-ville/paris-ile-de-france/paris/paris-xvii.html?ept-publisher=uska&ept-name=paris-17-uska,,,,
https://www.odalys-vacances.com/location-ville/paris-ile-de-france/levallois-perret/odalys-paris-levallois.html?ept-publisher=uska&ept-name=levallois-perret-paris-levallois,,,,
https://www.adagio-city.com/8989?utm_source=googleMaps&utm_medium=seoMaps&utm_campaign=seoMaps&y_source=1_MTUzNTkyODctNzE1LWxvY2F0aW9uLndlYnNpdGU%3D,,,,
https://www.allsuites.com/hotel/appart-hotel-dunkerque,,,,
https://www.odalys-vacances.com/location-ville/lyonnais/lyon/odalys-city-bioparc-lyon-est.html?ept-publisher=uska&ept-name=lyon-bioparc-lyon-est,,,,
https://www.odalys-vacances.com/location-campagne/alsace-lorraine/colmar/colmar-centre.html?ept-publisher=uska&ept-name=colmar-colmar-centre,,,,
https://www.hotel-les-sources.com/,,,,
https://all.accor.com/lien_externe.svlt?goto=fiche_hotel&code_hotel=2371&merchantid=seo-maps-FR-2371&sourceid=aw-cen&utm_medium=seo%20maps&utm_source=google%20Maps&utm_campaign=seo%20maps,,,,
https://www.royal-annecy.com/,,,,
https://www.brh.fr/,,,,
https://www.alti-hotel.com/,,,,
http://www.hoteldetigny.com/,,,,
https://all.accor.com/lien_externe.svlt?goto=fiche_hotel&code_hotel=6385&merchantid=seo-maps-FR-6385&sourceid=aw-cen&utm_medium=seo%20maps&utm_source=google%20Maps&utm_campaign=seo%20maps,,,,
http://www.hotelmarinadoro.fr/,,,,
https://www.myresidhome.com/massy/residhome-paris-massy/apparthotel-residence-hoteliere.html,,,,
https://www.hotel-gascogne.com/fr/,,,,
http://www.hotel-restaurant-les-voyageurs.fr/,,,,
https://all.accor.com/lien_externe.svlt?goto=fiche_hotel&code_hotel=0460&merchantid=seo-maps-FR-0460&sourceid=aw-cen&utm_medium=seo%20maps&utm_source=google%20Maps&utm_campaign=seo%20maps,,,,
http://www.hotelbecottage.com/?utm_source=google&utm_medium=organic&utm_campaign=my_business,,,,
https://www.hotel-equinoxe.com/,,,,
https://www.hoteljulesletouquet.fr/?utm_source=google&utm_medium=organic&utm_campaign=my_business,,,,
https://www.odalys-vacances.com/location-mer/languedoc-roussillon/cap-d-agde/nakara.html?ept-publisher=uska&ept-name=agde-nakara,,,,
https://all.accor.com/lien_externe.svlt?goto=fiche_hotel&code_hotel=3088&merchantid=seo-maps-FR-3088&sourceid=aw-cen&utm_medium=seo%20maps&utm_source=google%20Maps&utm_campaign=seo%20maps,,,,
https://www.hotelducouvent.fr/,,,,
https://www.hotel-lacuzon.com/fr,,,,
https://all.accor.com/lien_externe.svlt?goto=fiche_hotel&code_hotel=8817&merchantid=seo-maps-FR-8817&sourceid=aw-cen&utm_medium=seo%20maps&utm_source=google%20Maps&utm_campaign=seo%20maps,,,,
http://www.hotelrobinson.net/,,,,
http://www.hotel-les-ulis.fr/fr,,,,
https://www.contact-hotel.com/hotel-france/986/mon-hotel-a-gap-gap.htm,,,,
http://www.hdpthionville.com/,,,,
https://www.odalys-vacances.com/location-mer/cote-d-azur/nice/odalys-city-nice-centre.html?ept-publisher=uska&ept-name=nice-nice-centre,,,,
https://www.belambra.fr/destinations/auvergne-rhone-alpes/club-la-plagne-le-terra-nova-hiver?ept-name=partoo-belambra-gmb&ept-publisher=partoo&utm_campaign=partoo-belambra-gmb&utm_medium=partner&utm_source=partoo,,,,
https://pontarlier.campanile.com/fr-fr/?utm_content=partoo&utm_medium=seo-bgp&utm_source=google,,,,
https://www.sowell.fr/hotel/le-beach/,,,,
https://www.panoramagrasse.com/,,,,
https://www.odalys-vacances.com/location-mer/pays-basque/saint-jean-de-luz/erromardie-plage-by-odalys.html?ept-publisher=uska&ept-name=erromardie-plage-by-odalys-st-jean-de-luz,,,,
https://hotelathanor-beaune.fr/,,,,
https://all.accor.com/lien_externe.svlt?goto=fiche_hotel&code_hotel=0431&merchantid=seo-maps-FR-0431&sourceid=aw-cen&utm_medium=seo%20maps&utm_source=google%20Maps&utm_campaign=seo%20maps,,,,
http://www.logisdescordeliers.com/,,,,
http://www.hotelsablar.fr/?utm_source=gmb,,,,
http://www.hotellafete-provence.com/,,,,
http://www.rouencentrehotel.fr/,,,,
http://hotellevillage.fr/,,,,
https://mgallery.accor.com/hotels/6956?merchantid=seo-maps-FR-6956&sourceid=aw-cen&utm_source=google+Maps&utm_medium=seo+maps&utm_campaign=seo+maps&utm_term=MGallery-Launch,,,,
http://www.hoteldubaou.com/,,,,
https://hotel-urbain-v.top/,,,,
https://www.adagio-city.com/8447?utm_source=googleMaps&utm_medium=seoMaps&utm_campaign=seoMaps&y_source=1_MTUzNTkyODctNzE1LWxvY2F0aW9uLndlYnNpdGU%3D,,,,
https://www.hotel-orb.com/,,,,
https://www.adagio-city.com/8398?utm_source=googleMaps&utm_medium=seoMaps&utm_campaign=seoMaps&y_source=1_MTUzNTkyODctNzE1LWxvY2F0aW9uLndlYnNpdGU%3D,,,,
http://www.hotelannedebretagne.com/?utm_source=gmb,,,,
http://hotel-village-catalan.fr/,,,,
https://all.accor.com/lien_externe.svlt?goto=fiche_hotel&code_hotel=2082&merchantid=seo-maps-FR-2082&sourceid=aw-cen&utm_medium=seo%20maps&utm_source=google%20Maps&utm_campaign=seo%20maps,,,,
https://www.odalys-vacances.com/location-montagne/savoie/les-arcs/eden-by-odalys.html?duree=2&ept-publisher=uska&ept-name=les-arcs-hotel-eden,,,,
https://www.belambra.fr/destinations/auvergne-rhone-alpes/club-arc-1800-hotel-du-golf-hiver?ept-name=partoo-belambra-gmb&ept-publisher=partoo&utm_campaign=partoo-belambra-gmb&utm_medium=partner&utm_source=partoo,,,,
http://www.hotel-spuntadimare.com/,,,,
http://www.suitehome-porticcio.com/fr,,,,
https://all.accor.com/lien_externe.svlt?goto=fiche_hotel&code_hotel=3486&merchantid=seo-maps-FR-3486&sourceid=aw-cen&utm_medium=seo%20maps&utm_source=google%20Maps&utm_campaign=seo%20maps,,,,
http://www.les4montagnes.com/,,,,
http://labellemebleue.com/,,,,
https://hotel-laverniaz.evianresort.com/fr?utm_source=gmb,,,,
https://all.accor.com/lien_externe.svlt?goto=fiche_hotel&code_hotel=1357&merchantid=seo-maps-FR-1357&sourceid=aw-cen&utm_medium=seo%20maps&utm_source=google%20Maps&utm_campaign=seo%20maps,,,,
https://www.hotelsaintmichel.com/,,,,
http://www.saintjeanlourdes.com/,,,,
https://la-buhotellerie.com/,,,,
https://www.hotel-lecyrano-bergerac.fr/,,,,
https://www.hotel-mondon-metz.fr/,,,,
http://www.hoteldubosquet.com/,,,,
http://www.villaterangahotel.com/,,,,
https://www.fasthotel.com/languedoc-roussillon/hotel-narbonne?utm_source=Google&utm_medium=Mybusiness&utm_campaign=GoogleMyBusiness,,,,
https://all.accor.com/lien_externe.svlt?goto=fiche_hotel&code_hotel=6392&merchantid=seo-maps-FR-6392&sourceid=aw-cen&utm_medium=seo%20maps&utm_source=google%20Maps&utm_campaign=seo%20maps,,,,
https://www.residence-hotel-alaia.fr/,,,,
https://www.cerise-hotels-residences.com/cerise-auxerre/,,,,
https://www.alaubedetroyes.fr/,,,,
https://www.odalys-vacances.com/location-mer/poitou-charentes/la-rochelle/archipel.html?ept-publisher=uska&ept-name=la-rochelle-l-archipel,,,,
https://hotellebleumarine.top/,,,,
http://www.cotechenesverts.com/,,,,
https://lesterrassesduvernolet.com/,,,,
https://all.accor.com/lien_externe.svlt?goto=fiche_hotel&code_hotel=2413&merchantid=seo-maps-FR-2413&sourceid=aw-cen&utm_medium=seo%20maps&utm_source=google%20Maps&utm_campaign=seo%20maps,,,,
https://www.grangeauxmarmottes.com/,,,,
http://www.hotel-du-lac.com/,,,,
https://www.zenitude-hotel-residences.com/residences/besancon-les-hauts-du-chazal/,,,,
http://www.residence-wilson.com/,,,,
http://www.relaisdetermes-gers.com/,,,,
http://hotel-4ours-piau.com/,,,,
http://www.leclosbleu.com/,,,,
https://www.vrbo.com/pdp/lo/109880629?MDPCID=VRBO-META.HPA.WEB-ORGANIC.VR,,,,
https://www.lalongere.net/,,,,
https://chanas.campanile.com/,,,,
https://hotelnestedejade.com/,,,,
https://www.hotel-aurelia.com/,,,,
https://www.chambres-hotes.fr/ch52995,,,,
http://www.newreservationhotel.blogspot.com/,,,,
https://camping-charlieu.fr/,,,,
https://www.zenitude-hotel-residences.com/residences/carcassonne-nord/,,,,
https://www.bourgognefranchecomte.com/chambres-dhotes/villa-les-perrayes,,,,
https://br.bluepillow.com/search/6233855f4c4d8d9b9b77b1aa?dest=bpex&cat=Apartment&lat=45.5721&lng=6.82776&language=pt,,,,
http://qua.etr.im/8bg,,,,
http://www.chambresenvigne.com/,,,,
http://hotellagravenne.fr/,,,,
https://www.les3barbus.fr/hotel-3-etoiles,,,,
https://www.les3barbus.fr/,,,,
https://www.domaineduperrier.fr/,,,,
https://presbyteredevieuvy.com/index_fr.html,,,,
http://le10-18.fr/,,,,
https://www.hotel-delcloy-capferrat.com/?utm_campaign=GMB_DELCLOY&utm_medium=DIRECT&utm_source=GOOGLE,,,,
https://ladanasha.com/fr,,,,
https://hotellecentre.hotelbaratoeuropa.com/,,,,
http://www.chateau-uzer.com/,,,,
https://www.hotelrossi-sartene.com/,,,,
http://www.lerelaisdesdalles.fr/,,,,
http://www.hotellesgabarres.com/,,,,
https://www.lacombederedoles.fr/,,,,
http://www.onclaire.com/,,,,
https://hoteldesbains.sirvoy.me/,,,,
https://www.leclosdechaussy.fr/,,,,
http://www.hotel-valdeblore.fr/,,,,
http://icimaime.fr/,,,,
https://www.hotel-restaurant-la-bergerie-vezels-roussy.fr/,,,,
http://www.gite-vico-corse.com/?utm_medium=referral&utm_source=gmb&utm_campaign=lnk-gmb,,,,
https://www.hotel-limousin.fr/contact-hotel-restaurant-dupuytren,,,,
https://www.chambres-hotes.fr/chambres-hotes_chambres-d-hotes-le-conilh_mauvezin-sur-gupie_43470.htm,,,,
https://www.odalys-vacances.com/location-campagne/provence-et-luberon/aix-en-provence/aix-en-provence-centre-palais-des-congres.html?ept-publisher=uska&ept-name=aix-en-provence-aix-en-provence-centre-palais-des-congres,,,,
http://www.hotelsaintamant.com/,,,,
http://lesoliviersduverdon.fr/,,,,
https://www.vrbo.com/pdp/lo/118949558?MDPCID=VRBO-META.HPA.WEB-ORGANIC.VR,,,,
https://www.petit-hotel-de-pianottoli-caldarello.com/fr,,,,
http://www.lapetiteresie.fr/,,,,
https://atriumrestaurant.fr/chambres,,,,
http://rivesdeshabsbourg.fr/,,,,
http://www.axhotelcastelet.com/,,,,
http://www.lasarlamandre.com/,,,,
http://www.opetitbonheur-bearn.com/,,,,
http://www.le-cartounier.com/,,,,
https://www.hotel-leroyal-nice.com/fr?utm_campaign=GMB_Hotel_Royal&utm_medium=DIRECT&utm_source=Google,,,,
https://www.booking.com/hotel/fr/le-refuge-du-montagnard-marthod.fr.html?aid=318615&label=New_French_FR_FR_21427174465-Pk3jEylX2FWP%2An3y4lDZiQSM637818831021%3Apl%3Ata%3Ap1%3Ap2%3Aac%3Aap%3Aneg%3Afi%3Atidsa-162435868585%3Alp9050270%3Ali%3Adem%3Adm%3Aag21427174465%3Acmp339479545&sid=0ca6f0466a3f081f496147ef7a5d222e&dest_id=-1450003&dest_type=city&dist=0&group_adults=2&group_children=0&hapos=1&hpos=1&no_rooms=1&req_adults=2&req_children=0&room1=A%2CA&sb_price_type=total&sr_order=popularity&srepoch=1778595329&srpvid=6644643f134d0267&type=total&ucfs=1&,,,,
https://www.odalys-vacances.com/location-mer/provence-et-luberon/marseille/le-dome.html?ept-publisher=uska&ept-name=marseille-le-dome,,,,
http://www.hotel-restaurant-signy.fr/fr?utm_source=gmb,,,,
http://www.bramefort.com/,,,,
https://www.family-hotel.fr/,,,,
http://www.hotelroscoff-laresidence.fr/,,,,
http://www.atlantys-hotel.fr/,,,,
http://maison-cabotte-beaune.com/,,,,
https://www.bonifacio-hotel.fr/,,,,
https://hotel-residence-les-flots.com/,,,,
http://www.levivier.com/,,,,
https://www.hotelplage-wissant.com/,,,,
http://www.lenormandy-wissant.com/,,,,
http://www.wissant-hotel-bellevue.com/,,,,
https://www.zenitude-hotel-residences.com/residences/six-fours/,,,,
https://all.accor.com/lien_externe.svlt?goto=fiche_hotel&code_hotel=0828&merchantid=seo-maps-FR-0828&sourceid=aw-cen&utm_medium=seo%20maps&utm_source=google%20Maps&utm_campaign=seo%20maps,,,,
http://www.lagentilhom.com/,,,,
https://www.hoteldelamer-tregastel.com/,,,,
https://hotelhenri4.com/HH4,,,,
https://www.apphotelm.com/,,,,
https://www.zenitude-hotel-residences.com/residences/mandelieu-la-napoule/,,,,
https://www.zenitude-hotel-residences.com/residences/narbonne-narbonne-centre/,,,,
http://www.hotellareserve.fr/,,,,
https://www.odalys-vacances.com/location-mer/languedoc-roussillon/montpellier/montpellier-centre-gare-st-roch.html?ept-publisher=uska&ept-name=montpellier-montpellier-centre-gare-st-roch,,,,
https://www.hotel-montpellier-eurociel.fr/,,,,
http://www.labonneauberge06.fr/,,,,
https://www.hotel-kandahar.com/,,,,
https://www.google.com/url?q=https://ormelune.com/&sa=U&ved=0ahUKEwjZt53R7rvZAhUDjiwKHSuqAUUQFggEMAA&client=internal-uds-cse&cx=005791863822052451275:-kbtvptt--c&usg=AOvVaw0VDMTI05QpyOneGm3JbgiC,,,,
https://www.vacancesbleues.fr/fr/vacances-en-france/sud-ouest/hendaye-hotel-orhoitza?utm_campaign=GMB_Hotel_Orhoitza&utm_medium=DIRECT&utm_source=Google,,,,
https://all.accor.com/lien_externe.svlt?goto=fiche_hotel&code_hotel=2319&merchantid=seo-maps-FR-2319&sourceid=aw-cen&utm_medium=seo%20maps&utm_source=google%20Maps&utm_campaign=seo%20maps,,,,
http://www.valhotel.fr/,,,,
http://www.hotel-laturra.com/,,,,
https://www.holidu.de/d/62285145?ref_source=google_vr&utm_source=google_vr_eb,,,,
https://all.accor.com/lien_externe.svlt?goto=fiche_hotel&code_hotel=1213&merchantid=seo-maps-FR-1213&sourceid=aw-cen&utm_medium=seo%20maps&utm_source=google%20Maps&utm_campaign=seo%20maps,,,,
https://www.hoteleden-labaigneuse.fr/,,,,
http://www.epicealodge.com/,,,,
http://www.manoirlesminimes.com/,,,,
https://www.montempo.fr/appart-hotels/marseille-centre-dome/,,,,
https://www.odalys-vacances.com/location-mer/provence-et-luberon/marseille/marseille-centre-parc-chanot-velodrome.html?ept-publisher=uska&ept-name=marseille-marseille-centre-parc-chanot-velodrome,,,,
http://www.hotel-europe-dieppe.com/,,,,
https://all.accor.com/lien_externe.svlt?goto=fiche_hotel&code_hotel=0927&merchantid=seo-maps-FR-0927&sourceid=aw-cen&utm_medium=seo%20maps&utm_source=google%20Maps&utm_campaign=seo%20maps,,,,
http://www.hote-antique-dijon.fr/,,,,
http://www.hotel-vauban-belleile.com/,,,,
http://www.hotel-atlantique.bzh/,,,,
https://www.dormira.fr/fiche-hebergement-49H1285.html,,,,
http://flamant-rose.net/,,,,
http://avantimohammediahotel.myguests.net/,,,,
https://www.fourseasons.com/rabat/?utm_source=google&utm_medium=organicsearch&utm_campaign=tor-rrt-hre-mid-seo-na&utm_content=na-na&utm_term=na,,,,
http://www.hotel-cactus.com/,,,,
https://www.hotelsbarriere.com/marrakech/le-naoura,,,,
http://www.hotelabda.com/,,,,
https://hotelafoulki.ellohaweb.com/,,,,
http://www.hotelafra.ma/,,,,
https://fr.hotels.com/ho703570944/hotel-al-amal-tiznit-maroc/,,,,
http://andalous.xtadia.com/,,,,
https://www.hotel-alhoceima-bay.com/,,,,
https://asilah.city/hotels/hotel-al-khaima/,,,,
http://www.hotel-al-madina.com/,,,,
http://hotelamirplage.site/,,,,
http://hotelandalucia.site/,,,,
http://www.magichotels.ma/,,,,
http://www.argana-hotel.com/,,,,
http://www.asilah32.com/,,,,
http://www.atlanticagdal.com/,,,,
http://www.atlasresorts.com/,,,,
https://hotelbabylondades.com/,,,,
https://www.morocco-hotels24.com/hotel-beach-club-la-perle/,,,,
http://hotelz.website/hotelbellevue,,,,
http://www.hotel-benimellal-atlas.com/,,,,
http://www.palacealsalam.com/,,,,
https://hotelsmyhy.com/,,,,
https://www.hotel-casablanca-lido.com/,,,,
http://nearmehotel.site/hotelcentreville,,,,
http://www.hotelchems.com/,,,,
http://www.hoteltazarkount.com/,,,,
http://www.climoriental.com/,,,,
http://hotelclubalmoggar.com/,,,,
https://be.itcyber.ma/book/125060b009,,,,
http://hotel-tifaouine-tafraout.is-best.net/,,,,
https://www.a-hotel.com/fr/maroc/148768-larache/2753565-1-hotel-espana/,,,,
https://www.etoiledunord.ma/fr/,,,,
http://www.farahtanger.com/,,,,
http://www.farahsafi.com/,,,,
https://all.accor.com/hotel/5708/index.fr.shtml,,,,
https://ibiza-hotel.com/,,,,
https://www.hotelidoutiznit.com/,,,,
https://hotelkasbahasmaa.com/,,,,
https://www.hotelkasbahclub.com/,,,,
https://www.kenzmehdia.com/,,,,
http://hotelz.website/kenzo,,,,
http://www.laluna.ma/,,,,
https://attawba.com/,,,,
https://lamaison-desoliviers.com/,,,,
https://hotellaperla.ma/,,,,
http://www.lemirage.com/,,,,
http://www.hotelleriad.com/,,,,
https://all.accor.com/lien_externe.svlt?goto=fiche_hotel&code_hotel=9676&merchantid=seo-maps-MA-9676&sourceid=aw-cen&utm_medium=seo%20maps&utm_source=google%20Maps&utm_campaign=seo%20maps,,,,
http://hotel-mirapalace.com/,,,,
https://hotel-moulay-yacoub.com/,,,,
http://www.palaisclaudiobravo.com/,,,,
https://all.accor.com/lien_externe.svlt?goto=fiche_hotel&code_hotel=9746&merchantid=seo-maps-MA-9746&sourceid=aw-cen&utm_medium=seo%20maps&utm_source=google%20Maps&utm_campaign=seo%20maps,,,,
https://www.morocco-hotels24.com/hotel-pasta-plaza/,,,,
http://hotelpyramidestaza.site/,,,,
http://www.hotelrabat.ma/,,,,
https://daralmadinatinghir.com/,,,,
https://www.booking.com/hotel/ma/les-remparts.fr.html?aid=356980&label=gog235jc-1FCAsojAFCDGxlcy1yZW1wYXJ0c0gNWANojAGIAQGYAQ24ARjIAQ3YAQHoAQH4AQKIAgGoAgS4At7_tboGwAIB0gIkM2FiYThlMWYtNDYzNC00NTUzLTk0YTktMjdjOWNiOTg5NjFj2AIF4AIB&sid=abf3c165ad035d3d606c3126dae312e0&all_sr_blocks=1291890708_402146800_2_1_0&checkin=2025-08-06&checkout=2025-08-07&dest_id=-25085&dest_type=city&dist=0&group_adults=2&group_children=0&hapos=1&highlighted_blocks=1291890708_402146800_2_1_0&hpos=1&matching_block_id=1291890708_402146800_2_1_0&no_rooms=1&req_adults=2&req_children=0&room1=A%2CA&sb_price_type=total&sr_order=popularity&sr_pri_blocks=1291890708_402146800_2_1_0__5500&srepoch=1733132260&srpvid=3a5943af528b0354&type=total&ucfs=1&,,,,
http://hotelriadcafeterialahlou.com/,,,,
https://dardaif.ma/,,,,
http://www.riadzahra.com/,,,,
https://hotelsindibad.ma/fr,,,,
http://hotelz.website/sultana,,,,
https://hoteltafilaletmeknes.ma/,,,,
https://hoteltanjahflandria.ma/,,,,
http://www.hoteltomboctou.com/,,,,
http://valladolidhostel.com/transatlantique-hotel,,,,
https://www.velsatishotel.com/,,,,
http://www.villamandarine.com/,,,,
https://hotel-volubilis-fes.experienciah.com/,,,,
https://estebanrecommends.com/la-corniche-fnideq-fnideq1-morocco,,,,
http://www.palaisoumensour.com/,,,,
http://nearmehotel.site/guesthouse,,,,
http://www.marinasmirhotel.com/,,,,
https://all.accor.com/lien_externe.svlt?goto=fiche_hotel&code_hotel=9677&merchantid=seo-maps-MA-9677&sourceid=aw-cen&utm_medium=seo%20maps&utm_source=google%20Maps&utm_campaign=seo%20maps,,,,
https://www.miahotels.ma/,,,,
https://moroccanfloors.com/,,,,
https://movenpick.accor.com/en/africa/morocco/tangier/hotel-malabata-tanger.html?merchantid=seo-maps-MA-B4Q1&sourceid=aw-cen&utm_medium=seo+maps&utm_source=google+Maps&utm_campaign=seo+maps&utm_content=Tanger,,,,
https://www.prestigeagadir.com/,,,,
https://atlashotelscollection.com/fr/maroc/hotel/relax-airport-casablanca,,,,
https://www.raidlelieu.com/,,,,
http://www.riad7.com/,,,,
http://www.riad-cheval-blanc.com/,,,,
https://www.sbnsuiteshotel.com/,,,,
http://sirayane.com/,,,,
https://www.story-rabat.com/,,,,
https://www.hoteltildi.info/,,,,
https://hoteltiznit.com/,,,,
https://urbanhotel.ma/,,,,
http://riadmarrakesh.net/vanahotel,,,,
http://www.elminzah.leroyal.com/,,,,
http://www.camping-tain.fr/,,,,
http://www.camping-maui.fr/,,,,
https://www.iserandcampingardeche.com/,,,,
http://www.campingchantemerle.fr/,,,,
https://www.campinglesroches.com/,,,,
https://www.chataigneraie.com/?utm_source=google&utm_medium=organic&utm_campaign=gmb,,,,
http://www.les-reflets.com/,,,,
http://www.camping-hautkoenigsbourg.com/,,,,
https://campinggiessen.fr/,,,,
https://www.camping-wangenbourg-engenthal.com/,,,,
https://www.naturcamp.fr/,,,,
https://www.campingcarpark.com/fr_FR/camping-car/centre-val-de-loire/37-indre-et-loire/cinq-mars-la-pile?areaType=aire-etape-camping-car,,,,
http://www.peyrepertuse.com/,,,,
https://www.gitedumoulinpierremont.com/,,,,
http://www.campingdupont.fr/,,,,
https://www.bivouac-nature.com/,,,,
https://cotedefumel.com/,,,,
https://www.greengo.voyage/hote/friendly-camping-and-lodges/logement/camp-etoile-cabane,,,,
http://www.bikecampingfrance.com/,,,,
https://lacmielan.com/,,,,
https://www.an-camping.fr/,,,,
http://www.lile-aux-mille-charmes.fr/,,,,
https://www.camping-leclosdeballeroy.fr/,,,,
http://www.val-fleuri.fr/,,,,
https://lodges-bois-dodo.com/,,,,
https://www.camping-castors.fr/,,,,
https://www.gite-levasion-morvan.com/,,,,
http://tournonstmartin.fr/,,,,
https://www.sandaya.fr/nos-campings/etoile-d-argens?utm_source=google&utm_medium=gbp&utm_campaign=cta_siteweb_EtoileArgens,,,,
http://www.campingmontalan-45.fr/?utm_medium=referral&utm_source=gmb&utm_campaign=lnk-gmb,,,,
https://www.ferme-peotenia.com/,,,,
https://terres-de-berlioz.com/hebergements/camping/F65788_camping-a-la-ferme-de-bellevue-chatonnay/,,,,
http://lacatie.com/,,,,
https://auberge-la-maison-neuve.fr/hebergement,,,,
https://www.pibeste.fr/,,,,
http://www.camping-acacias-iledere.fr/,,,,
https://www.expedia.com/Hotel.h128102424.Hotel-Information?mdpcid=META.HPA.WEB-ORGANIC.VR,,,,
https://www.expedia.com/Hotel.h128102429.Hotel-Information?mdpcid=META.HPA.WEB-ORGANIC.VR,,,,
https://www.expedia.com/Hotel.h128102431.Hotel-Information?mdpcid=META.HPA.WEB-ORGANIC.VR,,,,
https://www.expedia.com/Hotel.h129233502.Hotel-Information?mdpcid=META.HPA.WEB-ORGANIC.VR,,,,
https://www.campingdeprigny.fr/,,,,
https://www.campinglekervastard.com/,,,,
http://www.campinglesoleildor.com/,,,,
https://www.ladunedejade.fr/,,,,
https://www.vrbo.com/pdp/lo/118917118?MDPCID=VRBO-META.HPA.WEB-ORGANIC.VR,,,,
http://www.logis-du-breuil.com/,,,,
https://lesjardinsdumorbihan.com/?utm_medium=organic&utm_source=google,,,,
http://www.campingsaintremydeprovence.fr/,,,,
https://www.sandaya.fr/nos-campings/aloha?utm_source=google&utm_medium=gbp&utm_campaign=cta_siteweb_Aloha,,,,
https://www.rencontre-du-soleil.com/fr/?utm_source=gmb&utm_medium=organic,,,,
https://www.campingsannecy.com/fr/la-ravoire?utm_source=google&utm_medium=organic&utm_campaign=GBP,,,,
https://www.campingsannecy.com/fr/les-fontaines?utm_source=google&utm_medium=organic&utm_campaign=GBP,,,,
https://www.campingaqua3masses.com/,,,,
http://www.camping-arette.com/,,,,
https://www.maeva.com/fr-fr/camping-maeva-escapades-les-abricotiers_1170381.html,,,,
https://camping-audinaclesbains.com/,,,,
https://camping-roucateille.com/,,,,
https://www.atc-routesdumonde.com/sejour/arcachon-la-hume/,,,,
https://www.camping-annecy-sevrier.fr/,,,,
https://camping-lac-de-biscarrosse.com/?utm_source=google&utm_medium=local&utm_campaign=fiche_google,,,,
https://www.campingsoleildoc.com/,,,,
https://campingdelozere.fr/,,,,
https://www.camping-apv.com/atlantique/camping-ile-de-re/camping-le-bois-plage-en-re/au-val-de-loire-en-re?utm_source=googlemybusiness&utm_medium=organic,,,,
https://camping-portes-paimpol.fr/?utm_source=gmb,,,,
https://camping-var-83.fr/,,,,
https://www.auxicamping.fr/,,,,
https://www.campingavignonparc.com/?utm_source=google&utm_medium=local&utm_campaign=fiche_google,,,,
https://www.pre-normand.fr/,,,,
https://camping-aveyron-beau-rivage.fr/fr/camping-aveyron/,,,,
https://camping-sergines.fr/,,,,
http://www.campingbelair.fr/,,,,
http://www.campingbellevue-66.fr/,,,,
https://camping-bellevue.meilleurhotel.top/,,,,
https://www.harrobia.fr/,,,,
https://www.campingbleumarine.fr/,,,,
https://campingbleumer.fr/,,,,
https://www.camping-maiche.fr/,,,,
https://www.bois-soleil.com/,,,,
https://www.bonporteau.fr/?utm_source=google&utm_medium=my-business&utm_campaign=google-my-business,,,,
http://www.brindamourcamping.com/,,,,
http://www.camping-blancnez.fr/,,,,
https://www.sandaya.fr/nos-campings/cote-de-nacre?utm_source=google&utm_medium=gbp&utm_campaign=cta_siteweb_CoteDeNacre,,,,
https://www.portblanc.com/,,,,
https://www.campinglerobinson.com/,,,,
http://www.camping-brideslesbains.com/,,,,
http://www.campingcanada.fr/,,,,
https://www.camping-canal-de-berry.fr/,,,,
https://canopee-camping.eu/,,,,
https://www.camping-lac-auvergne.com/,,,,
https://www.capfun.com/camping-france-provence_alpes_cote_d_azur-arbois_du_castellet-FR.html,,,,
https://www.capfun.com/camping-france-languedoc_roussillon-bastide-FR.html,,,,
https://www.capfun.com/camping-france-provence_alpes_cote_d_azur-beauregard-FR.html,,,,
https://www.capfun.com/camping-france-pays_de_la_loire-chenaie-FR.html,,,,
https://www.capfun.com/camping-france-basse_normandie-donjon_de_lars-FR.html,,,,
https://www.capfun.com/camping-france-pays_de_la_loire-ecureuils-FR.html,,,,
https://www.capfun.com/camping-france-ile_de_france-fredland-FR.html,,,,
https://www.capfun.com/camping-france-franche_comte-fuvettes-FR.html,,,,
https://www.capfun.com/camping-france-bourgogne-grand_cerf-FR.html,,,,
https://www.capfun.com/camping-france-basse_normandie-hautes_coutures-FR.html,,,,
https://www.capfun.com/camping-france-languedoc_roussillon-hermitage-FR.html,,,,
https://www.capfun.com/camping-france-basse_normandie-joncal-FR.html,,,,
https://www.lacdes3vallees.fr/,,,,
https://www.capfun.com/camping-france-occitanie-lac_des_3_vallees-FR.html,,,,
https://www.capfun.com/camping-france-aquitaine-moulinal-FR.html,,,,
https://www.capfun.com/camping-france-lorraine-palais_de_gaufrette-FR.html,,,,
https://www.capfun.com/camping-france-aquitaine-pinede-FR.html,,,,
https://www.capfun.com/camping-france-rhone_alpes-plan_fernuy-FR.html,,,,
https://www.capfun.com/camping-france-midi_pyrenees-roca_d_amour-FR.html,,,,
https://www.capfun.com/camping-france-aquitaine-sud_land-FR.html,,,,
https://www.capfun.com/camping-france-aquitaine-ullule-FR.html,,,,
https://www.capfun.com/camping-france-languedoc_roussillon-vignes_d_or-FR.html,,,,
http://www.camping-valcenis-savoie.com/,,,,
https://www.capfun.com/camping-france-rhone_alpes-imbours-FR.html,,,,
http://www.u-moru.com/,,,,
http://camping-cassaduc.com/,,,,
http://campingchalet-hautdoubs.com/,,,,
https://campingluchonchantecler.fr/,,,,
http://www.camping-chantemerle.com/,,,,
https://www.homecamper.fr/land/46314,,,,
https://www.pitchup.com/fr-ca/campsites/france/bretagne/morbihan/saint-nolff/chez-stephane/,,,,
https://daniellequelen.wixsite.com/accueil,,,,
http://camping-lepontdubas.fr/,,,,
http://www.chezmireille.fr/,,,,
https://www.clicochic.com/camping-france-rhone_alpes-alpes_lodges_hiver-FR.html,,,,
https://www.clicochic.com/camping-france-provence_alpes_cote_d_azur-art_de_vivre-FR.html,,,,
https://www.clicochic.com/camping-france-provence_alpes_cote_d_azur-baie_de_cavalaire-FR.html,,,,
https://www.clicochic.com/camping-france-rhone_alpes-bastets-FR.html,,,,
https://www.clicochic.com/camping-france-lorraine-etang_de_la_mutche-FR.html,,,,
https://www.clicochic.com/camping-france-picardie-ferme_des_aulnes-FR.html,,,,
https://www.clicochic.com/camping-france-basse_normandie-haras-FR.html,,,,
https://www.clicochic.com/camping-france-basse_normandie-havre_bernieres-FR.html,,,,
https://www.clicochic.com/camping-france-aquitaine-lou_castel-FR.html,,,,
https://www.camping-vagues-oceanes.com/camping-calvados/camping-brise-de-cabourg.html,,,,
https://www.clicochic.com/camping-france-rhone_alpes-source_du_jabron-FR.html,,,,
https://www.clicochic.com/camping-france-lorraine-verte_vallee-FR.html,,,,
http://www.camping-coeur-alsace.fr/,,,,
http://www.croas-men.com/,,,,
http://www.camping-cyrnos.fr/,,,,
https://www.campingangers.com/?utm_medium=organic&utm_source=gmb&utm_campaign=citykamp_angers,,,,
https://www.camping-mepillat.fr/,,,,
http://campingpresquilechampaubert.fr/,,,,
http://camping-de-broceliande.fr/,,,,
https://www.campingceyreste.com/,,,,
http://www.chanterane.net/,,,,
https://www.camping-normandie-clecy.eu/,,,,
http://www.campingdecorrens.com/,,,,
https://www.campingcroasanter.com/,,,,
http://www.camping-fontcouverte-nevache-alpes.com/,,,,
https://joncherey.fr/category/camping/,,,,
https://www.camping-belfort.com/,,,,
http://www.campingiledyeu.fr/,,,,
http://www.juracampingdelile.fr/,,,,
http://camping-gard.camp/,,,,
https://camping-arnel.fr/,,,,
http://www.auvergne-vacances.com/,,,,
https://www.campingletang.com/,,,,
https://www.camping-etang-philippe.fr/,,,,
http://www.campingdelile.fr/,,,,
https://camping-islesaintjean-arcysurcure.fr/,,,,
http://www.campingdelabaie.bzh/,,,,
http://www.camping-la-bouriette-toulouse.fr/,,,,
https://sites.google.com/view/camping-de-la-blanche/accueil,,,,
https://www.camping-cote-des-isle.fr/,,,,
http://www.campinglachanterie.com/,,,,
https://campingdelaclairette.com/,,,,
http://www.campingdelaclaysse.com/,,,,
http://www.camping-lafleche.com/,,,,
http://campinglegavre.fr/,,,,
https://www.campinglagarennedemoncourt.com/,,,,
http://www.campingdelagartempe.fr/,,,,
http://espaceeauxvives.com/camping-de-la-lone,,,,
https://direct.me/campingdelaloire,,,,
https://campingmeteor.fr/?utm_source=gmb,,,,
http://www.campinglamontagne.fr/,,,,
http://www.campingdelamotte.org/,,,,
http://www.campingdelamuree.com/,,,,
https://www.ccfercher.fr/sepanouir/le-tourisme/camping-de-villeneuve-sur-cher/,,,,
https://www.camping-bretagne-delapiscine.com/,,,,
http://campingdelareuille.wixsite.com/parc-de-la-reuille,,,,
http://www.larouvre.fr/,,,,
https://camping-mouthe.fr/,,,,
https://campingdelatouche.com/,,,,
https://campingguise.wixsite.com/camping-vallee-oise,,,,
https://www.campingvalleedurance.fr/,,,,
http://www.campingdelaborie.com/,,,,
https://villemandeure.fr/camping,,,,
https://camping-de-martiniere.com/,,,,
https://www.campingcarpark.com/fr_FR/camping-car/nouvelle-aquitaine/23-creuse/bussiere-dunoise?areaType=camping,,,,
https://www.campingcarpark.com/fr_FR/camping-car/nouvelle-aquitaine/87-haute-vienne/le-dorat?areaType=camping,,,,
https://www.campingcarpark.com/fr_FR/camping-car/bretagne/29-finistere/st-goazec?areaType=camping,,,,
http://www.campingmontchavin.com/fr/,,,,
http://www.camping-le-pouchou.com/,,,,
https://suitefr.click/camping-randon-h7fsbn,,,,
https://www.night-and-day.fr/camping/2-camping-de-rodaven,,,,
http://www.campingsaumont.com/,,,,
http://www.camping-savel.com/,,,,
https://www.campingdeserrette.com/,,,,
http://camping-des-iles-ravenoville.fr/,,,,
https://campingdes4ce.com/,,,,
http://www.campingdesabesses.com/,,,,
http://www.camping-des-alouettes.com/fr/,,,,
https://www.des-arcades.com/fr/?utm_medium=organic&utm_source=gmb,,,,
https://www.campinglesbains.com/,,,,
https://www.camping-coulanges-sur-yonne.fr/,,,,
http://camping-bayeux.fr/,,,,
http://campingdescapucines.com/,,,,
http://www.camping-queyras.com/,,,,
http://www.camping-des-etangs.com/,,,,
https://www.eurockeennes.fr/,,,,
http://www.campingdeslancieres.fr/,,,,
https://www.campingdesnations.com/,,,,
https://www.holidu.fr/d/56779355?ref_source=google_vr&utm_source=google_vr_eb,,,,
http://www.campingbaiesomme.com/,,,,
http://www.campingdesrandonneurs.com/,,,,
https://www.campingdesrivesdelaa.fr/,,,,
http://campingalafermepaysbasque.com/,,,,
https://www.villagedeyourtes.com/,,,,
https://www.domaine-des-bans.fr/?utm_source=google&utm_medium=local&utm_campaign=fiche_google,,,,
https://www.domainedumes.fr/,,,,
http://www.lecrinvert.fr/,,,,
https://www.domaine-la-garenne.com/,,,,
https://www.sandaya.fr/nos-campings/domaine-le-midi?utm_campaign=cta_site_web_DomaineLeMidi&utm_medium=gbp&utm_source=google,,,,
https://domainesaintmartin.com/,,,,
http://www.camping-carcassonne-toulouse.com/,,,,
https://www.eden-villages.fr/campings/les-truffieres-de-dordogne/,,,,
https://www.sandaya.fr/nos-campings/douce-quietude?utm_source=google&utm_medium=gbp&utm_campaign=cta_siteweb_DouceQuietude,,,,
https://www.campingdubaillons.com/,,,,
http://campingduboisdesforts.fr/,,,,
http://boisdessources.fr/,,,,
https://www.borddemer-camping.com/,,,,
https://www.camping-lac-du-der.com/,,,,
http://www.camping-falaise.com/,,,,
https://www.camping-du-cret.com/,,,,
http://www.campingdugrandpre.com/,,,,
http://www.campingdugrandsart.fr/,,,,
https://campingduhable.lahague.com/,,,,
http://www.campingduhalloy.fr/,,,,
http://www.campingdulac-dordogne.com/,,,,
https://camping-lac-au-duc.fr/,,,,
https://www.camping-du-lac-pyrenees.com/,,,,
https://www.campingdulacdebignac.fr/,,,,
https://www.campingdulacdemondon.fr/,,,,
https://www.camping-de-lyvet.com/,,,,
https://www.camping-lastourg.com/,,,,
https://camping.le-mont-saint-michel.com/?utm_source=google&utm_medium=organic&utm_campaign=fiche_gbp,,,,
https://www.le-moulin-brule.com/,,,,
http://www.camping-vannes.com/,,,,
https://www.campingduparc17.com/,,,,
https://camping.paysdebeille.fr/,,,,
https://promofr.click/camping-plein-air-7scct7,,,,
http://www.camping-ain-bugey.com/,,,,
https://www.tourisme-paysdemeaux.com/en/1829-camping-du-pont,,,,
http://www.campingdupontdabense.fr/,,,,
http://www.camping-pontdemaisonneuve.com/,,,,
https://camping-allier.com/,,,,
https://www.camping-plaisance.com/,,,,
https://www.campingdusablon.com/,,,,
https://www.campingdupylone.com/,,,,
http://www.campingalbert.fr/,,,,
https://www.campingduvaldauthie.fr/,,,,
http://www.camping-haut-jura.com/,,,,
http://www.camping-du-viaduc.fr/,,,,
https://naxiresa.inaxel.com/etape1-criteres.php?compte=ecoloire44,,,,
https://www.campinglereve.com/,,,,
http://www.camping-eden.fr/,,,,
https://www.eden-villages.fr/campings/domainedebrehadour/,,,,
https://www.eden-villages.fr/campings/manoirdekeranpoul/,,,,
http://www.camping-egletons.com/,,,,
http://alphadev.gitlab.io/site-camping-elizanburu/index.html,,,,
https://www.sandaya.fr/nos-campings/escale-saint-gilles?utm_campaign=cta_site_web_EscaleSaintGilles&utm_medium=gbp&utm_source=google,,,,
http://www.pradelles43.fr/,,,,
https://campingalafermeernee.wixsite.com/campingalaferme53,,,,
https://lecoeurdelaforet.fr/,,,,
http://www.fontainedannibal.com/,,,,
http://campingevasion.com/,,,,
http://www.fargogne.com/,,,,
https://www.legabitou.fr/bnb/bnb-1-1,,,,
https://camping-goyetchea.com/fr/,,,,
https://www.vacances-gruissan.com/,,,,
http://www.camping-hameaudesneiges.fr/,,,,
https://www.vaubarlet.com/fr/,,,,
https://www.hello-soleil.com/,,,,
https://www.camping-dherbelon.fr/,,,,
http://www.hermitagedesdunes.com/,,,,
https://www.camping-coeurdevendee.fr/?utm_campaign=gmb_search&utm_medium=organic&utm_source=google,,,,
https://www.domainedechaussy.com/?utm_campaign=gmb_search&utm_medium=organic&utm_source=google,,,,
https://www.massereau.com/?utm_campaign=gmb_search&utm_medium=organic&utm_source=google,,,,
https://www.camping-greenpark.com/?utm_campaign=gmb_search&utm_medium=organic&utm_source=google,,,,
https://www.camping-la-chapelle.com/?utm_campaign=gmb_search&utm_medium=organic&utm_source=google,,,,
https://www.campingleparcdelafecht.com/?utm_campaign=gmb_search&utm_medium=organic&utm_source=google,,,,
https://www.camping-soleil-mediterranee.com/?utm_campaign=gmb_search&utm_medium=organic&utm_source=google,,,,
https://www.campinglesgorgesdeprovence.com/?utm_campaign=gmb_search&utm_medium=organic&utm_source=google,,,,
https://www.mayottevacances.com/?utm_campaign=gmb_search&utm_medium=organic&utm_source=google,,,,
https://www.campingrieumontagne.com/?utm_campaign=gmb_search&utm_medium=organic&utm_source=google,,,,
https://www.campingrivagesdeslandes.com/?utm_campaign=gmb_search&utm_medium=organic&utm_source=google,,,,
https://www.camping-val-de-durance.com/?utm_campaign=gmb_search&utm_medium=organic&utm_source=google,,,,
https://europe.huttopia.com/site/arcachon/?utm_medium=organic&utm_source=gmb&utm_campaign=arcachon,,,,
https://europe.huttopia.com/site/bozel-en-vanoise/?utm_medium=organic&utm_source=gmb&utm_campaign=vanoise_bozel,,,,
https://europe.huttopia.com/site/camping-cote-sauvage-ile-de-re/?utm_medium=organic&utm_source=gmb&utm_campaign=cote_sauvage,,,,
https://europe.huttopia.com/site/camping-douarnenez/?utm_medium=organic&utm_source=gmb&utm_campaign=douarnenez,,,,
https://europe.huttopia.com/site/camping-fontvieille-provence/?utm_medium=organic&utm_source=gmb&utm_campaign=fontvieille,,,,
https://europe.huttopia.com/site/camping-lac-de-luby-gers/?utm_medium=organic&utm_source=gmb&utm_campaign=lac_de_l_uby,,,,
https://europe.huttopia.com/site/val-cenis/?utm_medium=organic&utm_source=gmb&utm_campaign=val_cenis,,,,
https://europe.huttopia.com/site/vanoise-secteur-champagny/?utm_medium=organic&utm_source=gmb&utm_campaign=vanoise_champagny,,,,
https://www.igesa.fr/,,,,
https://www.campingiledeboulancourt.com/,,,,
https://www.holidu.de/d/56455941?ref_source=google_vr&utm_source=google_vr_eb,,,,
http://www.campingisleverte.com/,,,,
https://www.camping-levasion.fr/?utm_source=google&utm_medium=local&utm_campaign=fiche_google,,,,
http://www.campingcondrieu.fr/,,,,
https://camping-amandier.fr/,,,,
http://camping-valleedutarn.fr/,,,,
https://www.sandaya.fr/nos-campings/l-anse-du-brick?utm_campaign=cta_site_web_LAnseDuBrick&utm_medium=gbp&utm_source=google,,,,
https://www.camping-creuse-limousin.com/,,,,
http://www.campingarmorique.com/,,,,
https://www.campingartaudois.com/?utm_source=gmb&utm_medium=organic,,,,
https://www.campinglastree.fr/,,,,
https://leauvive-camping.com/,,,,
https://www.holidu.de/d/61314565?ref_source=google_vr&utm_source=google_vr_eb,,,,
https://www.holidu.de/d/48049426?ref_source=google_vr&utm_source=google_vr_eb,,,,
https://www.campinglecrinnature.com/,,,,
http://www.campinglecureuil.com/,,,,
https://www.camping-eden-savoie.com/?utm_source=google&utm_medium=organic&utm_campaign=GBP,,,,
http://www.camping-escaledeloire.fr/,,,,
http://www.lestuaire.com/,,,,
http://www.campingetangdeshaizes.com/,,,,
https://www.camping-perdrix.fr/,,,,
http://www.campingdelocean.fr/,,,,
http://www.camping-ondinedeprovence.com/,,,,
https://www.camping-oree-danjou.fr/,,,,
https://www.sandaya.fr/nos-campings/l-ile-des-papes?utm_source=google&utm_medium=gbp&utm_campaign=cta_siteweb_IleDesPapes,,,,
http://www.lotevasion.com/,,,,
https://www.camping-renneslesbains.fr/,,,,
http://www.campinglabriquerie.com/,,,,
https://www.camping-la-buissiere.fr/,,,,
https://camping-la-cascade.com/,,,,
http://camping-la-chabannerie.com/,,,,
https://camping-la-chataigneraie.com/,,,,
https://www.campinglachaumiere59.com/,,,,
http://www.lacube.net/,,,,
https://www.camping-la-digue.fr/,,,,
https://www.campingdeladive.fr/,,,,
https://www.camping-dourbie-aveyron.com/,,,,
https://lespaysansvoyageurs.fr/,,,,
https://www.camping-de-reotier.fr/,,,,
https://camping-laforet-stella-plage-touquet.com/,,,,
https://www.camping-lagantesse.fr/,,,,
http://www.cevennes-voyages.com/,,,,
http://www.residence-lagarenne.fr/,,,,
https://campinglatentation.com/camping-la-nouvelle-aventure/,,,,
https://www.camping-apv.com/perigord-ardeche/camping-perigord-lot/bassillac-et-auberoche/camping-la-pelonie?utm_source=organic&utm_medium=google_business&utm_campaign=pelonie,,,,
https://www.camping-lapinede-04.com/?utm_source=google&utm_medium=organic&utm_campaign=gbp,,,,
https://www.camping-lapinede.com/,,,,
https://www.camping-lapinede-excenevex.com/,,,,
http://www.campinglaplage.fr/,,,,
https://www.laplagedelorb.com/,,,,
http://www.camping-castera.com/,,,,
https://www.camping-laprairie.fr/?utm_source=google&utm_medium=organic&utm_campaign=gbp,,,,
https://www.holidu.de/d/63561394?ref_source=google_vr&utm_source=google_vr_eb,,,,
https://www.holidu.de/d/63561397?ref_source=google_vr&utm_source=google_vr_eb,,,,
https://www.holidu.de/d/63561402?ref_source=google_vr&utm_source=google_vr_eb,,,,
https://www.holidu.de/d/63561401?ref_source=google_vr&utm_source=google_vr_eb,,,,
https://www.holidu.de/d/63627369?ref_source=google_vr&utm_source=google_vr_eb,,,,
https://www.holidu.de/d/63561419?ref_source=google_vr&utm_source=google_vr_eb,,,,
https://www.camping-raudiere.com/,,,,
http://www.camping-larenouillere.com/,,,,
https://www.sandaya.fr/nos-campings/la-ribeyre?utm_campaign=cta_site_web_LaRibeyre&utm_medium=gbp&utm_source=google,,,,
https://www.larivieredoree.com/?utm_source=google&utm_medium=organic&utm_campaign=gmb,,,,
http://www.campinglariviere.com/,,,,
https://campingdeguillestre.fr/,,,,
https://www.camping-la-roquette.com/,,,,
https://www.camping-var-ramatuelle.com/,,,,
https://www.camping-lasirene.fr/,,,,
http://www.camping-latisarne.com/,,,,
http://campinglavague.fr/,,,,
http://www.camping-vallee-avre.fr/,,,,
https://camping-montbazon.com/,,,,
https://camping-ninian.fr/,,,,
http://www.camping-vosges-vologne.com/,,,,
https://www.chavaniac-lafayette.fr/tourisme,,,,
https://www.pinsoleil.com/,,,,
https://www.campings-landes-vacances.com/fr/camping-landes-azur-accueil,,,,
https://www.campings-landes-vacances.com/fr/camping-landes-oceanes-accueil,,,,
http://www.las-closes.fr/,,,,
http://www.lei-suves.com/,,,,
https://www.campingbaslarin.com/,,,,
http://www.campinglebascat.com/?utm_source=gmb,,,,
https://www.campinglebeauvillage.com/,,,,
https://www.camping-vouvray.com/,,,,
https://www.holidu.de/d/40184786?ref_source=google_vr&utm_source=google_vr_eb,,,,
https://www.holidu.de/d/44538982?ref_source=google_vr&utm_source=google_vr_eb,,,,
https://www.campingbelevent.com/,,,,
https://www.campinglebelvedere.com/?utm_source=google&utm_medium=organic&utm_campaign=gmb,,,,
https://www.camping-lebivouac.fr/,,,,
http://www.campingleblayais.com/,,,,
http://www.campinglebocage.com/,,,,
http://www.campingleboisdepins.com/,,,,
http://www.campinglecoderc.com/,,,,
http://www.campingleboisjoli.com/,,,,
https://www.campingcardhotes.fr/aire-camping-du-boucher-1881,,,,
http://www.camping-le-bouloc.fr/,,,,
https://www.holidu.de/d/48049586?ref_source=google_vr&utm_source=google_vr_eb,,,,
https://www.castelrose.com/?utm_source=google&utm_medium=local&utm_campaign=fiche_google,,,,
https://www.camping-lecasties.fr/,,,,
https://www.camping-caussanel.fr/,,,,
http://www.chateau-martragny.com/,,,,
https://www.lechatelet.com/?utm_source=google&utm_medium=local&utm_campaign=fiche_google,,,,
https://www.holidu.de/d/48175399?ref_source=google_vr&utm_source=google_vr_eb,,,,
https://www.le-chaponnet.com/,,,,
http://www.camping-clairmarais.com/,,,,
http://www.camping-lozere.fr/,,,,
https://www.camping-glere.fr/fr/,,,,
https://www.camping-clos-fleuri.com/,,,,
http://www.camping-lecloslalande.com/,,,,
http://www.coin-tranquille.com/,,,,
https://www.camping-lecolporteur.com/,,,,
http://www.campinglecolvert.fr/,,,,
http://www.campinglecriquet.com/,,,,
https://www.campingledaxia.com/,,,,
https://www.campingledolium.fr/,,,,
https://domaine-longemer.com/,,,,
https://www.sandaya.fr/nos-campings/domaine-du-colombier?utm_source=google&utm_medium=gbp&utm_campaign=cta_siteweb_DomaineDuColombier,,,,
http://www.camping-le-drakkar.fr/,,,,
https://www.parcdufaillal.com/,,,,
https://www.sandaya.fr/nos-campings/le-fief?utm_source=google&utm_medium=gbp&utm_campaign=cta_siteweb_LeFief,,,,
http://www.camping-glandasse.com/,,,,
http://www.campingaubusson.fr/,,,,
https://www.campingdrome.net/,,,,
https://www.sandaya.fr/nos-campings/le-grand-dague?utm_source=google&utm_medium=gbp&utm_campaign=cta_site_web_LeGrandDague,,,,
http://www.grandlierne.com/,,,,
https://www.campinglegrandparis.com/?utm_source=google&utm_medium=local&utm_campaign=fiche_google,,,,
https://www.camping-le-gue.com/,,,,
https://www.sandaya.fr/nos-campings/le-kerou?utm_source=google&utm_medium=gbp&utm_campaign=cta_siteweb_LeKerou,,,,
https://leman-plage.pausado.com/,,,,
https://lelieu-dordogne.fr/,,,,
https://www.sandaya.fr/nos-campings/le-littoral?utm_campaign=cta_site_web_LeLittoral&utm_medium=gbp&utm_source=google,,,,
http://www.aubonniere.com/,,,,
https://le-luberon.pausado.com/,,,,
https://campinglelustou65.e-monsite.com/,,,,
http://www.campingleluy.com/,,,,
http://www.masdelinde.com/,,,,
https://www.masdesroses.com/fr/,,,,
https://www.campinglemat.com/,,,,
https://www.camping-lemergnecois.fr/,,,,
http://www.campinglemerin.com/,,,,
https://www.camping-dordogne-moulindepaulhiac.com/?utm_source=google&utm_medium=organic&utm_campaign=gbp,,,,
http://www.campingmoulinderambourg.com/,,,,
https://campinglemousserein.com/,,,,
https://www.sandaya.fr/nos-campings/le-p-tit-bois?utm_source=gmb&utm_medium=organic&utm_campaign=cta_site_web_LePtitBois,,,,
https://mon.camping.free.fr/?utm_source=gmb,,,,
https://www.palaisdelamer.com/,,,,
http://www.camping-le-panoramic.com/,,,,
https://www.campingcorny.com/,,,,
https://parcdelabastide.com/,,,,
http://camping-parcdugue.com/,,,,
https://www.camping-lepessac.com/,,,,
http://www.campinglepetitboiscantal.fr/,,,,
https://www.camping-chatel-censoir.fr/,,,,
http://www.lepong.com/,,,,
http://www.camping-lepontrouge.com/,,,,
https://camping-saint-benoit-sur-loire.fr/,,,,
http://www.camping-leportdelacombe.com/,,,,
https://anjousportnature.com/camping/,,,,
https://www.camping-lepoteau.com/,,,,
http://www.campingleprejoly.fr/,,,,
https://ventemobilhome.fr/,,,,
http://www.camping-leranch.com/,,,,
http://camping.holving.fr/,,,,
https://le-relais-du-leman.pausado.com/,,,,
https://www.camping-le-repaire.fr/,,,,
http://www.camping-auvergne-france.com/,,,,
https://www.camping-leroc.com/,,,,
https://www.holidu.de/d/63599880?ref_source=google_vr&utm_source=google_vr_eb,,,,
http://campinglesafary.fr/,,,,
http://campingitesriomcantal.com/,,,,
https://www.eden-villages.fr/campings/le-suroit/?utm_source=google&utm_medium=organic&utm_campaign=mybusiness-website,,,,
http://www.le-sous-bois.fr/,,,,
http://www.letarteron.fr/,,,,
https://www.campinglevagabond.fr/,,,,
http://www.campinglethouet.com/,,,,
https://www.chalet-aspe.com/,,,,
http://www.cantalcamping.fr/,,,,
https://www.camping-chezery.fr/,,,,
https://campingsiaugues.wixsite.com/camping-siaugues,,,,
http://www.campingleverger.com/,,,,
https://www.levieuxport.com/fr?utm_source=google&utm_medium=organic,,,,
http://www.camping-viginet.com/,,,,
http://www.camping-levillage.com/,,,,
https://www.campinglesecrins.com/,,,,
http://www.les2lacs.com/,,,,
https://www.campingles4saisons.fr/,,,,
http://www.campinglesacacias.com/,,,,
http://www.actinidias.com/,,,,
https://www.sandaya.fr/nos-campings/les-alicourts?utm_source=google&utm_medium=gbp&utm_campaign=cta_siteweb_LesAlicourts,,,,
http://les-aubazines.com/,,,,
https://www.bo-bains.com/,,,,
https://campingdeconjux.com/,,,,
http://www.camping-les-balmasses.com/,,,,
http://www.campinglesbardons.com/,,,,
https://www.camping-les-bonnets.com/,,,,
http://www.campings-seltz.fr/,,,,
https://www.camping-lesbosquets.com/?utm_source=google&utm_medium=organic&utm_campaign=gbp,,,,
https://www.campinglesbrillas.com/,,,,
http://campinglesbruyeres.com/,,,,
https://www.camping-aveyron.fr/,,,,
https://www.camping-leschenesverts.com/?utm_source=google&utm_medium=organic&utm_campaign=gbp,,,,
https://www.camping-chagnelles.fr/,,,,
http://www.campinglescharmes.com/,,,,
http://www.camping-leschenes-dax.com/,,,,
https://www.camping-cigales.com/,,,,
https://camping-les-embruns.fr/,,,,
http://www.campinglesetangs.com/,,,,
https://www.camping-la-richardais.fr/,,,,
https://campingdeplessac.fr/,,,,
https://www.camping-grandspins.com/,,,,
http://www.camping-lesgrandssables.com/,,,,
https://www.sandaya.fr/nos-campings/les-grenettes?utm_campaign=cta_siteweb&utm_medium=gbp&utm_source=google,,,,
http://www.campinglesguerins.com/,,,,
https://lesjardinsdelauthie.fr/,,,,
https://www.sandaya.fr/nos-campings/les-jardins-de-privas?utm_campaign=cta_site_web_LesJardinsDePrivas&utm_medium=gbp&utm_source=google,,,,
http://www.campinglanchettes.com/?utm_source=gmb,,,,
https://www.les-lumes.com/,,,,
https://www.campingdeceillac.com/,,,,
http://www.camping-termignon-lavanoise.com/,,,,
https://www.camping-les-maraises.fr/,,,,
https://www.campinglesmielles-surtainville.fr/,,,,
http://www.camping-les-mouettes.fr/,,,,
http://www.auxmyrtilles.com/,,,,
http://www.campingminaudieres.com/,,,,
http://www.domainelespeupliers.fr/,,,,
http://www.camping-peupliers-pouldreuzic.com/,,,,
https://www.camping-montalivet-lespeupliers.com/,,,,
https://campinglespins-05.com/,,,,
https://camping-les-pivolles.fr/,,,,
http://www.campingain.fr/,,,,
https://www.camping-les-plans.fr/,,,,
https://www.camping-lespommiers.com/,,,,
http://www.camping-portes-du-trieves.com/,,,,
https://www.campinglespresdarly.com/,,,,
https://www.campinglesprairies.com/,,,,
https://www.holidu.de/d/51596712?ref_source=google_vr&utm_source=google_vr_eb,,,,
https://www.holidu.de/d/55890792?ref_source=google_vr&utm_source=google_vr_eb,,,,
https://camping-valbelle-randonneurs.fr/,,,,
https://www.campinglesrivesdecourtes.com/?fbclid=IwY2xjawThdEdwZG9mAWV4dG4DYWVtAjEwAGJyaWQRMWZ6VjM3dkpabERpYVlqUjBzcnRjBmFwcF9pZBAyMjIwMzkxNzg4MjAwODkyAAEeoyKXVnGfXbeLx1dlBHXbDRxqsKWqgeYjtpMUVvo09POC513bnNaSOzn-ggo_aem_FPZUnKfvY7rlHG6nr2KlcQ,,,,
http://www.camping-rivesdeladour.com/,,,,
https://camping.lesrivesdeparis.fr/,,,,
https://camping-lac-de-vinca.com/,,,,
http://camping-les-sapins-64.com/,,,,
https://lessauleschambon.com/,,,,
https://www.camping-des-sources.fr/?utm_source=google&utm_medium=organic,,,,
http://www.campinglessucheres.com/,,,,
http://www.campingrivareennes.com/,,,,
https://www.les-tourterelles.fr/,,,,
https://www.sandaya.fr/nos-campings/les-tropiques?utm_source=google&utm_medium=gbp&utm_campaign=cta_site_web_les_tropiques,,,,
http://www.tuilleres.com/,,,,
https://www.camping-des-ulezes.fr/,,,,
http://www.camping-lesvigeres.com/,,,,
http://www.campinglesviolettes.com/?utm_source=gmb,,,,
http://www.camping-les-voiliers.fr/,,,,
https://www.campinglizoe.fr/,,,,
http://jpvacances.com/,,,,
http://www.campinglesnenuphars.com/?page_id=30,,,,
http://www.camping-lesrivesduceou.com/,,,,
http://www.loucantoucevenol.com/,,,,
http://www.campinglemerou.com/,,,,
https://www.sandaya.fr/nos-campings/maguide?utm_campaign=cta_siteweb_Maguide&utm_medium=gbp&utm_source=google,,,,
http://www.camping-mandala.fr/,,,,
https://www.holidu.de/d/53019104?ref_source=google_vr&utm_source=google_vr_eb,,,,
https://www.holidu.de/d/63561457?ref_source=google_vr&utm_source=google_vr_eb,,,,
https://www.holidu.de/d/52949846?ref_source=google_vr&utm_source=google_vr_eb,,,,
https://www.holidu.de/d/49138011?ref_source=google_vr&utm_source=google_vr_eb,,,,
https://www.holidu.de/d/52949837?ref_source=google_vr&utm_source=google_vr_eb,,,,
https://www.holidu.de/d/52949841?ref_source=google_vr&utm_source=google_vr_eb,,,,
http://www.campingmeslesdumorvan.com/,,,,
http://www.mirabel-crique.com/,,,,
https://www.mirabel-clostranquille.com/,,,,
https://montanaparc.com/villages-vacances/oasis-village/?utm_source=google&utm_medium=organic&utm_campaign=gbp,,,,
https://www.sandaya.fr/nos-campings/mont-saint-michel?utm_source=google&utm_medium=gbp&utm_campaign=cta_siteweb_MontSaintMichel,,,,
https://campingaugredesvents.com/?utm_source=gmb,,,,
https://www.saint-quentin.fr/51-camping.htm,,,,
https://www.campingaudenge.com/,,,,
https://saignes15.fr/,,,,
http://treignat-allier.weebly.com/camping-municipal.html,,,,
http://www.camping-municipal-ocean.com/,,,,
http://www.camping-etel.fr/,,,,
https://mairiestniziersura.wixsite.com/camping-de-la-plage,,,,
https://kermaria-sulard.fr/tourisme/camping,,,,
http://camping.nivigne-et-suran.fr/,,,,
http://www.campingdeverdalle.com/,,,,
https://www.mairie-lauterbourg.fr/FR/Mes-loisirs/Base-loisirs/Camping-Lauterbourg.html,,,,
http://www.lebouchetsaintnicolas.fr/,,,,
http://www.st-honore-les-bains.com/camping-municipal-du-guet/,,,,
https://webmaster8255.wixsite.com/campingdulac-neris/,,,,
http://plaisance12.com/tourisme-et-loisirs/camping-sud-aveyron/,,,,
https://champdor-corcelles.jimdo.com/le-tourisme/le-camping/,,,,
https://animazioa5.wixsite.com/camping-de-baigorri,,,,
https://www.camping-issoire.fr/fr,,,,
http://camping-la-garenne.e-monsite.com/,,,,
https://mairie-sentein.fr/le-camping-municipal/,,,,
https://campinglavialette.wixsite.com/camping-la-vialette,,,,
https://www.campingcarpark.com/fr_FR/camping-car/nouvelle-aquitaine/haute-vienne/le-dorat,,,,
https://camping-leponget.jimdofree.com/,,,,
https://www.camping-maillylechateau.fr/,,,,
https://www.campinglesecureuils-drome.com/,,,,
https://www.chateluslemarcheix.fr/fr/services/loisirs-et-tourisme-camping-municipal,,,,
http://www.lespinsbleus.com/,,,,
https://www.chaillac36.fr/tourisme-economie/tourisme/hebergements/camping/,,,,
https://www.montpezat-sous-bauzon.fr/?-Tourisme-et-hebergements-,,,,
http://www.camping-narbaitz.com/,,,,
http://campinglevalenty.fr/,,,,
https://www.lagenese.com/?utm_campaign=gmb_search&utm_medium=organic&utm_source=google,,,,
https://www.fiscalou.fr/,,,,
http://www.le-petit-dauphin.com/,,,,
https://leshesperides.org/,,,,
http://www.domainepetitarlane.fr/,,,,
https://www.camping-verdon-provence.fr/,,,,
https://www.night-and-day.fr/camping/27-camping-des-loisirs,,,,
https://www.night-and-day.fr/camping/5-camping-tournefeuille,,,,
http://www.campingodevras.fr/,,,,
http://www.camping-lot-bellevue.com/,,,,
https://www.sandaya.fr/nos-campings/ondres-ocean?utm_campaign=cta_siteweb_OndresPlage&utm_medium=gbp&utm_source=google,,,,
https://www.camping-oreedelocean.com/,,,,
https://www.sandaya.fr/nos-campings/peneyrals?utm_campaign=cta_site_web_Peneyrals&utm_medium=gbp&utm_source=google,,,,
https://www.camping-bazange-dordogne.com/?utm_source=google&utm_medium=organic&utm_campaign=gmb,,,,
https://www.camping-la-rochelle-alacorniche.com/,,,,
https://www.holidu.de/d/55625633?ref_source=google_vr&utm_source=google_vr_eb,,,,
https://www.camping-belledune.com/,,,,
https://www.la-grand-metairie.com/?utm_source=gmb&utm_medium=organic,,,,
https://www.campingleroyon.com/?utm_source=google&utm_medium=organic&utm_campaign=gbp,,,,
https://www.camping-du-viaduc.com/,,,,
https://camping-leschanterelles.com/,,,,
https://www.holidu.de/d/47897630?ref_source=google_vr&utm_source=google_vr_eb,,,,
https://soleildoc.fr/?utm_source=google&utm_medium=organic&utm_campaign=gbp,,,,
http://www.campinglesgoelands.com/,,,,
https://www.camping-marseille.fr/,,,,
https://pegomas.pausado.com/,,,,
https://www.camping-paysrhenan.fr/FR/,,,,
https://www.sandaya.fr/nos-campings/plein-air-des-chenes?utm_campaign=cta_site_web_PleinAirDesChenes&utm_medium=gbp&utm_source=google,,,,
https://www.camping-apv.com/atlantique/camping-sud-bretagne/camping-la-trinite-sur-mer/plijadur?utm_source=googlemybusiness&utm_medium=organic,,,,
https://www.polder-vacances.com/,,,,
https://www.sandaya.fr/nos-campings/port-manec-h?utm_source=google&utm_medium=gbp&utm_campaign=cta_siteweb_PortManech,,,,
https://campingdromeprovence.com/?utm_source=google&utm_medium=organic&utm_campaign=gmb,,,,
http://www.camping-porte-des-alpilles.com/,,,,
http://lemaineblanc.fr/,,,,
https://www.camping-residea.com/,,,,
http://www.loreedeslandes.com/,,,,
http://www.residence-macampagne.fr/,,,,
https://www.sandaya.fr/nos-campings/riviera-d-azur?utm_source=google&utm_medium=gbp&utm_campaign=cta_siteweb_RivieraDazur,,,,
https://campingroyalocean.com/,,,,
https://www.lotcamping.com/,,,,
http://www.campingruraldesmarronniers.fr/,,,,
http://st-evroult-nd-du-bois.fr/activites/camping-etang-des-saints-peres,,,,
https://www.sandaya.fr/nos-campings/la-nubliere?utm_campaign=cta_site_web_LaNubliere&utm_medium=gbp&utm_source=google,,,,
https://www.sandaya.fr/nos-campings/les-vagues?utm_campaign=cta_site_web_LesVagues&utm_medium=gbp&utm_source=google,,,,
https://www.sandaya.fr/nos-campings/sequoia-parc?utm_campaign=cta_site_web_SequoiaParc&utm_medium=gbp&utm_source=google,,,,
https://www.camping-la-sittelle.fr/,,,,
https://www.lesbordsduguiers.com/,,,,
http://www.camping-lesplagesdeloire.com/?utm_source=gmb,,,,
https://www.campingsersirant.fr/,,,,
https://www.clotdujay.com/,,,,
https://www.holidu.de/d/62727539?ref_source=google_vr&utm_source=google_vr_eb,,,,
https://www.holidu.fr/d/48772462?ref_source=google_vr&utm_source=google_vr_eb,,,,
http://www.campingsmileetbraudieres.com/,,,,
http://www.campingalaferme-sobieta.fr/,,,,
https://www.camping-soleillevant.com/?utm_source=google&utm_medium=organic&utm_campaign=gbp,,,,
https://www.sandaya.fr/nos-campings/soulac-plage?utm_campaign=cta_site_web_SoulacPlage&utm_medium=gbp&utm_source=google,,,,
http://www.l-hippocampe.com/,,,,
https://www.camping-mazet-plage.com/?utm_source=gmb&utm_medium=organic,,,,
http://www.terre-rouge.fr/,,,,
https://www.camping-la-prairie.fr/,,,,
https://www.campingthesauque.com/,,,,
https://campingtours.fr/,,,,
http://www.camping-eguisheim.fr/,,,,
https://www.campingauboisjoli.com/,,,,
http://www.camping-montalivet.fr/,,,,
http://www.camping-vienne.com/,,,,
http://www.lesfougeres-iledere.com/,,,,
http://www.camping-les-myotis.com/,,,,
https://www.camping-vagues-oceanes.com/camping-dordogne/la-chataigneraie.html,,,,
https://www.camping-vagues-oceanes.com/camping-aude/hamacs.html,,,,
https://www.camping-vagues-oceanes.com/camping-landes/marina-landes.html,,,,
https://www.camping-vagues-oceanes.com/camping-seine-et-marne/pres-fontaine.html,,,,
https://www.sandaya.fr/nos-campings/val-andre?utm_campaign=cta_site_web_ValAndre&utm_medium=gbp&utm_source=google,,,,
https://camping-beaugency.fr/,,,,
https://valstgeorges.fr/,,,,
https://www.lodgesmediterranee.com/,,,,
https://campingvauban.ellohaweb.com/,,,,
https://www.holidu.fr/d/56154554?ref_source=google_vr&utm_source=google_vr_eb,,,,
https://www.camping-saint-laurent-de-cerdans.fr/,,,,
http://www.camping-beaurivage.com/,,,,
https://www.holidu.de/d/37851634?ref_source=google_vr&utm_source=google_vr_eb,,,,
https://www.holidu.de/d/37917577?ref_source=google_vr&utm_source=google_vr_eb,,,,
https://www.camping-ilbarritz.com/?utm_source=google&utm_medium=organic&utm_campaign=MyBusiness,,,,
https://www.camping-saint-emilion.com/fr/?utm_source=google_my_business&utm_medium=organic&utm_campaign=cta_site_web,,,,
http://www.leserignanplage.com/,,,,
https://www.aveyron-location.com/fr/?utm_source=google_my_business&utm_medium=organic&utm_campaign=cta_site_web,,,,
https://www.campingpommedepin.fr/,,,,
https://www.louvarel.com/fr/,,,,
http://camping-nature-riviere.com/fr/?utm_source=google_my_business&utm_medium=organic&utm_campaign=cta_site_web,,,,
https://www.lescouleursdelacoubre.com/,,,,
https://www.campingcarpark.com/fr_FR/sejour/camping/nouvelle-aquitaine/33-gironde/saint-medard-de-guizieres,,,,
http://www.domaine-eperviere.com/,,,,
https://www.castel-chalets.fr/,,,,
http://www.camping-keskastel.fr/fr/home/,,,,
https://complexetouristique-creissan.fr/,,,,
https://www.camping-innature.com/,,,,
http://www.domainedelitteau.fr/,,,,
https://www.camping-la-colombiere.com/fr/,,,,
https://www.camping-hourtin.com/?utm_source=gmb,,,,
https://www.leprademars.com/,,,,
https://www.naturisme-rivabella.com/?utm_source=google&utm_medium=organic&utm_campaign=GBP,,,,
https://www.camping-la-tiere.fr/,,,,
https://www.vallonsenbretagne.fr/contacts/eco-camping-des-buis/,,,,
https://www.eldapi-vacances.fr/camping-la-ferme/,,,,
https://terrerouge.jouwweb.nl/,,,,
http://www.visitmongrenier.com/camping,,,,
http://www.europ-camping.com/,,,,
https://camping-rouffiac.fr/fr/,,,,
https://camping-lac-seigneurie.com/,,,,
https://www.saumur-camping.com/?ept-publisher=uska&ept-name=saumur-ile-d-offard,,,,
https://www.camping-pinede.com/?utm_source=google&utm_medium=organic&utm_campaign=gmb,,,,
https://www.camping-correze.com/?ept-publisher=uska&ept-name=treignac-la-plage,,,,
https://camping-lariviere.com/,,,,
https://www.bel-air-camping.com/?ept-publisher=uska&ept-name=ile-de-re-bel-air,,,,
https://www.camping-bord-de-loire.com/,,,,
https://www.camping-kerleyou.com/?ept-publisher=uska&ept-name=douarnenez-kerleyou,,,,
https://camping-platinredoute.fr/?ept-publisher=uska&ept-name=re-platin-redoute,,,,
https://www.camping-dordogne-marquise.com/,,,,
https://www.camping-le-vieux-moulin.fr/,,,,
https://www.camping-le-vorlen.fr/?ept-publisher=uska&ept-name=fouesnant-le-vorlen,,,,
http://www.camping-les-mijeannes.fr/,,,,
https://www.holidu.fr/d/48031451?ref_source=google_vr&utm_source=google_vr_eb,,,,
https://www.holidu.fr/d/36379321?ref_source=google_vr&utm_source=google_vr_eb,,,,
http://www.campingdesiscles.com/,,,,
https://www.provence-vallee.fr/,,,,
https://www.camping-tamarins-plage.fr/?ept-publisher=uska&ept-name=ile-de-re-tamarins-plage,,,,
http://www.fontaineblhostel.com/,,,,
https://www.laboriebasse.com/,,,,
https://gite-normandie-baie-bocage.com/,,,,
http://www.pennarpont.com/,,,,
https://www.gaia-ecolodge.fr/,,,,
http://masdebordes.fr/,,,,
https://www.camping-greenvillage.fr/fr/,,,,
http://camping-insolite.kabaneko.fr/,,,,
https://www.camping-apv.com/atlantique/camping-ile-d-oleron/camping-saint-georges-d-oleron-domino/l-anse-des-pins?utm_source=googlemybusiness&utm_medium=organic,,,,
https://www.campingdeloreedubois.fr/?utm_medium=referral&utm_source=gmb&utm_campaign=lnk-gmb,,,,
https://labucaille.com/,,,,
https://www.lamaisondesdruides.com/,,,,
https://www.camping-mimizan-plage.com/,,,,
https://www.camping-lapointe.com/,,,,
https://www.lacsaintgeorges.com/,,,,
http://www.camping-de-la-plage-en-balagne.com/,,,,
http://www.asasp-4saisons.com/,,,,
http://www.lecampingmoto.net/,,,,
https://www.cosycamp.com/?utm_source=google&utm_medium=organic&utm_campaign=GBP,,,,
http://www.ledomainedesoulac.fr/,,,,
https://www.lagondelapree.com/,,,,
http://campingmadriniacus.over-blog.com/,,,,
https://frhotel.click/prado-camping-accueil-i9sdcl,,,,
https://www.cottagesdeperpignan.com/,,,,
https://camping-lesembruns.fr/,,,,
https://www.hometogo.at/search/5460aec8dda96?id=3cc2100a0a90009cf14309257c6ed1a7@f@s&adword=gvf/AT/3cc2100a0a90009cf14309257c6ed1a7/ct=s/n-a/n-a/5460aec8dda96&utm_source=gvf&ghf_acc=gvf&gValidation=false,,,,
https://maurienne-outdoor.com/eco-camping/,,,,
https://www.opnaarfrankrijk.nl/WordPress/natuurcamping/,,,,
https://www.olydea.com/residence/tourisme-deux-sevres,,,,
https://www.camping-normandie-reinemathilde.com/,,,,
http://www.camping-belesbat.com/,,,,
https://sylvalleewesternvillage.ellohaweb.com/,,,,
https://www.vacances-ulvf.com/o-aka/,,,,
http://www.camping-tarn-et-garonne.com/,,,,
http://www.vacancesetpeche.fr/,,,,
https://www.vvf.fr/article/choix-experience-vacances-vvf,,,,
https://www.vvf.fr/destination/ete/camping-creances,,,,
https://www.camping-ranc-davaine.fr/,,,,
https://www.berrua.com/?utm_source=google&utm_medium=organic&utm_campaign=gbp,,,,
https://www.domainelescarrelets.com/?utm_source=google&utm_medium=organic&utm_campaign=gbp,,,,
https://camping-fayolan.fr/,,,,
https://br.bluepillow.com/search/6949755d5c042e01bacc5cd8?dest=bkng&cat=House&lat=46.81959&lng=-1.88825&language=pt,,,,
https://www.vrbo.com/pdp/lo/102187072?MDPCID=VRBO-META.HPA.WEB-ORGANIC.VR,,,,
https://domainerelaisdulac-aveyron.com/,,,,
https://www.grand-bois.com/,,,,
https://www.camping-lepredesmoines.com/,,,,
http://www.camping-montreuil-juigne.com/,,,,
https://www.campingduportcaroline.fr/,,,,
https://lesrivesdaurec.fr/hebergements-loire-groupe/camping-3-etoiles-gorges-de-la-loire/,,,,
https://europe.huttopia.com/site/etang-de-fouche/?utm_medium=organic&utm_source=gmb&utm_campaign=etang_de_fouche,,,,
https://www.bienvenue-a-la-ferme.com/bourgognefranchecomte/cote-d-or/marcilly-et-dracy/ferme/le-verger-camping-a-la-ferme/81650,,,,
https://www.campingdulacdepont.fr/,,,,
https://www.aquadis-loisirs.com/camping-nature/camping-de-bourbon-lancy,,,,
https://europe.huttopia.com/site/camping-la-claree/?utm_medium=organic&utm_source=gmb&utm_campaign=la_claree,,,,
https://www.campinglemontana.fr/,,,,
http://www.camping-du-pas-des-biches.com/,,,,
https://www.campingbelleriviere.fr/,,,,
http://www.camping-moissac.com/,,,,
http://www.village-vacances-lesboisdeprayssac.fr/,,,,
http://www.lemoulindethoard.com/,,,,
https://www.campingdouceprovence.com/fr/,,,,
https://www.camping-lauzons.com/?utm_source=google&utm_medium=organic&utm_campaign=gmb,,,,
https://www.campinglemerval.fr/,,,,
https://www.camping-la-rochelle.com/,,,,
http://campingauport.com/,,,,
http://www.lepetitbooth.com/,,,,
https://www.camping-la-siesta.com/,,,,
https://www.camping-vendee-les-dunes.com/?ept-publisher=uska&ept-name=longeville-sur-mer-les-dunes,,,,
https://www.camping-vichy.com/,,,,
https://www.capfun.com/camping-france-auvergne-ranch_du_volcan-FR.html,,,,
http://www.camping-du-lac-dijon.com/,,,,
https://campinglozere.net/,,,,
http://www.chalets-lac-ganivet.com/,,,,
https://camping-gevaudan.fr/,,,,
https://www.village-vacances-auvergne-lacdemenet.com/,,,,
http://www.campingdubrevedent.fr/,,,,
http://www.camping-houlgate.com/,,,,
http://camping-boisetmarais.com/,,,,
https://www.camping-lac-saint-pardoux.fr/,,,,
https://www.campinglayole.com/?utm_campaign=gmb_search&utm_medium=organic&utm_source=google,,,,
https://www.camping-vagues-oceanes.com/camping-herault/manoir-de-balkos,,,,
https://lamisoleil.com/fr/village-de-vacances/vendres,,,,
https://campinglematincalme.com/,,,,
https://europe.huttopia.com/site/dieulefit/?utm_medium=organic&utm_source=gmb&utm_campaign=dieulefit,,,,
http://www.forestviewfrance.com/,,,,
https://www.campingperche.com/,,,,
http://www.campingmonacoparc.com/,,,,
http://campingduperchebellemois.com/,,,,
https://www.sandaya.fr/nos-campings/chateau-des-marais?utm_source=google&utm_medium=gbp&utm_campaign=cta_siteweb_ChateauDesMarais,,,,
http://www.camping-latourdefrance.fr/?utm_source=google&utm_medium=organic&utm_campaign=gmb,,,,
http://www.camping-al-comu.com/,,,,
http://www.sud-ardeche-camping.fr/,,,,
http://www.campinglestival.com/,,,,
http://camping-ombredessycomores.com/,,,,
https://www.camping-lebarutel.com/,,,,
http://www.les-lavandes-darbres.com/,,,,
https://www.camping-lacharderie.com/?utm_source=google&utm_medium=gbp&utm_campaign=profil,,,,
https://camping-4-etoiles-ardeche.com/,,,,
http://www.le-folastere.fr/,,,,
https://www.meretvacances.fr/,,,,
https://www.clicochic.com/camping-france-bourgogne-village_des_meuniers-FR.html,,,,
http://www.campinglesfeuilles.fr/,,,,
https://www.saint-aubin-du-cormier.bzh/camping-municipal-de-letang/,,,,
https://www.camping-domainedulogis.com/,,,,
https://sur-la-route-du-der.fr/,,,,
https://www.camping-nature.net/,,,,
https://www.camping-normandie-yport.com/?ept-publisher=uska&ept-name=yport-la-chenaie,,,,
https://autylosoleil.fr/,,,,
https://www.saintebaume.com/?utm_campaign=gmb_search&utm_medium=organic&utm_source=google,,,,
http://www.camping-couleurs-du-monde.com/,,,,
https://www.domaine-de-dugny.fr/,,,,
http://www.la-grande-tortue.com/,,,,
https://www.camping-cheverny.com/,,,,
http://www.lheureuxhasard.com/,,,,
https://europe.huttopia.com/site/camping-les-chateaux/?utm_medium=organic&utm_source=gmb&utm_campaign=les_chateaux,,,,
http://www.camping-fees.fr/,,,,
https://www.valdelandrouet.com/?utm_source=gmb,,,,
https://www.campingparis.fr/?utm_medium=organic&utm_source=gmb&utm_campaign=citykamp_paris,,,,
https://europe.huttopia.com/site/camping-versailles/?utm_medium=organic&utm_source=gmb&utm_campaign=versailles,,,,
https://www.clicochic.com/camping-france-champagne_ardenne-forge_sainte_marie-FR.html,,,,
http://www.camping-provence-drome.com/,,,,
https://www.capfun.com/camping-france-bretagne-lodge-FR.html,,,,
https://www.vannes-camping.com/?ept-publisher=uska&ept-name=vannes-le-conleau,,,,
https://www.fort-espagnol.com/?utm_source=google&utm_medium=local&utm_campaign=fiche_google,,,,
https://www.sandaya.fr/nos-campings/moulin-de-l-eclis?utm_campaign=cta_site_web_MoulinDeLEclis&utm_medium=gbp&utm_source=google,,,,
http://www.camping-jargeau.fr/,,,,
http://camping-evoiches-marchiennes-nord.fr/,,,,
http://bellevuesglampingandcamping.com/,,,,
http://www.campingdumettey.com/,,,,
http://www.lac-moselotte.fr/,,,,
https://europe.huttopia.com/site/foret-des-vosges/?utm_medium=organic&utm_source=gmb&utm_campaign=foret_des_vosges,,,,
https://www.steniole.com/,,,,
http://www.domainedesmessires.com/,,,,
http://www.hermitage-camping.com/,,,,
http://www.camping-lelacdesreves.fr/,,,,
https://www.leslodgesdulagon.com/,,,,
http://www.camping-polminhac.fr/,,,,
http://www.campinglabedisse.com/,,,,
https://www.camping-la-pommeraie.com/,,,,
http://www.camping-des-blats.fr/,,,,
http://www.lesrivesdulac.fr/,,,,
https://www.sous-les-etoiles.camp/,,,,
https://www.camping-la-serre.com/,,,,
http://www.campinglaregate.com/,,,,
https://www.lerocdelrey.fr/,,,,
https://damesaveurs.com/,,,,
https://www.campinglefortmontbel.com/,,,,
http://www.campingvalleedebeille.com/,,,,
https://www.camping-ried.com/?utm_campaign=gmb_search&utm_medium=organic&utm_source=google,,,,
http://www.domainelesclots.com/,,,,
https://www.campinglaprade.com/,,,,
https://camping.ville-tonnerre.com/,,,,
https://www.camping-auptitbonheur.com/,,,,
https://www.campingdulacducausse.com/?utm_source=google&utm_medium=seo&utm_campaign=google_my_business,,,,
https://www.temps-de-vivre.com/?utm_source=google&utm_medium=organic&utm_campaign=gmb,,,,
https://www.vacances-camping-jura-location.com/,,,,
http://camping-lemontjolibois.com/,,,,
http://www.campinglecolombier.com/,,,,
https://www.atc-routesdumonde.com/camping-cagnes-sur-mer-06,,,,
https://www.parcdesmaurettes.com/,,,,
http://www.rivesduloup.com/,,,,
http://camping-etangmerlin.e-monsite.com/,,,,
https://europe.huttopia.com/site/camping-la-plage-blanche/?utm_medium=organic&utm_source=gmb&utm_campaign=la_plage_blanche,,,,
https://www.domaine-epinette.com/fr/,,,,
https://www.camping-bordeaux.com/fr/?utm_source=google_my_business&utm_medium=organic&utm_campaign=cta_site_web,,,,
https://www.vieuxchateau.fr/,,,,
https://www.camping-ecureuil.com/,,,,
https://www.campinglerelaisdelavalleeblanche.com/,,,,
http://www.lahaltedemainville.fr/,,,,
https://www.yukadivillages.com/le-logis/,,,,
http://www.aupredulac.eu/,,,,
http://camping-moulindetulette.fr/,,,,
https://www.campingdeschevrets.fr/,,,,
https://www.camping-duguesclin.com/,,,,
http://www.campingdelileverte.com/,,,,
https://www.vitre.bzh/camping-municipal,,,,
https://dombvd.wixsite.com/lafermedesoeuvres,,,,
http://www.camping-residentiel-le-paradis.fr/,,,,
https://www.domainedelabreche.com/?utm_campaign=gmb_search&utm_medium=organic&utm_source=google,,,,
https://www.pitchup.com/fr/campsites/france/poitou-charentes/deux-sevres/la-chapelle-pouilloux/camping-de-la-grange-au-maire/,,,,
https://www.camping-lac-des-vieilles-forges.com/?utm_campaign=gmb_search&utm_medium=organic&utm_source=google,,,,
http://www.camping-lasamaritaine.fr/,,,,
http://www.coutel.com/,,,,
https://www.camping-leaumere.fr/,,,,
https://www.camping-montaigut-le-blanc.fr/,,,,
https://www.campingauxrivesdulac.com/,,,,
http://www.les-terres-rouges.com/,,,,
https://www.campingdartagnan.com/,,,,
http://www.residences-la-becque.com/,,,,
https://campingmiamiplage.com/,,,,
https://www.domainedanghione.com/?utm_campaign=gmb_search&utm_medium=organic&utm_source=google,,,,
http://www.bonneanseplage.fr/,,,,
http://www.lespierrescouchees.fr/,,,,
https://www.sandaya.fr/nos-campings/le-ranolien?utm_campaign=cta_site_web_LeRanolien&utm_medium=gbp&utm_source=google,,,,
https://www.sandaya.fr/nos-campings/l-oree-du-bois?utm_campaign=cta_site_web_LOreeDuBois&utm_medium=gbp&utm_source=google,,,,
http://www.domainedekerlann.fr/,,,,
http://www.leboisdormant.fr/,,,,
http://www.leboismasson.fr/,,,,
http://www.lescharmettes.fr/,,,,
https://www.campingmeretcamargue.fr/,,,,
http://www.campinglolivier.fr/,,,,
http://www.lepresaintandre.com/,,,,
https://sites.google.com/view/lch-camping-adherents/accueil,,,,
http://www.marachevacances.com/,,,,
http://www.camping-la-reserve.fr/,,,,
http://www.campingdeladune.fr/,,,,
https://www.lesviviers.com/,,,,
https://www.les-ecureuils.com/,,,,
https://www.campingdesamba.com/,,,,
https://camping-petites-roches.com/,,,,
http://www.camping-chartreuse.com/,,,,
https://campingvillagelelac.fr/,,,,
https://europe.huttopia.com/site/pays-des-bastides/?utm_medium=organic&utm_source=gmb&utm_campaign=pays_des_bastides,,,,
https://www.camping-new-rabioux.fr/,,,,
https://camping-closdestourterelles.fr/,,,,
https://www.night-and-day.fr/camping/7-camping-le-bois-vert,,,,
https://www.camping-lille.fr/,,,,
http://www.leboisvieux.com/,,,,
https://www.la-croix-du-vieux-pont.com/?utm_campaign=gmb_search&utm_medium=organic&utm_source=google,,,,
https://www.campingdelaigrette.com/,,,,
http://www.camping-picardie.com/,,,,
https://campinglacrebecques.wixsite.com/campinglacrebecques,,,,
http://www.camping-arques.fr/,,,,
http://www.lapetiteforet.fr/,,,,
http://www.camping-aisne.fr/,,,,
https://www.campingprevologne.fr/,,,,
http://camping-les-deux-pins-vosges.com/,,,,
https://www.camping-taninges.fr/,,,,
https://prunay.fr/,,,,
https://www.homecamper.fr/land/25453,,,,
http://www.campinglaforet.com/,,,,
http://www.campingdelaseine.com/,,,,
http://campingdespoteries.fr/,,,,
http://www.campingmontdesbruyeres.com/,,,,
http://www.camping-sensee.com/,,,,
http://www.les3lacsdusoleil.com/,,,,
http://www.camping-valleebleue.fr/,,,,
http://www.letournesol.eu/,,,,
https://www.lacharviere.nl/,,,,
http://www.campinglacolline.eu/,,,,
http://ecocampinglalternatif-auvergne-insolite.com/,,,,
http://www.lechanet.com/,,,,
https://campinglesbergesdubramont.jimdofree.com/,,,,
https://campinglesgalets48.com/,,,,
http://www.deuxvallees.com/,,,,
https://campingvaldecesse.com/,,,,
http://campinglesauberges.com/,,,,
http://campingdomainelevernis.fr/,,,,
https://lagriole.com/,,,,
http://www.campinglasclotes-egat-fontromeu.fr/,,,,
https://europe.huttopia.com/site/camping-font-romeu/?utm_medium=organic&utm_source=gmb&utm_campaign=font_romeu,,,,
https://www.camping-le-puigmal.fr/,,,,
https://www.camping-lepetitcanada.fr/,,,,
https://www.rives-de-condrieu.fr/,,,,
https://www.campinglesnobis.com/,,,,
https://www.camping-la-vallee-des-vignes.com/,,,,
https://europe.huttopia.com/site/camping-saumur/?utm_medium=organic&utm_source=gmb&utm_campaign=saumur,,,,
http://www.campingleserpolin.org/,,,,
https://www.camping-voilesdanjou.com/?utm_source=google_my_business&utm_medium=organic&utm_campaign=cta_site_web,,,,
https://camping-rivesdauzon.fr/,,,,
https://campingdecoucouzac.fr/,,,,
https://europe.huttopia.com/site/sud-ardeche/?utm_medium=organic&utm_source=gmb&utm_campaign=sud_ardeche,,,,
http://www.barralet.fr/,,,,
http://www.camping-avignon.fr/,,,,
http://www.campingdelagrandeprade.com/,,,,
http://lacombedoyans.com/,,,,
https://www.legalloromain.com/home/camping-proche-valence/,,,,
http://www.lamotteflottante.com/,,,,
https://www.merendella.com/,,,,
https://promo-camping-corse.com/,,,,
http://www.la-paille-haute.com/,,,,
https://plouvain.fr/camping-municipal,,,,
http://www.camping-europe-argentat.fr/,,,,
https://camping-echo-du-malpas.com/,,,,
http://www.vaurette.com/,,,,
https://camping-le-saulou.fr/,,,,
https://www.camping-municipal-le-longour.fr/,,,,
https://www.camping-les-clarines.com/,,,,
https://www.camping-la-vallee.fr/,,,,
http://www.vineyard.booking.champagne-perron-beauvineau.com/,,,,
https://www.camping-lyon.com/?utm_medium=organic&utm_source=gmb&utm_campaign=citykamp_lyon,,,,
http://www.campingsousroche.com/,,,,
https://campingauvergne.fr/,,,,
https://campingdetival.fr/,,,,
http://camping-vosgina.com/,,,,
https://europe.huttopia.com/site/lac-de-rille/?utm_medium=organic&utm_source=gmb&utm_campaign=lac_de_rille,,,,
http://www.camping-du-pasquier.com/,,,,
http://www.camping-equihen-plage.fr/,,,,
http://www.escale-camping.fr/,,,,
https://www.camping-lacourtine.com/,,,,
https://www.campingdeneuvre.fr/,,,,
https://www.domaine-aucroix.org/,,,,
http://www.camping-maurienne.com/,,,,
http://www.le-village-vert.fr/,,,,
http://camping-collignon.simdif.com/index.html,,,,
http://www.campingdelaplage-fermanville.com/,,,,
http://www.camping-cotentin.fr/,,,,
https://www.camping-lepontillou.com/,,,,
http://www.beausejour-camping.com/,,,,
https://www.camping-location-bretagne.com/?utm_source=google&utm_medium=local&utm_campaign=fiche_google,,,,
https://vallonauxmerlettes.com/,,,,
https://vacances-bretagne22.simdif.com/,,,,
https://www.campingdulac.fr/,,,,
https://www.domainedesfloralies.fr/,,,,
http://www.lemontourey.fr/,,,,
http://www.parcdesmonges.com/,,,,
https://www.clicochic.com/camping-france-provence_alpes_cote_d_azur-lou_cantaire-FR.html,,,,
https://www.camping-du-lac-lot-dordogne.com/,,,,
https://www.camping-lot-bretenoux.com/,,,,
https://www.camping-chalet-sur-dordogne.com/,,,,
https://www.la-sole.com/?utm_source=google&utm_medium=organic&utm_campaign=gbp,,,,
https://www.camping-lagarrigue.com/,,,,
http://campingdelustrac.jimdo.com/,,,,
http://www.campingpinede.fr/,,,,
http://marina-plage.com/,,,,
https://la-vallee-heureuse.pausado.com/,,,,
https://www.gaia-vacances.fr/camping-de-pougues,,,,
http://fermedes4chenes.fr/,,,,
https://www.campinglesoyats.fr/,,,,
http://www.domaineducayre.com/,,,,
http://www.gites-port-carrere.com/,,,,
http://www.campingfermedessaules.com/,,,,
https://www.lasablieredumontnoir.com/,,,,
http://campinghortensias.com/,,,,
http://www.camping-puitstournants.com/,,,,
https://www.countrypark.paris/,,,,
https://www.camping-de-lorival-normandie.com/fr/,,,,
https://www.camping-les-craoues.net/,,,,
https://europe.huttopia.com/site/camping-rambouillet/?utm_medium=organic&utm_source=gmb&utm_campaign=rambouillet,,,,
https://www.camping-verbela-village.com/,,,,
https://loudenvielle.wellness-sport-camping.com/,,,,
http://www.scey-sur-saone.fr/index.php?IdPage=1464471349,,,,
https://baulay.fr/vie-communale/tourisme/hebergement/,,,,
https://bookfr.click/camping-municipal-louvi-tjo8r8,,,,
http://www.campingduboisdereveuge.com/,,,,
http://camping.rioz.fr/,,,,
http://www.campingbeausejour-albens.com/,,,,
https://www.campingaucoeurdesmonts.fr/,,,,
https://yzeron.domanium.fr/,,,,
http://leparadis-medoc.com/,,,,
https://www.camping-lacanau.com/,,,,
http://www.forest-campingbj.com/,,,,
http://camping-esperance.wifeo.com/,,,,
https://www.camping-au-mica.fr/,,,,
http://www.jardinsbiffontaine.fr/,,,,
http://www.campinglescollieures.fr/,,,,
https://www.birotos.com/,,,,
http://www.camping-arnauteille.com/,,,,
http://www.campinglapinede.fr/,,,,
https://campingcitecarcassonne.com/,,,,
https://www.clicochic.com/camping-france-languedoc_roussillon-la_commanderie-FR.html,,,,
https://campingdomainebeausejour.fr/,,,,
https://www.camping-valdarcomie.fr/,,,,
https://www.camping-serendipite.fr/,,,,
http://campinglapradeneussargues.jimdofree.com/,,,,
https://www.ile-de-la-comtesse.com/,,,,
http://camping-leborddulac-bilieu.fr/,,,,
https://www.capfun.com/camping-france-rhone_alpes-temps_libre-FR.html,,,,
https://europe.huttopia.com/site/pays-de-condrieu/?utm_medium=organic&utm_source=gmb&utm_campaign=pays_de_condrieu,,,,
https://www.camping-lebontemps.fr/,,,,
https://campingduloc-han.fr/,,,,
http://www.lepanoramic.net/,,,,
http://www.bellevuemer.com/,,,,
https://village-naturedo.com/,,,,
https://campingtamaris.com/,,,,
http://www.campingbellevue.net/,,,,
https://www.eden-villages.fr/campings/capdebrehat/,,,,
https://www.camping-desvallees.com/,,,,
http://www.domaine-du-launay.com/,,,,
https://rcn.eu/rcn-port-l-epine?utm_source=gglePlusPlaces&utm_campaign=gglePlusPlaces&utm_medium=url&utm_content=PLE,,,,
http://www.lafermedekerloury.fr/,,,,
https://www.vvf.fr/destination/ete/camping-fouesnant,,,,
http://www.campinglandesvertes.com/,,,,
https://www.les-chaletsduza.fr/,,,,
http://www.camping-baiemontsaintmichel.com/,,,,
https://europe.huttopia.com/site/camping-baie-du-mont-st-michel/?utm_medium=organic&utm_source=gmb&utm_campaign=bmsm,,,,
https://www.capfun.com/camping-france-pays_de_la_loire-lac_de_ribou-FR.html,,,,
https://sites.google.com/view/campingleshautesherbes/accueil,,,,
https://www.camping-vendee-lamotte.com/?utm_source=google&utm_medium=organic&utm_campaign=GBP,,,,
http://www.camping-lerelaisdesgarennes.com/,,,,
http://www.valleedepoupet.com/,,,,
https://www.etangsdesmoines.fr/,,,,
https://saint-martin-en-haut.fr/dynamique/le-tourisme/le-camping-municipal/,,,,
http://www.lacasa-camping.com/,,,,
http://www.camping-amarina.com/,,,,
http://www.acciola.com/,,,,
https://www.lesramieres.com/fr/?utm_source=google_my_business&utm_medium=organic&utm_campaign=cta_site_web,,,,
https://www.campingchateaufonrives.com/?utm_campaign=gmb_search&utm_medium=organic&utm_source=google,,,,
http://www.saint-malo-camping.com/,,,,
http://www.campinglatourelle.com/,,,,
https://www.clicochic.com/camping-essone/la-foret-dazalee,,,,
http://vacancenormandie.com/,,,,
https://www.campingmunicipal-leboisdespecheurs.com/,,,,
https://www.camping-lecloscacheleux.fr/,,,,
https://www.camping-chatillonendiois.com/accueil/la-piscine/,,,,
http://gitehermitageperigord.fr/,,,,
http://www.camping-des-baumes.com/,,,,
https://www.campingchampigny.paris/?utm_campaign=gmb_search&utm_medium=organic&utm_source=google,,,,
https://campingaparis.com/camping-paris-beau-village-fr/,,,,
https://www.tourisme-langres.com/nl/CAMPING-HUMES-01_camping-municipal-de-humes,,,,
http://www.campinglasource.net/,,,,
https://lemaurynate-campingdesoliviers.com/,,,,
https://www.lecampingdetautavel.fr/,,,,
http://www.campingdusabot.fr/,,,,
http://campingestela.fr/,,,,
https://lesmurmuresdulignon.com/,,,,
http://www.camping-chalon.com/,,,,
http://www.camping-lemoulindelanoue.com/,,,,
https://europe.huttopia.com/site/camping-lac-aiguebelette/?utm_medium=organic&utm_source=gmb&utm_campaign=lac_aiguebelette,,,,
http://camping-aiguebelette-ferrand.fr/,,,,
http://www.camping-lespeupliers.net/,,,,
https://hameaudespecheurs.fr/,,,,
https://www.camping-lemontgrele.com/,,,,
http://www.camping-des-chavannes.com/,,,,
https://camping-aiguebelette-arbaz.com/,,,,
http://www.bellevuecamping.com/,,,,
http://www.campinglesamarines.com/,,,,
http://www.camping-lenidvert.fr/,,,,
http://www.camping-deux-ballons.fr/,,,,
https://le-thillot.fr/structure-communale-le-camping-municipal/,,,,
https://camping-urbes.fr/,,,,
http://www.siercklesbains.fr/index.php/le-camping,,,,
http://www.malling.fr/camping,,,,
https://www.campingducheylard.com/,,,,
https://www.campingderetourtour.com/,,,,
http://www.camping-la-chazalet.com/,,,,
https://www.clicochic.com/camping-france-rhone_alpes-eyrieux-FR.html,,,,
http://www.camping-gite-chartreuse.fr/,,,,
http://camping-grenoble-alpes.fr/,,,,
http://villageleserables.com/,,,,
http://www.camping-de-la-trye.com/,,,,
https://www.camping-le-saillet.com/,,,,
https://www.camping3cantons.com/,,,,
http://camping-la-peiriere.com/,,,,
http://campingfrancelms.com/,,,,
http://gitesetcampingdesacacias.com/,,,,
https://www.camping-chene-vert.com/,,,,
https://juracamping.fr/,,,,
http://www.campingvilleylesec.fr/,,,,
https://www.campingleschardonsbleus.com/?utm_campaign=gmb_search&utm_medium=organic&utm_source=google,,,,
https://www.camping-paludiers.com/?ept-publisher=uska&ept-name=batz-sur-mer-les-paludiers,,,,
https://guerande-camping.com/,,,,
http://www.camping-penboch.fr/,,,,
https://www.camping-kerarno.com/?ept-publisher=uska&ept-name=baie-de-quiberon-kerarno,,,,
https://www.laradaparc.com/,,,,
https://www.campingaudeladesnuages.com/,,,,
https://camping-rochelambert.com/,,,,
http://www.camping-audinet.fr/,,,,
https://campingruralpastura.jimdofree.com/,,,,
https://www.campingsaintlouis.com/?utm_campaign=gmb_search&utm_medium=organic&utm_source=google,,,,
https://www.bungalows-camping.com/,,,,
http://www.lescigales.com/,,,,
https://www.campingcotemer.com/?utm_campaign=gmb_search&utm_medium=organic&utm_source=google,,,,
https://europe.huttopia.com/site/camping-divonne-les-bains/?utm_medium=organic&utm_source=gmb&utm_campaign=divonne_les_bains,,,,
https://www.odesia-vacances.com/camping-le-grand-lac-2/,,,,
https://www.campinglapetitemontagne.com/,,,,
https://campinglariviere-saintececile85.fr/,,,,
http://www.campinglafermedulac.fr/,,,,
https://www.camping-savoie-escale.com/,,,,
https://camping-clair-matin.com/,,,,
https://www.lehautverdon.com/,,,,
http://www.juillac19.fr/tourisme-loisirs-culture/camping-municipal/,,,,
http://leranch-camping.com/,,,,
http://www.aucampingdespins.fr/?utm_source=gmb,,,,
https://camping-en-correze.com/,,,,
https://www.vvf.fr/destination/ete/camping-eygurande,,,,
https://champagnemanoir.com/,,,,
https://campingvillage77.com/,,,,
https://www.camping-le-clos-auroy.com/,,,,
https://europe.huttopia.com/site/camping-royat/?utm_medium=organic&utm_source=gmb&utm_campaign=royat,,,,
https://lescabanesdutertre.fr/,,,,
https://www.campingdelanaute.fr/,,,,
https://europe.huttopia.com/site/lanmary/?utm_medium=organic&utm_source=gmb&utm_campaign=lanmary,,,,
https://campingdumanoire.com/,,,,
http://www.camping-viam.fr/,,,,
http://www.campingterreferme.fr/,,,,
http://www.campinglagrangedupin.fr/,,,,
https://europe.huttopia.com/site/camping-beaulieu-sur-dordogne/?utm_medium=organic&utm_source=gmb&utm_campaign=beaulieu_sur_dorgogne,,,,
https://www.camping-les-pinasses.com/,,,,
http://www.camping-lenice.com/,,,,
https://www.campinglesbergesducanal.com/,,,,
http://www.oliveraie.com/,,,,
https://www.camping-vagues-oceanes.com/camping-manche/les-iles.html,,,,
http://www.o2camping.fr/,,,,
https://www.camping-gorges-chambon.fr/,,,,
https://domainedeladombes.com/,,,,
https://camping-lesgorgesduhautbugey.fr/?utm_source=google&utm_medium=organic&utm_campaign=gbp,,,,
http://www.camping-hurongues.com/,,,,
https://lesvoilesdelaives.com/,,,,
http://www.camping-tournus.com/,,,,
http://www.campingcevennes-atypique.com/,,,,
https://www.capfun.com/camping-france--frejus-FR.html,,,,
http://www.camping-gorge-vent.com/,,,,
http://www.les-ripettes.fr/,,,,
https://www.camping-rouvres.fr/,,,,
http://www.chateaudebouafles.com/,,,,
https://www.les-iles-parc-de-loisirs.fr/,,,,
https://campinglasplanes.fr/,,,,
http://www.camping-des-alberes.com/,,,,
https://www.marestang.fr/,,,,
http://www.camping-mas-llinas.com/,,,,
https://www.camping-del-mar.com/,,,,
https://www.nantes-camping.fr/,,,,
http://www.camping-lesrivesdegrandlieu.com/,,,,
https://europe.huttopia.com/site/senonches/?utm_medium=organic&utm_source=gmb&utm_campaign=senonches,,,,
http://campingdelacolline.com/,,,,
http://www.camping-la-bonne-aventure.fr/,,,,
http://www.camping-levaldetrie.fr/,,,,
https://www.campinglapeupleraie.fr/,,,,
http://www.campingmillau.fr/,,,,
https://europe.huttopia.com/site/camping-millau/?utm_medium=organic&utm_source=gmb&utm_campaign=millau,,,,
https://www.campinglarribal.com/,,,,
https://www.campingmillauplage.fr/,,,,
https://camping-le-mans.fr/,,,,
http://campinglesbreuils.fr/?utm_medium=referral&utm_source=gmb&utm_campaign=lnk-gmb,,,,
https://www.campingmandre.com/,,,,
https://xtrem-village.com/,,,,
https://www.camping-hanau-plage.com/,,,,
https://www.camping-ramstein-plage.fr/fr,,,,
https://www.camping-st-vit-57.fr/index.php/de/,,,,
http://www.camping-mulhouse.com/,,,,
http://www.camping-vitamin.com/,,,,
https://www.gaia-vacances.fr/camping-de-saint-aubin,,,,
http://www.camping-leclossavoye.fr/,,,,
http://www.camping-larzac.com/fr-fr/,,,,
http://www.albirondack.fr/,,,,
https://www.tourisme-langres.com/nl/CAMPING-LANGRES-01_camping-navarre,,,,
http://www.campinglacroixdarles.fr/,,,,
https://www.campingwasselonne.fr/,,,,
http://www.camping-caravaning-du-chateau.com/,,,,
http://www.campingdelamer.fr/,,,,
https://mirabel-ermitage.com/,,,,
http://www.camping-laportestmartin.com/,,,,
https://campingduplanincline.com/,,,,
http://www.domaine-de-gaujac.com/,,,,
http://www.camping-mascauvy.com/,,,,
http://www.campingdesdeuxmoulins.fr/,,,,
https://www.rives-nature.com/fr/?utm_source=google-my-business&utm_medium=fiche-my-business&utm_campaign=fiche-google-my-business,,,,
https://europe.huttopia.com/site/wattwiller/,,,,
https://www.camping-lerompval.com/,,,,
http://www.campingdelafalaisemers.fr/,,,,
http://www.camping-neufchateau-vosges.com/,,,,
https://www.capfun.com/camping-france-rhone_alpes-regniere-FR.html,,,,
https://www.lenidduparc.com/,,,,
http://campinglavertecolline.com/,,,,
http://www.campinglesbaumelles.fr/,,,,
https://www.chill-lot.com/,,,,
http://www.camping-chartres.com/,,,,
https://www.campingsaintyrieix.fr/,,,,
https://www.campinglairdulac.com/,,,,
http://www.camping-belair64.fr/,,,,
https://www.campingpyreneesnature.fr/,,,,
https://camping-les-colombes.fr/,,,,
http://www.campinglaforestiere.com/,,,,
https://www.camping-lacs-savoie.com/,,,,
https://www.port-saint-pere.fr/camping/,,,,
http://www.camping-du-moulin.fr/,,,,
https://camping-tuillie.com/,,,,
https://www.camping-lac-marandan.com/,,,,
https://www.camping-port-de-la-chaine.com/?ept-publisher=uska&ept-name=pleubian-port-de-la-chaine,,,,
https://domaineducolombier-begard.com/,,,,
http://www.les-hauts-frenes.com/,,,,
https://cleffr.click/camping-pomarede-vdyu2a,,,,
https://www.campingles2etangs.com/,,,,
https://www.campingleparcdesallais.com/?utm_campaign=gmb_search&utm_medium=organic&utm_source=google,,,,
https://www.saint-florentin.fr/articles/camping-de-l-armancon,,,,
http://www.ville-belabre.fr/,,,,
http://www.campingduchateau.com/en/,,,,
https://camping-figaret.fr/,,,,
https://lenouveaumas.com/,,,,
https://www.camping-levaldelarre.com/,,,,
http://www.campingducaroux.com/,,,,
https://www.night-and-day.fr/camping/31-camping-les-peupliers,,,,
https://www.jonzac-haute-saintonge.com/trouver-votre-hebergement/camping-municipal-de-jonzac-5752960/,,,,
https://www.campinglahaiepenee.com/,,,,
https://www.camping-uhaitza.com/,,,,
https://camping-moulin-de-barescou.fr/,,,,
http://www.campingdugave.fr/,,,,
https://camping-aisne-picardie.fr/,,,,
https://www.yellohvillage-leboutdumonde.com/fr/,,,,
http://www.campingleschambons.fr/,,,,
https://www.campinglesilotsdestval.com/,,,,
http://www.camping-rieux.eu/,,,,
https://www.camping-pre-fixe.com/,,,,
https://camping-maeva-club-les-rivires.hotelinfrance.top/,,,,
http://www.camping-imprevu.fr/,,,,
http://lesombrages.nl/,,,,
http://www.campinglepredeslaveuses.com/,,,,
http://www.camping-restaurant-lessablons.com/,,,,
https://www.campingdoller.fr/,,,,
https://www.masevaux-camping.fr/?utm_source=Google&utm_medium=My%20Business,,,,
https://www.camping-portes-de-sancerre.fr/,,,,
http://www.camping-lucon.fr/,,,,
https://www.camping-vent-des-marais.com/,,,,
https://europe.huttopia.com/site/calvados-normandie/?utm_medium=organic&utm_source=gmb&utm_campaign=calvados,,,,
https://www.marederoy.fr/,,,,
http://www.camping-rennes.com/,,,,
https://www.camping-ibarron.com/?utm_medium=organic&utm_source=google,,,,
https://www.eden-villages.fr/campings/belabasque/,,,,
http://www.etche-zahar.fr/,,,,
https://www.campingneuvicdordogne.com/,,,,
http://www.hooghe-moote.com/,,,,
http://www.valroma.fr/,,,,
https://www.campingdelavallee.com/,,,,
https://www.campinglescatalpas.com/?utm_campaign=gmb_search&utm_medium=organic&utm_source=google,,,,
http://www.aimee-porcher.com/,,,,
http://www.etang-de-laubanere.com/,,,,
https://www.campinglesdoucesnuits.fr/,,,,
http://elevagedelamaisoneuve.fr/,,,,
https://www.camping-mbs-leschesnets.fr/,,,,
https://www.olela.fr/campings/camping-mignardiere,,,,
https://www.campingdesjoyeuxcampeurs.com/,,,,
http://www.vacheriederivet.fr/,,,,
http://www.ariegecamping.com/,,,,
http://camping-lamariennee.com/,,,,
https://camping-oasis-des-dombes.fr/,,,,
http://www.perche-tourisme.fr/,,,,
http://camping-le-fossat.fr/,,,,
http://www.campingartigat.com/,,,,
https://mirabel-prairiesdelamer.com/,,,,
https://www.camping-greduvent.fr/,,,,
https://www.camping-chatelet.com/,,,,
http://campinglenantdesmules.fr/,,,,
https://www.lesbouclesdelamoselle.com/,,,,
http://camping-la-teyre.fr/,,,,
https://www.lac-de-devesset.fr/,,,,
http://www.st-martial.com/locations-de-vacances/camping/,,,,
http://www.camping-beaumard.com/,,,,
https://www.domainedesiscles.com/?utm_campaign=gmb_search&utm_medium=organic&utm_source=google,,,,
https://www.campingcharolles.fr/,,,,
https://www.chateau-de-montrouant.com/,,,,
https://www.clicochic.com/camping-france-provence_alpes_cote_d_azur-oree_azur-FR.html,,,,
https://camping.la-roque-esclapon.fr/fr/,,,,
https://camping-lannion.fr/,,,,
http://pleumeur-bodou.com/CAMPING-MUNICIPAL-DE-LANDRELLEC.html,,,,
https://www.villagearmorique.com/fr/,,,,
http://www.campingenauvergne.com/,,,,
http://www.camping-oree-des-cevennes.fr/,,,,
http://www.camping-residence-du-lac.fr/,,,,
https://www.campingstellaplage.fr/,,,,
https://www.campingladuneblanche.com/?utm_campaign=gmb_search&utm_medium=organic&utm_source=google,,,,
https://www.camping-anglas.com/,,,,
http://www.campinglecardinal.fr/,,,,
https://madeincamp.fr/le-roc/?utm_source=gmb&utm_medium=organic,,,,
https://www.chateaulaforet.com/?utm_campaign=gmb_search&utm_medium=organic&utm_source=google,,,,
https://www.la-bretonniere.com/,,,,
https://www.camping-guyonniere.com/?utm_source=gmb&utm_medium=click&utm_campaign=brand,,,,
https://www.camping-la-garangeoire.com/,,,,
https://www.clicochic.com/camping-france-pays_de_la_loire-brandais-FR.html,,,,
http://www.campinglepavillon.com/,,,,
http://www.camping-mediterranee34.com/,,,,
https://www.igesa.fr/vos-vacances/recherche-sejour/reserver-mes-vacances/etablissement/frontignan-plage-camping,,,,
https://www.masdelalagune.com/,,,,
http://www.camping-lesvignes.com/,,,,
http://www.camping-aigue-marine.fr/,,,,
http://www.camping-antton.com/,,,,
https://europe.huttopia.com/site/foret-de-janas/?utm_medium=organic&utm_source=gmb&utm_campaign=foret_de_janas,,,,
https://www.igesa.fr/vos-vacances/recherche-sejour/reserver-mes-vacances/etablissement/le-pradet-pin-de-galle-camping,,,,
http://www.campinglalezardiere.com/,,,,
http://www.capgaronne.com/,,,,
http://www.camping-albanou.com/,,,,
https://www.camping-lacs-du-verdon.com/?utm_campaign=gmb_search&utm_medium=organic&utm_source=google,,,,
https://europe.huttopia.com/site/camping-lac-de-sille/?utm_medium=organic&utm_source=gmb&utm_campaign=lac_de_sille,,,,
https://www.camping-leschenes.fr/,,,,
https://www.lesrivesdulac-annecy.com/fr_fr/,,,,
https://www.queyras-caravaneige.fr/,,,,
https://campingduplandeau43.wixstudio.com/nature/nl,,,,
http://www.campinglesombrelles.fr/,,,,
https://frbed.click/camping-ferme-baies-3r0ie5,,,,
https://camping-condom.fr/,,,,
https://camping-descartes.fr/,,,,
http://www.domaineduheron.com/,,,,
https://www.camping-gohvelin.com/,,,,
https://www.camping-parc-de-paletes.com/,,,,
https://www.camping-songeduvalier.fr/fr,,,,
https://www.lesnauves.com/,,,,
http://www.loures-barousse.fr/,,,,
https://www.quercy-vacances.com/,,,,
https://www.campingcarpark.com/fr_FR/sejour/camping/occitanie/46-lot/lamagdelaine-au-bord-du-lot,,,,
https://www.cheneraie.com/,,,,
https://www.camping-reflets-quercy.fr/fr,,,,
https://www.ilisa.fr/,,,,
http://www.lesjardins-destavar.com/,,,,
https://camping-elpailles-pyrenees.fr/,,,,
http://domainedugueduroi.com/,,,,
https://www.stpierredetrivisy.fr/camping-municipal-la-foret,,,,
https://www.camping-jardinsdeladour.fr/,,,,
http://www.fermedeclareau.com/,,,,
http://www.campingarcenciel.com/,,,,
http://www.saint-amans-soult.fr/tourisme-loisirs/camping_89.html,,,,
http://www.camping-lestap-tarn-81.com/,,,,
https://www.camping-leplo.fr/,,,,
https://br.bluepillow.com/search/68115978a74f8eb5bd28f9be?dest=bpex&cat=House&lat=43.11383&lng=6.13125&language=pt,,,,
https://www.vvf.fr/destination/ete/pontivy,,,,
https://www.campingleclosdublavet.fr/,,,,
https://www.camping-finistere-loctudy.com/?utm_source=google&utm_medium=organic&utm_campaign=gbp,,,,
https://www.camping-finistere-keralouet.com/,,,,
https://www.camping-finistere-bretagne.fr/?ept-publisher=uska&ept-name=cap-finistere-penchmarc-n,,,,
https://lebonheurcotepre.fr/,,,,
https://www.olela.fr/campings/camping-corniche,,,,
http://www.campingperchenormandie.fr/,,,,
http://www.camping-lesrioms.com/,,,,
https://les-chenes-blancs.pausado.com/,,,,
http://www.campinglhermitage-dechevigny.fr/,,,,
https://www.cu-alencon.fr/culture-tourisme/tourisme-et-patrimoine/le-camping-de-guerame/,,,,
http://www.camping-lerochat.fr/?utm_source=gmb,,,,
http://www.campingdesurnette.net/,,,,
https://www.camping-la-palme.com/,,,,
https://campingcoiroux.fr/,,,,
https://domainelechazal.com/,,,,
https://www.lesclorinthes.com/index.php/fr/,,,,
http://www.camping-estivance.com/,,,,
https://www.camping-les-grenettes.fr/,,,,
http://www.camping-leclosdesgenets.com/,,,,
https://www.location-vacance-sarlat.com/,,,,
http://www.campingaubonendroit.fr/,,,,
http://www.chalets-loisirs.com/,,,,
http://www.vignamaggiore.com/,,,,
https://campingducanal.fr/,,,,
https://www.camping-capsud.com/,,,,
https://www.camping-saint-cyprien.com/?utm_source=google&utm_medium=organic&utm_campaign=gmb,,,,
http://camping-municipal-cos09.fr/,,,,
https://www.fermeduberbescou.fr/,,,,
https://www.camping-le-bourdieu.fr/,,,,
https://www.campercontact.com/de/frankreich/grand-est/futeau/103519/camping-pierre-cochenet?name=Les+Islettes%2C+Francia&boundingBox=%7B%22north%22%3A49.227517%2C%22west%22%3A4.967598%2C%22south%22%3A48.990861%2C%22east%22%3A5.038322%7D&startDate=2026-05-05&endDate=2026-05-06&adults=2&children=0&pets=0,,,,
http://www.camping4saisons.com/,,,,
http://campinglacoteoust.com/,,,,
https://www.camping-boisdeshoches.com/,,,,
http://camping-fontaine-roc.com/,,,,
http://www.campingsaintevictoire.com/,,,,
https://campinglecourtilrose.fr/,,,,
https://www.camping-salle-de-reception-ardres.com/,,,,
https://www.camping-keryaoulet.com/,,,,
http://www.campinglesrivesdevilaine.com/,,,,
http://www.campinglerebau.fr/,,,,
https://www.camping-rives-du-luberon.com/?utm_campaign=gmb_search&utm_medium=organic&utm_source=google,,,,
https://www.camping-beaurivage.fr/,,,,
https://www.campingdelepy.fr/,,,,
https://www.camping-aubigny.com/,,,,
https://campingetangdesault.fr/,,,,
https://campingledrennec.com/,,,,
http://www.camping-treguer-plage.com/,,,,
https://www.camping-bretagne-oceanbreton.fr/?utm_source=google_my_business&utm_medium=seo_local&utm_campaign=fiche_gmb,,,,
http://www.camping-lachesnaie.fr/,,,,
https://www.le-helles.com/?utm_campaign=gmb_search&utm_medium=organic&utm_source=google,,,,
http://www.campingdupoulquer.com/,,,,
https://camping-benodet-vacances.com/?utm_source=google&utm_medium=organic&utm_campaign=gmb,,,,
https://www.camping-kervella.com/,,,,
https://www.campingkerlaudy.com/,,,,
https://www.campinglabaiedekernic.com/?utm_campaign=gmb_search&utm_medium=organic&utm_source=google,,,,
https://www.camping-mesqueau.com/,,,,
https://www.fermedes4roues.com/,,,,
http://www.campingrhodes.fr/,,,,
https://www.langatte.com/,,,,
https://www.campingduvougot.com/,,,,
http://www.campinglatetenoire.fr/,,,,
https://www.campingbaiedeterenez.com/,,,,
http://www.camping-sorel.com/,,,,
http://camping-les-araucarias.com/,,,,
https://www.pinabrecampsite.com/,,,,
https://www.capfun.com/camping-france-rhone_alpes-port_du_beaujolais-FR.html,,,,
https://www.lesrobinsonsdulac.com/,,,,
http://campingardres.wixsite.com/camping-ardresien,,,,
https://www.gite-camping-beauvais.com/,,,,
http://campinglariviere.jimdo.com/,,,,
http://www.camping-iledupont.com/,,,,
https://campingstpierre.com/,,,,
https://www.capfun.com/camping-france-basse_normandie-golf-FR.html,,,,
https://www.camping-carolins.com/,,,,
http://www.campinglesbergesdeliton.com/,,,,
http://www.camping-lesgorgesdelherault.com/,,,,
https://camping-ecueille.fr/,,,,
https://www.camping-reims.fr/,,,,
https://www.odalys-vacances.com/location-mer/languedoc-roussillon/cap-d-agde/la-pinede.html?ept-publisher=uska&ept-name=agde-la-pinede,,,,
https://www.capfun.com/camping-france-languedoc_roussillon-ondines-FR.html,,,,
https://www.ombredestilleuls.com/fr/,,,,
http://camping-clisson.com/,,,,
http://www.camping-nantes-atlantique-clisson.fr/,,,,
https://www.camping-osenbach.com/?utm_source=Google&utm_medium=My%20Business,,,,
http://www.campingdetaradeau.fr/,,,,
https://www.campingcarpark.com/fr_FR/camping-car/auvergne-rhone-alpes/15-cantal/murat-camping-le-stalapos?areaType=camping,,,,
https://www.camping-le-vallagnon.fr/,,,,
https://www.camping-le-deffay.com/,,,,
http://www.lepasdelours.fr/,,,,
http://www.gite-restaurant-ascou.fr/,,,,
https://le-camping-des-lacs.fr/fr/page/accueil,,,,
https://tourisme.terresdargentan.fr/camping-municipal-de-la-noe/,,,,
https://www.valleeverte.com/,,,,
https://www.azureva-vacances.com/fr/hebergement/camping-fouras/,,,,
https://www.camping-la-rochelle.net/,,,,
http://www.lachauvotte.eu/,,,,
https://www.campingautun.fr/,,,,
http://www.lessauges.com/camping,,,,
http://www.robinson-cerdagne.com/,,,,
https://www.campinglesorbier.com/,,,,
http://www.dordogne-castillonderie.fr/,,,,
https://www.campinglascauxvacances.com/,,,,
http://camping-le-rivage.com.es/,,,,
http://www.campinglessourcesliencourt.com/,,,,
http://www.camping-saintjeandemonts.com/,,,,
https://www.camping-demoiselles-plage.fr/?ept-publisher=uska&ept-name=saint-hilaire-de-riez-demoiselles-plage,,,,
http://www.camping-lerivage.fr/,,,,
http://www.campingaublancmanteau.fr/,,,,
http://www.campingchezcamille.fr/,,,,
http://www.camping-quillan.fr/,,,,
https://frlit.click/camping-quillan-xcxcau,,,,
https://campinglefontauliesud.ellohaweb.com/,,,,
https://www.camping-la-cremade.com/,,,,
http://www.alies.fr/,,,,
http://www.lessapins-camurac.com/,,,,
http://www.lemontagnou.com/,,,,
https://www.camping-lesedour.com/?utm_source=gmb&utm_medium=organic,,,,
https://www.lesvoilessurgrosne.com/,,,,
http://www.camping-hautes-grees.com/,,,,
https://denisfourriere.wixsite.com/camping-municipal,,,,
http://campingresidencesmariefrance.fr/,,,,
http://camping-la-gliere.fr/,,,,
http://www.marinadisorbo.net/,,,,
https://www.capfun.com/camping-france-aquitaine-lou_puntaou-FR.html,,,,
https://www.loupuntaou.com/,,,,
http://www.camping-les-myosotis.com/,,,,
https://www.camping-vieille-eglise.com/,,,,
http://www.campingcroixsacker.com/,,,,
http://www.camping-la-motte17.com/,,,,
https://camping-geiswasser.fr/,,,,
https://www.camping-legaroustel.fr/,,,,
http://www.camping-prunelli.com/,,,,
https://www.camping-noyerdubaron.com/,,,,
https://www.campingsaujon.com/?utm_source=google&utm_medium=organic&utm_campaign=gbp,,,,
https://www.fontenay-vendee-tourisme.com/offres/camping-a-la-ferme-mon-repos-saint-michel-le-cloucq-fr-3120710/,,,,
http://www.campinglilotdesmarais-vendee.com/,,,,
https://campingloreedubois.wordpress.com/,,,,
http://www.camping-des-dunes.com/,,,,
http://www.campingdelestran.com/,,,,
https://www.camping-le-ranch.com/fr/?utm_source=google_my_business&utm_medium=organic&utm_campaign=cta_site_web,,,,
https://www.camping-clos-mer-nature.fr/?utm_source=google&utm_medium=organic&utm_campaign=gbp,,,,
https://www.camping-boutinardiere.com/,,,,
https://www.campingmanche.fr/,,,,
http://campingdelasaone.jimdofree.com/,,,,
https://www.normandie-tourisme.fr/camping/camping-les-forges/,,,,
https://campingvivelavie.online/,,,,
https://rcn.eu/rcn-la-bastide-en-ardeche?utm_source=gglePlusPlaces&utm_campaign=gglePlusPlaces&utm_medium=url&utm_content=LBEA,,,,
http://www.saintmathieulac.fr/,,,,
https://www.encampagne.com/,,,,
http://www.parcverger.com/,,,,
http://www.camping-coulvee-chemille.com/,,,,
https://www.campinglescentvignes.fr/,,,,
https://camping-les-premieres-vignes.fr/,,,,
http://www.campingdusevron.fr/,,,,
http://www.camping-la-tuilerie.com/,,,,
http://www.le-moulin-neuf.fr/,,,,
https://www.campinglevieuxverger.com/,,,,
https://campingdesbordsdelhuisne.wordpress.com/,,,,
http://www.camping-lemoulinduroy.com/,,,,
https://www.camping-ar-kleguer.com/,,,,
http://www.camping-saintpoldeleon.com/,,,,
https://www.ville-santec.fr/economie/camping-municipal-des-dunes/,,,,
https://boisdelapalud.wixsite.com/campingplougoulm,,,,
https://julumachis.wixsite.com/ledomainedelabiette,,,,
https://www.domainedutrappeur.com/,,,,
https://camping-pont-de-vaux.fr/,,,,
https://www.moulindollay.fr/,,,,
http://www.leterroir.net/%20%20--%20Poru%20demandes%20infos%20:%20camping@leterroir.net%20--%20R%C3%A9servations%20yourtes%20locatives%20et%20grande%20salle%20:%20reservation@leterroir.net%20--%20R%C3%A9servations%20Yourte%20Cours%20et%20stages%20:%20yourteacorps@leterroir.net,,,,
https://www.journans.fr/guide-pour-les-visiteurs/le-camping/,,,,
https://camping-de-chartres.com/,,,,
http://correzecamping.com/,,,,
https://www.ctoncamping.com/,,,,
https://les-tamaris.pausado.com/,,,,
https://www.camping-le-mas.com/,,,,
https://camping-acacias-altkirch.com/,,,,
https://www.night-and-day.fr/camping/22-camping-dolivet,,,,
https://www.camping-strasbourg.com/?utm_medium=organic&utm_source=gmb&utm_campaign=citykamp_strasbourg,,,,
https://www.camping-fougeraie-bourgogne-morvan.com/,,,,
https://www.campinglabedure.com/,,,,
http://www.campinglessoulins.fr/,,,,
https://www.libertelandrellec.com/,,,,
http://westcamping.com/,,,,
https://camping-essarts-en-bocage.fr/,,,,
https://www.capfun.com/camping-france-pays_de_la_loire-hameau_du_petit_lay-FR.html,,,,
http://www.camping-st-vit-57.com/,,,,
https://www.camping-vagues-oceanes.com/camping-vendee/bois-joly.html,,,,
https://www.hpa-laforet.com/,,,,
https://www.daviereplage.com/,,,,
https://www.clicochic.com/camping-france-pays_de_la_loire-tonnelle-FR.html,,,,
http://www.amiaux.fr/,,,,
https://www.domaine-du-clarys.com/?utm_campaign=gmb_search&utm_medium=organic&utm_source=google,,,,
http://www.campinglapaoute.com/,,,,
https://www.campingluberonparc.fr/fr/?utm_source=google_my_business&utm_medium=organic&utm_campaign=cta_site_web,,,,
http://www.camping-le-bord-de-mer.fr/,,,,
https://www.campinglolivier.com/,,,,
http://www.camping-levaldherault.com/,,,,
http://www.campingdognon.com/,,,,
https://www.campeole.com/camping/charente-maritime/la-redoute-rivedoux-plage,,,,
https://www.capfun.com/camping-france-lorraine-tensch-FR.html,,,,
http://campingdesmaurois.fr/,,,,
https://www.campinglefontdumerle.com/,,,,
http://www.camping-piandelfosse.com/,,,,
http://www.camping-desiles.com/,,,,
http://www.camping-cavallomorto.com/,,,,
http://www.beaulieu-sur-loire.fr/fr/information/101640/camping-municipal,,,,
https://bois-girault.com/,,,,
https://www.camping-parcdelaunay.com/,,,,
https://www.fontainevieille.fr/,,,,
http://www.camping-les-arbousiers.fr/,,,,
http://www.campinglesallees.com/,,,,
https://www.aubergesdejeunesse17.fr/camping-le-soleil-la-rochelle/,,,,
https://www.clicochic.com/camping-france-rhone_alpes-lac_du_lit_du_roi-FR.html,,,,
https://europe.huttopia.com/site/lac-de-serre-poncon/?utm_medium=organic&utm_source=gmb&utm_campaign=lace_de_serre_poncon,,,,
https://www.domaineubaye.fr/,,,,
https://www.campinglesiles.fr/?ept-publisher=uska&ept-name=Passy-les-iles,,,,
https://www.natureandlodge.fr/,,,,
https://www.clicochic.com/camping-france-pays_de_la_loire-petit_bec-FR.html,,,,
https://www.camping-du-breuil.com/?utm_medium=referral&utm_source=gmb&utm_campaign=lnk-gmb,,,,
http://www.camplayes.com/,,,,
https://www.laroutedespingouins.fr/product/les-cabanes-des-pingouins-a-porspoder/,,,,
http://www.camping-sierroz.com/,,,,
http://www.ileauxcygnes.fr/,,,,
https://www.koukano.fr/?utm_source=google&utm_medium=organic&utm_campaign=gmb,,,,
http://www.liberteverdon.com/,,,,
https://www.campingemeraude.com/fr/,,,,
https://www.camping-delabaie.com/?utm_source=google&utm_medium=organic&utm_campaign=GMB&utm_id=gmb-baie,,,,
https://www.lesprairies.net/?utm_source=google&utm_medium=organic&utm_campaign=gbp,,,,
https://www.bienvenue-a-la-ferme.com/occitanie/lot/lhospitalet/ferme/le-baylou/64306,,,,
http://www.camping-joumiers.com/,,,,
https://www.camping-lerougegorge-vendee.com/,,,,
http://www.gemaingoutte.fr/page/12-camping,,,,
http://www.camping-lachaumiere.com/,,,,
https://www.campinglescascades.com/,,,,
http://www.campinglacoquille.com/,,,,
https://www.campinglarochemartin.com/,,,,
https://camping-lavalleedeloust.fr/,,,,
https://campingetangdugoulot.com/,,,,
https://www.night-and-day.fr/camping/12-camping-de-courtille,,,,
http://www.les-4-saisons.com/,,,,
https://www.campinglesgenetsdor29.com/,,,,
https://campingnatureetvezere.fr/,,,,
https://camping-municipal-de-lenclose.jimdosite.com/,,,,
https://www.camping-vagues-oceanes.com/camping-charente-maritime/domaine-les-charmilles.html,,,,
https://www.campingdelacroze.com/,,,,
http://www.caravanningfrance.com/,,,,
https://www.lescochards.com/,,,,
https://campingdumeridien.wixsite.com/campinglarochechalai,,,,
http://www.camping-la-tuiliere-24.com/,,,,
http://www.campingleauvive.fr/,,,,
https://camping.rivesdescorbieres.com/,,,,
https://bnbofr.click/camping-metz-arlanc-r371t9,,,,
https://www.mairie-le-vernet-31.fr/la-commune/camping/,,,,
https://www.camping-vagues-oceanes.com/camping-landes/le-boudigau.html,,,,
https://campingparcdelagarenne.fr/,,,,
http://camping-tivoli.com/,,,,
http://www.marmotel.com/,,,,
http://www.campingembrun.com/,,,,
https://www.cna-embrun.com/fr/hebergements,,,,
https://www.camping-alpes-les-tourelles.com/,,,,
http://www.campinglatour.fr/,,,,
https://www.camping-loyada.fr/?utm_campaign=gmb_search&utm_medium=organic&utm_source=google,,,,
http://camping-mas-carriere.com/,,,,
https://www.camping-levergerdejastres.com/,,,,
https://www.camping-jausiers.fr/,,,,
https://www.ubaye.com/camping/camping-bel-iscle/,,,,
https://www.ukcampsite.co.uk/sites/details.asp?revid=10214,,,,
http://www.camping-pauseloire.com/,,,,
http://www.campingbagnolesdelorne.com/,,,,
http://www.campingleparc.com/?utm_source=gmb,,,,
https://www.camping-namaste.com/fr/,,,,
http://campingleshirondelles.ellohaweb.com/,,,,
https://camping-chateau-gontier.fr/,,,,
http://www.leboiscoudrais.com/,,,,
http://gravieredumoulin.lezinnes.fr/,,,,
https://camping.fresnaysursarthe.fr/,,,,
https://www.night-and-day.fr/camping/28-camping-les-confluents,,,,
http://camping-sologne.com/,,,,
https://www.oasisardeche.com/,,,,
https://www.camping-pontaugan.fr/,,,,
https://www.camping-crozon-bretagne.com/,,,,
https://camping-les-regnieres-60.webself.net/,,,,
https://www.lecampingdeschtis-23.fr/,,,,
https://gitesetcamping.fauxlamontagne.fr/camping-creuse-vassiviere/,,,,
https://camping-labaiedeploemeur.com/?utm_source=google&utm_medium=organic&utm_campaign=gbp,,,,
https://www.broceliande-vacances.com/en/offers/camping-municipal-du-halage-saint-congard-en-2280370/,,,,
http://www.camping-acacias.com/,,,,
http://www.camping-coccinelle.fr/,,,,
https://www.capfun.com/camping-france-provence_alpes_cote_d_azur-malissonne-FR.html,,,,
http://thelisresa.webcamp.fr/?camping=cottagefleuri&PHPSESSID=7hn0hu8jcqegkcaclskgb360n0,,,,
http://www.lacarabasse.fr/,,,,
http://camping-la-prairie.com/,,,,
http://leboisflottant.fr/,,,,
https://www.auborddebruche.fr/,,,,
https://www.camping-portdeplaisance.com/?utm_campaign=gmb_search&utm_medium=organic&utm_source=google,,,,
https://europe.huttopia.com/site/camping-bourg-saint-maurice/?utm_medium=organic&utm_source=gmb&utm_campaign=bsm,,,,
http://www.campinglesdinosaures.com/,,,,
https://campinglesflotsdelocean.com/,,,,
http://www.campingjard.fr/,,,,
http://www.camping-de-la-vallee.com/,,,,
http://www.correze-camping.fr/,,,,
http://www.camping-lesmimosas.com/,,,,
http://www.camping-lefloreal.com/,,,,
https://www.capfun.com/camping-france-midi_pyrenees-duravel-FR.html,,,,
https://www.lacouteliere.com/,,,,
http://camping.sablesursarthe.fr/,,,,
http://www.camping-du-toy.com/,,,,
https://www.lelaha.com/,,,,
https://villafr.click/camping-insolite-sur-41j8cm,,,,
http://www.campingdupontdoust.com/,,,,
http://www.campingduchateaufr.com/,,,,
http://www.camping-ilotduchail.fr/,,,,
https://www.camping-le-jardin-du-marais.com/,,,,
https://www.leslacs-darmagnac.com/,,,,
https://campinglaforetdumorvan.com/,,,,
https://www.capfun.com/camping-france-rhone_alpes-oursiere-FR.html,,,,
http://www.campingduvignal.com/,,,,
http://www.ardechois-camping.com/,,,,
https://www.campingdelardeche-vallonpontdarc.com/,,,,
https://www.capfun.com/camping-france-pays_de_la_loire-l_eve-FR.html,,,,
https://www.campingdescarrieres.fr/,,,,
https://www.chezdevergne.fr/#camping,,,,
http://www.camping-pontcalleck.fr/,,,,
http://www.camping-des-2jumeaux.com/,,,,
http://www.camping-alturan.com/,,,,
https://www.camping-corniche.com/,,,,
http://www.camping-juantcho.com/?utm_source=gmb,,,,
http://www.leparccamping.com/,,,,
https://www.vvf.fr/destination/ete/camping-larmor-plage,,,,
https://www.campingiledurhin.com/?utm_campaign=gmb_search&utm_medium=organic&utm_source=google,,,,
https://www.aussois360.com/Camping/#des-emplacements-adaptes-toute-l-annee,,,,
http://www.parcservois.com/,,,,
http://www.campingcampix.com/,,,,
https://tourfr.click/camping-trou-argot-rkf6he,,,,
http://www.camping-delameije.com/,,,,
http://www.camping-les-moulettes.fr/,,,,
http://www.disdille.com/,,,,
http://www.airotel-pyrenees.com/,,,,
https://www.camping-bergons.com/?utm_source=gmb,,,,
http://www.luz-camping.com/,,,,
http://www.campinglehounta.com/,,,,
http://www.international-camping.fr/,,,,
https://www.camping-neung-sur-beuvron.fr/,,,,
https://www.camping-de-nolay.fr/,,,,
https://www.campings11.fr/,,,,
https://www.camping-du-bois-vert.fr/,,,,
http://www.campingileauxpies.com/,,,,
https://www.campingdulittoral.com/,,,,
https://www.lablanchehermine.fr/,,,,
https://www.campingpeguere.com/,,,,
https://campingsaintpaul-27.fr/,,,,
https://www.camping-aix-en-provence.com/?utm_medium=organic&utm_source=gmb&utm_campaign=citykamp_aix_en_provence,,,,
http://www.campingvieuxberger.fr/,,,,
http://www.camping-domec-lourdes.com/,,,,
http://www.camping-sarsan.fr/,,,,
http://www.camping-du-loup-lourdes.com/,,,,
https://www.lapignade.fr/,,,,
https://www.capfun.com/camping-france-provence_alpes_cote_d_azur-pinedes_du_luberon-FR.html,,,,
http://www.usolemarinu.com/,,,,
http://www.camping-au-pays-basque.fr/,,,,
http://www.camping-cevennes.info/,,,,
https://camping-monteglin.com/,,,,
https://www.camping-princes-orange.fr/,,,,
https://www.domaine-2soleils.com/,,,,
https://campingaquarev.fr/,,,,
https://thelisresa.webcamp.fr/cart-informations.php?camping=marais85&PHPSESSID=8snkc90gm0f749nfdshpnhi341,,,,
http://www.camping-des-conches.fr/,,,,
https://www.campinglavallee.com/?utm_campaign=gmb_search&utm_medium=organic&utm_source=google,,,,
http://camping-le-cheyenne.com/,,,,
http://www.camping-lacalanque.fr/?utm_source=gmb,,,,
https://www.ile-blanche.com/,,,,
https://www.campingpointedutalud.com/,,,,
https://www.camping-rondinara.com/,,,,
https://www.camping-gondrexange.fr/,,,,
http://www.camping-lesorangers.com/,,,,
http://auxportesdecassis.com/,,,,
https://www.night-and-day.fr/camping/35-camping-du-port-mulon,,,,
https://www.vacances-passion.org/vv/vacances/a-chacun-ses-vacances/,,,,
https://www.camping-sousleclocher.com/,,,,
https://www.camping-hautesioule.fr/?utm_medium=referral&utm_source=gmb&utm_campaign=lnk-gmb,,,,
https://www.camping-leventoulou.com/,,,,
http://www.campinglapommeraie.com/?utm_source=gmb,,,,
https://camping-terredeloire.fr/,,,,
https://www.campingdelill.fr/?utm_medium=organic&utm_source=gmb&utm_campaign=citykamp_colmar,,,,
http://www.campinglebodri.com/,,,,
https://www.camping-le-ruisseau.fr/fr/?utm_source=google&utm_medium=organic&utm_campaign=my_business,,,,
http://www.camping-cap-du-roc.com/,,,,
http://www.fredsplace.nl/php/start.php?lang=en,,,,
https://campingoudon.fr/,,,,
https://camping-des-halles-decize.fr/,,,,
http://www.vendee-location-camping.com/,,,,
http://campinglabradiere.fr/,,,,
https://www.capfun.com/camping-france-centre-grenouillere-FR.html,,,,
http://camping-le-freyssinet.weebly.com/,,,,
https://www.camping-lozere.info/,,,,
https://www.capfun.com/camping-france-languedoc_roussillon-lou_village-FR.html,,,,
https://www.camping-plageetmer.com/?utm_campaign=gmb_search&utm_medium=organic&utm_source=google,,,,
https://hellosummerinn.fr/,,,,
http://www.campinglespinsducel.com/,,,,
https://www.terredauge-camping.fr/fr/,,,,
https://www.camping-la-verdiere-83.com/,,,,
https://www.capfun.com/camping-france-rhone_alpes-sagittaire-FR.html,,,,
https://www.camping-vagues-oceanes.com/camping-cote-d-or/lac-de-panthier.html,,,,
https://www.campingdesologne.fr/,,,,
https://www.holidu.de/d/63561395?ref_source=google_vr&utm_source=google_vr_eb,,,,
https://www.holidu.de/d/63561399?ref_source=google_vr&utm_source=google_vr_eb,,,,
http://www.camping-lepicardnormandy.com/,,,,
https://www.salers.fr/camping-mouriol-salers-cantal_fr.html,,,,
https://www.holidu.de/d/50153459?ref_source=google_vr&utm_source=google_vr_eb,,,,
https://www.holidu.de/d/48292218?ref_source=google_vr&utm_source=google_vr_eb,,,,
https://www.holidu.de/d/55556241?ref_source=google_vr&utm_source=google_vr_eb,,,,
https://www.holidu.de/d/50151468?ref_source=google_vr&utm_source=google_vr_eb,,,,
https://www.virenormandie.fr/decouvrir-vire-normandie/commune-nouvelle-attractive/camper-a-vire-normandie/,,,,
https://www.tessybocage.fr/annuaire/services/camping-de-pont-farcy/,,,,
http://www.lapibola.com/,,,,
http://www.camping-mirepoix-ariege.com/,,,,
https://www.holidu.de/d/47946925?ref_source=google_vr&utm_source=google_vr_eb,,,,
http://campinglaperigourd.wixsite.com/la-perigourdine,,,,
https://www.night-and-day.fr/camping/37-camping-les-belles-rives,,,,
https://www.camping-lesondines.com/?ept-publisher=uska&ept-name=souillac-les-ondines,,,,
https://www.camping-loix.com/?ept-publisher=uska&ept-name=loix-les-ilates,,,,
https://www.guide-toulouse-pyrenees.com/fr/tourisme/se-loger/camping/campings/luz-saint-sauveur-1209/camping-so-de-prous-7082.html,,,,
https://www.camping-apv.com/mediterranee/camping-provence-alpes-maritimes/la-colle-sur-loup/camping-au-vallon-rouge?utm_source=googlemybusiness&utm_medium=organic,,,,
https://www.holidu.de/d/62454045?ref_source=google_vr&utm_source=google_vr_eb,,,,
https://www.holidu.de/d/61992385?ref_source=google_vr&utm_source=google_vr_eb,,,,
https://www.campinglepyreneen-luchon.com/,,,,
https://www.holidu.de/d/47107770?ref_source=google_vr&utm_source=google_vr_eb,,,,
https://girondecamping.fr/,,,,
http://www.camping-horizon.fr/,,,,
https://www.campingclosdonjean.com/,,,,
http://www.camping-lanfonnet.com/,,,,
http://www.lebloemstraete.com/,,,,
http://www.lespresdelamer.com/,,,,
http://www.camping-maupassant.com/,,,,
http://www.camping-barre-y-va.com/,,,,
https://www.greengo.voyage/hote/camping-pleine-nature-maison-espalanusse/logement/grand-camp-famille-emplacement-de-camping,,,,
https://www.holidu.de/d/57069334?ref_source=google_vr&utm_source=google_vr_eb,,,,
https://www.holidu.de/d/57069335?ref_source=google_vr&utm_source=google_vr_eb,,,,
https://www.holidu.de/d/57069332?ref_source=google_vr&utm_source=google_vr_eb,,,,
http://www.campinglesroches.fr/,,,,
https://www.camping-ardeche-vogue.com/,,,,
https://www.clicochic.com/camping-france-languedoc_roussillon-gorges_du_gardon-FR.html,,,,
https://www.capfun.com/camping-france-languedoc_roussillon-gorges_du_gardon-FR.html,,,,
http://www.campingmontbartoux.com/,,,,
https://www.capfun.com/camping-france-lorraine-la_mirabelle-FR.html,,,,
https://www.campingmercone-corte.com/,,,,
http://www.campingsaintpancrace.com/,,,,
https://campingrestonica.com/,,,,
http://www.camping-corte.com/,,,,
http://www.campita.fr/,,,,
http://sanxay.fr/,,,,
https://www.camping-le-soulhol.fr/,,,,
https://www.menton-riviera-merveilles.fr/mercantour-roya-bevera/vallee-de-la-roya/tende/,,,,
https://www.moulinet.net/site2/pages/Camping.php,,,,
https://www.campingleromantic.fr/,,,,
http://www.campinglajoletiere.fr/,,,,
https://www.domainelatour.com/?utm_source=google&utm_medium=organic&utm_campaign=gmb,,,,
https://www.camping-villeneuvelezavignon.com/,,,,
https://www.campingpyrenevasion.com/,,,,
http://www.camping-le-rioumajou.com/,,,,
http://www.camping-saint-lary.com/camping-autun-st-lary.html,,,,
http://www.camping-oraison.com/,,,,
https://saint-mihiel.fr/camping/,,,,
http://www.camping-myrtilles-luchon.com/,,,,
http://campingdesrosaires.jimdofree.com/,,,,
https://www.camping-cotesdarmor-lesmouettes.com/,,,,
https://www.etoile-des-neiges.com/,,,,
https://loupassavous.com/,,,,
https://www.capfun.com/camping-france-alsace-fort_falabraque-FR.html,,,,
https://www.capfun.com/camping-france-picardie-val_authie-FR.html,,,,
http://capfun.com/,,,,
https://www.capfun.com/camping-france-basse_normandie-chateau_arvid-FR.html,,,,
https://www.capfun.com/camping-france-rhone_alpes-plantas-FR.html,,,,
https://www.holidu.de/d/40184622?ref_source=google_vr&utm_source=google_vr_eb,,,,
https://www.capfun.com/camping-france-ile_de_france-parc_de_paris-FR.html,,,,
http://www.campingcucugnan.com/,,,,
http://www.camping.tuffe.fr/,,,,
http://www.campingtulette.com/,,,,
https://www.campingeaunaturelle.com/?utm_source=google&utm_medium=wix_google_business_profile&utm_campaign=4493479566587087404,,,,
http://lafermedupelou.com/,,,,
https://www.camping-saint-claude.fr/,,,,
https://www.holidu.de/d/63794465?ref_source=google_vr&utm_source=google_vr_eb,,,,
https://vallon-estivaux.fr/,,,,
http://www.campingdupontacochons.fr/,,,,
https://www.holidu.de/d/45745130?ref_source=google_vr&utm_source=google_vr_eb,,,,
https://www.holidu.de/d/44422800?ref_source=google_vr&utm_source=google_vr_eb,,,,
https://www.holidu.de/d/63747557?ref_source=google_vr&utm_source=google_vr_eb,,,,
https://www.holidu.de/d/62318880?ref_source=google_vr&utm_source=google_vr_eb,,,,
https://bookingpremium.secureholiday.net/fr/4835/,,,,
http://www.campingdeletang.fr/,,,,
https://campingles2iles.fr/,,,,
https://www.expedia.com/Hotel.h118917154.Hotel-Information?mdpcid=META.HPA.WEB-ORGANIC.VR,,,,
https://www.sandaya.fr/nos-campings/les-rivages?utm_campaign=cta_site_web_les_rivages&utm_medium=gbp&utm_source=google,,,,
https://www.campingdethoissey.fr/,,,,
http://www.campingdelhofland.com/,,,,
http://www.camping-aveyron-tarn.com/,,,,
https://www.lakilienne.fr/?utm_source=gmb,,,,
https://www.lakilienne.fr/,,,,
https://www.camping-lac-thoux.fr/,,,,
http://www.camping-cevennes-nature.com/,,,,
https://www.saintcyrsurmer.com/hotellerie-plein-air/camping-du-port-dalon-saint-cyr-sur-mer/,,,,
https://www.camping-bievre-isere.com/,,,,
http://www.saint-hilaire-de-chaleons.fr/,,,,
https://www.domaine-du-collet.com/?utm_source=google&utm_medium=organic&utm_campaign=gbp,,,,
https://campingileauxloisirs.fr/,,,,
https://www.campinglasprades.fr/,,,,
https://www.camping-les-biches.com/,,,,
http://www.campingpanorama.com/,,,,
http://www.campingvallespir.com/?utm_source=gmb&utm_medium=organic,,,,
https://www.holidu.fr/d/56843964?ref_source=google_vr&utm_source=google_vr_eb,,,,
https://www.camping-eurosol.com/,,,,
https://campingdelamotte.com/,,,,
https://www.holidu.de/d/61775533?ref_source=google_vr&utm_source=google_vr_eb,,,,
https://camping-bearn.com/,,,,
http://www.belleile-lasource.com/,,,,
http://www.camping-letivoli-laroque.fr/,,,,
https://www.holidu.de/d/51460755?ref_source=google_vr&utm_source=google_vr_eb,,,,
https://www.holidu.fr/d/36380259?ref_source=google_vr&utm_source=google_vr_eb,,,,
https://www.expedia.com/Hotel.h132329556.Hotel-Information?mdpcid=META.HPA.WEB-ORGANIC.VR,,,,
http://www.eurocampings.co.uk/,,,,
https://www.holidu.de/d/44422447?ref_source=google_vr&utm_source=google_vr_eb,,,,
http://www.camping-leclaps.fr/,,,,
https://www.domainegatinie.com/,,,,
https://www.holidu.fr/d/47897711?ref_source=google_vr&utm_source=google_vr_eb,,,,
http://camping-les-mouettes.com/,,,,
https://www.capfun.com/camping-france-alsace-suzel-FR.html,,,,
https://www.holidu.de/d/51210598?ref_source=google_vr&utm_source=google_vr_eb,,,,
http://www.camping-fondespierre.com/?utm_source=gmb,,,,
https://www.expedia.com/Hotel.h110738640.Hotel-Information?mdpcid=META.HPA.WEB-ORGANIC.VR,,,,
https://www.expedia.com/Hotel.h110981394.Hotel-Information?mdpcid=META.HPA.WEB-ORGANIC.VR,,,,
https://www.expedia.com/Hotel.h110981373.Hotel-Information?mdpcid=META.HPA.WEB-ORGANIC.VR,,,,
https://www.expedia.com/Hotel.h110981361.Hotel-Information?mdpcid=META.HPA.WEB-ORGANIC.VR,,,,
https://www.expedia.com/Hotel.h110981382.Hotel-Information?mdpcid=META.HPA.WEB-ORGANIC.VR,,,,
https://www.expedia.com/Hotel.h110981388.Hotel-Information?mdpcid=META.HPA.WEB-ORGANIC.VR,,,,
https://www.expedia.com/Hotel.h110738633.Hotel-Information?mdpcid=META.HPA.WEB-ORGANIC.VR,,,,
https://www.expedia.com/Hotel.h110738642.Hotel-Information?mdpcid=META.HPA.WEB-ORGANIC.VR,,,,
http://www.campingauxquatrevues.fr/,,,,
http://www.camping-savigny-sur-braye.fr/,,,,
https://www.campingborepo.fr/,,,,
https://campinggite-affenage.com/,,,,
https://www.capfun.com/camping-france-aquitaine-haut_ratebout-FR.html,,,,
https://www.campingcarpark.com/fr_FR/camping-car/centre-val-de-loire/indre-et-loire/yzeures-sur-creuse,,,,
https://www.camping-apv.com/atlantique/camping-vendee/camping-lucon/domaine-des-guifettes?utm_source=googlemybusiness&utm_medium=organic,,,,
https://www.campinglepredessables.fr/?utm_source=gmb&utm_medium=organic,,,,
https://www.holidu.de/d/62369579?ref_source=google_vr&utm_source=google_vr_eb,,,,
https://www.sore.fr/Vie-pratique/Hebergements/Aire-naturelle-de-camping-2-epis,,,,
https://www.vrbo.com/pdp/lo/113870396?MDPCID=VRBO-META.HPA.WEB-ORGANIC.VR,,,,
https://gitesmoulinbellegarde64350.fr/,,,,
https://www.camping-sanssouci.com/,,,,
http://www.camping-cornee-lac-du-der.com/,,,,
https://www.camping-lecormoran.fr/?utm_campaign=gmb_search&utm_medium=organic&utm_source=google,,,,
https://www.wmoer.com/bourgogne/camping.php,,,,
http://camping-le-large.com/,,,,
https://www.holidu.fr/d/61868266?ref_source=google_vr&utm_source=google_vr_eb,,,,
https://www.camping-lerivage.com/,,,,
https://www.les-granges.com/,,,,
http://www.campinglatapie.com/,,,,
http://campinggoyenetche6.wixsite.com/camping-goyenetche,,,,
http://www.campingdesnacres.fr/,,,,
http://www.soledoru.net/,,,,
http://urosumarinu.fr/,,,,
http://campingaufildeleau.com/,,,,
http://www.camping-esplantats.com/,,,,
http://www.camping-de-larbey.com/?utm_source=gmb,,,,
https://deals.vio.com/?sig=73aca13c7f952d2641c156f3e69125e1eb497c325f122828ee5aa8797168b9a12d32303331333438363233&turl=https%3A%2F%2Fwww.vio.com%2FHotel%2FSearch%3FhotelId%3D148649832%26utm_source%3Dgha-vr%26utm_campaign%3Dstatic%26openHotelDetails%3D1,,,,
https://www.perla-di-mare.fr/,,,,
https://www.campingfontaines.com/,,,,
https://www.campingacm.com/?utm_campaign=gmb_search&utm_medium=organic&utm_source=google,,,,
https://www.holidu.de/d/55309738?ref_source=google_vr&utm_source=google_vr_eb,,,,
https://www.holidu.de/d/55198422?ref_source=google_vr&utm_source=google_vr_eb,,,,
https://www.holidu.de/d/62548432?ref_source=google_vr&utm_source=google_vr_eb,,,,
https://www.camping-vagues-oceanes.com/camping-dordogne/beau-rivage.html,,,,
https://www.clicochic.com/camping-france-bretagne-les_plages_de_beg_leguer-FR.html,,,,
http://www.camping-lamareauxfees.fr/,,,,
http://www.lesdunesdecontis.fr/,,,,
https://www.capfun.com/camping-france-aquitaine-clown_ocean-FR.html,,,,
http://www.camping-le-verdier.com/,,,,
https://www.maiana-holidays.com/camping/chateau-de-lhom/,,,,
https://www.camping-caylou.fr/,,,,
http://www.camping-mas-del-miech.com/,,,,
https://www.holidu.fr/d/57013885?ref_source=google_vr&utm_source=google_vr_eb,,,,
https://www.holidu.de/d/57013880?ref_source=google_vr&utm_source=google_vr_eb,,,,
https://www.sandaya.fr/nos-campings/les-tamaris?utm_source=google&utm_medium=gbp&utm_campaign=cta_siteweb_LesTamaris,,,,
https://campinglesablon.com/,,,,
http://campingduplandeau.com/,,,,
http://www.camping-lestourterelles.com/,,,,
https://www.camping-grandmarais.com/rubrique16/emplacement-mobil-home/,,,,
https://www.azureva-vacances.com/fr/hebergement/camping-sigean/,,,,
https://www.camping-lescadenieres-var.com/,,,,
https://www.camping-veuzain-sur-loire.fr/,,,,
https://www.lot-camping.com/?lang=fr,,,,
http://www.roudayres.com/,,,,
https://www.holidu.fr/d/36380252?ref_source=google_vr&utm_source=google_vr_eb,,,,
https://www.campingvalhalla.fr/,,,,
http://campinglesamandaies.fr/,,,,
https://www.coudoulets.com/,,,,
https://www.holidu.de/d/37917576?ref_source=google_vr&utm_source=google_vr_eb,,,,
https://www.holidu.de/d/37851631?ref_source=google_vr&utm_source=google_vr_eb,,,,
https://www.holidu.de/d/37851632?ref_source=google_vr&utm_source=google_vr_eb,,,,
https://www.holidu.de/d/37851633?ref_source=google_vr&utm_source=google_vr_eb,,,,
http://lepetitreal.fr/,,,,
http://www.laplainetonique.com/,,,,
https://www.clicochic.com/camping-france-bretagne-bordeneo-FR.html,,,,
http://www.camping.bangor.fr/,,,,
http://www.belle-ile.com/se-loger/campings/135894-camping-municipal-port-andro,,,,
https://www.campingaiguillecreuse.com/,,,,
http://www.valsaintes.com/,,,,
https://www.settons-camping.fr/,,,,
https://www.camping-chalets-settons.com/,,,,
http://www.settons-camping.com/,,,,
https://lespourettes-eu.webnode.nl/,,,,
https://www.camping-lagallouette.fr/?utm_source=google&utm_medium=organic&utm_campaign=gmb,,,,
https://campinglatentation.com/camping-la-tentation/,,,,
https://www.campingdesportesduperche.com/,,,,
http://www.camping-puymary.com/,,,,
https://www.bienvenue-a-la-ferme.com/manche/pirou/ferme/ferme-de-la-moriniere/128843,,,,
https://www.campinglepetitpyreneen.com/,,,,
http://www.camping-haut-salat.com/,,,,
https://europe.huttopia.com/site/gorges-du-tarn/?utm_medium=organic&utm_source=gmb&utm_campaign=gorges_du_tarn,,,,
http://www.les-oyats.com/,,,,
http://www.campinglatentation.com/,,,,
https://www.capfun.com/camping-france-bretagne-cenic-FR.html,,,,
https://www.camping-la-plage-des-oliviers.com/,,,,
https://www.corsicacamping-europabeach.fr/,,,,
https://camping-marina-di-casinca.jimdosite.com/,,,,
https://www.campinglescascades2b.fr/,,,,
https://www.campinglemas.com/?utm_campaign=gmb_search&utm_medium=organic&utm_source=google,,,,
https://www.lesterrassesdedordogne.com/,,,,
https://poutiroux.com/,,,,
https://www.sandaya.fr/nos-campings/le-col-vert?utm_source=google&utm_medium=gbp&utm_campaign=cta_siteweb_LeColVert,,,,
https://www.camping-les-cordeliers.fr/,,,,
http://www.camping46rainettes.com/,,,,
https://www.holidu.fr/d/40184187?ref_source=google_vr&utm_source=google_vr_eb,,,,
http://www.lespetitesmartinies.fr/,,,,
https://www.camping-grignan.com/,,,,
http://camping-lepredesarbres.fr/,,,,
https://www.campingventoux.com/,,,,
http://campinglachutedeau.fr/,,,,
http://www.la-pietra.com/,,,,
https://www.clicochic.com/camping-france-rhone_alpes-couriou-FR.html,,,,
https://www.tourismebretagne.com/offres/camping-municipal-de-letang-marcille-robert-fr-1964353/,,,,
https://www.campingcarpark.com/fr_FR/camping-car/centre-val-de-loire/36-indre/reuilly?areaType=camping,,,,
http://campingdupindegalle.biz/,,,,
https://www.mayenneco-camping.fr/,,,,
https://br.bluepillow.com/search/648619c17f7e24c1922ed141?dest=bkng&cat=House&lat=45.71611&lng=-1.16229&language=pt,,,,
https://www.holidu.de/d/55178097?ref_source=google_vr&utm_source=google_vr_eb,,,,
https://www.holidu.de/d/55178102?ref_source=google_vr&utm_source=google_vr_eb,,,,
https://ville-maille.fr/tourisme/camping-municipal-la-petite-cabane-et-son-aire-de-camping-cars,,,,
https://www.camping-genets-morvan.com/,,,,
http://campinglemadiran.jimdo.fr/,,,,
http://www.ville-carhaix.bzh/accueil_carhaix/decouvrir_carhaix/tourisme_de_loisirs_et_daffaires/camping_municipal_de_la_vallee_de_lhyeres,,,,
http://www.campingleptitbonheur.fr/,,,,
http://aladetente.fr.nf/,,,,
https://www.camping-duvieuxchateau.com/,,,,
http://www.campingbelessor.com/,,,,
https://www.masdechampel.com/?ept-publisher=uska&ept-name=ollieres-sur-eyrieux-mas-de-champel,,,,
https://www.martigneferchaud.bzh/loisirs/tourisme/sejourner/camping-municipal-le-bois-feuillet,,,,
https://www.camping-litetmixe.com/?utm_campaign=gmb_search&utm_medium=organic&utm_source=google,,,,
https://www.camping-2-rivieres.com/,,,,
http://www.camping-lemoulinvieux.com/,,,,
https://www.holidu.fr/d/57626130?ref_source=google_vr&utm_source=google_vr_eb,,,,
https://www.camping-stlaurentnouan.fr/,,,,
https://www.holidu.de/d/36377148?ref_source=google_vr&utm_source=google_vr_eb,,,,
https://www.capfun.com/camping-france-corse-marina_aleria-FR.html,,,,
https://campingleseauxclai.wixsite.com/les-eaux-claires,,,,
https://www.campingdupontdemanne.fr/,,,,
http://campinglesbouleaux.wixsite.com/lesbouleaux,,,,
https://camping-la-font-de-bleix.fr/,,,,
https://www.campingrivabella.com/?utm_campaign=gmb_search&utm_medium=organic&utm_source=google,,,,
https://www.holidu.de/d/55234694?ref_source=google_vr&utm_source=google_vr_eb,,,,
https://www.holidu.de/d/62050442?ref_source=google_vr&utm_source=google_vr_eb,,,,
https://www.holidu.de/d/40183886?ref_source=google_vr&utm_source=google_vr_eb,,,,
https://www.holidu.de/d/40183887?ref_source=google_vr&utm_source=google_vr_eb,,,,
http://www.sordelabbaye.fr/tourisme.htm,,,,
https://www.chauvigny.fr/index.php/tourisme-patrimoine/chauvigny-vous-accueille/211-camping-la-fontaine,,,,
https://www.holidu.de/d/56380996?ref_source=google_vr&utm_source=google_vr_eb,,,,
https://www.holidu.de/d/51596736?ref_source=google_vr&utm_source=google_vr_eb,,,,
https://www.holidu.de/d/57076188?ref_source=google_vr&utm_source=google_vr_eb,,,,
https://www.holidu.de/d/51596733?ref_source=google_vr&utm_source=google_vr_eb,,,,
https://www.camping-saintpointlac.fr/,,,,
https://www.camping-lac-remoray.fr/,,,,
http://www.campingdemarsalin.fr/camping-eure-et-loir.html,,,,
https://www.holidu.de/d/55009565?ref_source=google_vr&utm_source=google_vr_eb,,,,
https://www.holidu.de/d/45745127?ref_source=google_vr&utm_source=google_vr_eb,,,,
https://www.camping-seyssel-viarhona.fr/,,,,
https://www.night-and-day.fr/camping/29-camping-les-ceriselles,,,,
http://www.camping-neptune.fr/,,,,
http://www.camping-la-source-martigues.com/,,,,
http://www.camping-marius.com/,,,,
https://www.lousoulei.com/?utm_campaign=gmb_search&utm_medium=organic&utm_source=google,,,,
https://www.campingdelaroutebleue.com/,,,,
https://www.campingdekerdual.fr/,,,,
http://campingderozarmor.fr/,,,,
http://www.camping-esperance.com/,,,,
http://www.campinglesbouleaux.fr/,,,,
https://www.magnac-bourg.fr/camping-les-ecureuils-magnac-bourg-87_fr.html,,,,
http://www.campinglesboudougnes.fr/,,,,
https://www.camping-thouars.com/,,,,
http://campingmaya-stjeandeluz.fr/,,,,
https://www.holidu.de/d/53018807?ref_source=google_vr&utm_source=google_vr_eb,,,,
http://www.camping-le-gardian.fr/,,,,
https://www.gaia-vacances.fr/camping-de-lisieux,,,,
https://www.ecrin-des-alpes-en-valgaudemar.com/,,,,
https://campingdeseauxdouc.wixsite.com/camping,,,,
http://campinglavillette.fr/,,,,
http://campinglesrichardes.free.fr/,,,,
http://www.camping-du-pont-charlet.fr/,,,,
https://www.camping-nostradamus.com/,,,,
https://www.capfun.com/camping-france-bretagne-an_trest-FR.html,,,,
https://www.camping-stjacques.com/?utm_campaign=gmb_search&utm_medium=organic&utm_source=google,,,,
https://www.camping-cantarelles.fr/,,,,
https://www.campinglacdecarouge.fr/,,,,
http://www.lachevreverte.com/,,,,
https://www.camping-apv.com/atlantique/camping-vendee/camping-saint-jean-de-monts/les-aventuriers-de-la-calypso?utm_source=googlemybusiness&utm_medium=organic,,,,
https://www.camping-presquile-saint-mandrier.com/?utm_campaign=gmb_search&utm_medium=organic&utm_source=google,,,,
https://www.camping-sarthe-les-tournesols.fr/,,,,
http://www.leconguel.fr/,,,,
https://www.quiberon-camping.com/?ept-publisher=uska&ept-name=quiberon-le-bois-d-amour,,,,
http://www.campingquiberon.com/,,,,
https://www.olela.fr/campings/camping-park-er-lann,,,,
http://www.camping-marlice.com/,,,,
https://www.olela.fr/camping-les-chalands-fleuris,,,,
https://www.holidu.de/d/53018918?ref_source=google_vr&utm_source=google_vr_eb,,,,
http://www.camping-la-poterie-37.com/fr,,,,
https://www.capfun.com/camping-france-picardie-dune_fleurie-FR.html,,,,
https://www.campinglepic-rocamadour.com/,,,,
http://www.lerousset-marizy.fr/decouvrir-la-commune/camping/,,,,
https://www.campings-pointe-bretagne.com/,,,,
https://www.lesbordsdeceze.com/,,,,
https://camping-chateau-la-valliere.fr/,,,,
http://www.lemue.fr/,,,,
https://nuitfr.click/camping-baye-dv4wkb,,,,
https://www.holidu.de/d/55347780?ref_source=google_vr&utm_source=google_vr_eb,,,,
https://camping5cheminsverts.wixsite.com/boeschepe,,,,
https://lahoublonniere.wixsite.com/camping-la-houblonni,,,,
http://campingbollezeele.free.fr/,,,,
https://camping-dordogneverte.fr/?utm_source=google&utm_medium=organic&utm_campaign=gbp,,,,
http://www.campingdelacolombiere.fr/,,,,
http://www.leboisdepins.com/,,,,
http://www.camping-roussillon.com/,,,,
https://www.campingdesdeuxsequoias.fr/,,,,
https://www.campinglestours.com/?utm_campaign=gmb_search&utm_medium=organic&utm_source=google,,,,
http://campingleparadis.eu/en/,,,,
https://ledouvet.com/,,,,
https://leplantier.info/,,,,
http://www.campinglasapiniere.fr/?utm_medium=referral&utm_source=gmb&utm_campaign=lnk-gmb,,,,
https://www.saintlaurentdolt.fr/decouvrir/tourisme-et-loisirs/hebergements/,,,,
https://www.gites-camping-vernoux-en-vivarais.fr/,,,,
https://www.oasis-palavasienne.com/,,,,
https://campinglesiscles.fr/,,,,
http://www.camping-de-tignes.com/,,,,
https://campinglecolombier.com/en/home-english,,,,
http://www.camping-volvic.com/,,,,
https://www.campingdusurizet.fr/,,,,
https://www.campingdelacoudraye.fr/,,,,
http://www.mirabel-mielles.com/,,,,
https://www.capfun.com/camping-france-bretagne-chateau_de_galinee-FR.html,,,,
http://www.campingpen-guen.com/,,,,
http://www.camping-les-terrasses.com/,,,,
https://www.tourisme-combrailles.fr/camping-municipal-de-saint-georges-de-mons-saint-georges-de-mons.html,,,,
http://www.saintleonarddesbois.fr/,,,,
https://www.holidu.de/d/49075169?ref_source=google_vr&utm_source=google_vr_eb,,,,
https://www.camping-cigales.fr/,,,,
https://www.holidu.de/d/36757394?ref_source=google_vr&utm_source=google_vr_eb,,,,
http://camping.combourg.bzh/,,,,
https://www.camping-vagues-oceanes.com/camping-gard/monte-cristo.html,,,,
https://iledamour.com/,,,,
https://www.capfun.com/camping-france-rhone_alpes-saint_colomban-FR.html,,,,
https://www.holidu.de/d/45063523?ref_source=google_vr&utm_source=google_vr_eb,,,,
https://www.campinglessalinsdelagardiole.com/?utm_campaign=gmb_search&utm_medium=organic&utm_source=google,,,,
http://www.campingaresquiers.com/,,,,
https://www.leboncoin.fr/ad/locations_saisonnieres/2761598568,,,,
http://www.camping-sainte-mere.fr/,,,,
https://www.saintgermaindubois.fr/mairie-tourisme-bresse-71330/camping/,,,,
https://www.holidu.de/d/58359193?ref_source=google_vr&utm_source=google_vr_eb,,,,
https://www.holidu.de/d/58359194?ref_source=google_vr&utm_source=google_vr_eb,,,,
https://www.holidu.de/d/58359195?ref_source=google_vr&utm_source=google_vr_eb,,,,
https://www.holidu.de/d/58359196?ref_source=google_vr&utm_source=google_vr_eb,,,,
https://www.auxgrandsespaces.com/,,,,
http://campinglagrandepature.com/,,,,
http://www.campinglegrandpre.com/?utm_source=google&utm_medium=wix_google_business_profile&utm_campaign=3352692174354298034,,,,
https://www.campingscollinet.com/campingleclosdespins/,,,,
http://www.camping-thierache.com/,,,,
https://www.campinglrpur.com/,,,,
http://st-hilaire.fr/,,,,
http://www.camping-sainteclaire.com/,,,,
https://www.guide-toulouse-pyrenees.com/fr/tourisme/se-loger/camping/campings/moulis-209/camping-amour-d-ariege-8594.html,,,,
https://www.holidu.de/d/61895954?ref_source=google_vr&utm_source=google_vr_eb,,,,
https://www.holidu.de/d/36370545?ref_source=google_vr&utm_source=google_vr_eb,,,,
https://www.moulindeserre.com/,,,,
http://www.campingensalvan.com/,,,,
http://base-de-loisirs-du-colvert.fr/,,,,
https://www.holidu.de/d/62614451?ref_source=google_vr&utm_source=google_vr_eb,,,,
http://camping.la.riviere.encorsedusud.fr/,,,,
https://campingulibecciu.com/,,,,
http://www.camping-acacias.fr/,,,,
https://camping-val-dajol.fr/,,,,
https://lacreche.com/,,,,
https://www.camping-etang-du-merle.fr/,,,,
https://www.yellohvillage-petite-camargue.com/?utm_source=google_my_business&utm_medium=organic&utm_campaign=cta_site_web,,,,
https://www.holidu.de/d/36444412?ref_source=google_vr&utm_source=google_vr_eb,,,,
https://www.holidu.de/d/36377875?ref_source=google_vr&utm_source=google_vr_eb,,,,
https://www.holidu.fr/d/37699500?ref_source=google_vr&utm_source=google_vr_eb,,,,
https://www.holidu.fr/d/49257598?ref_source=google_vr&utm_source=google_vr_eb,,,,
https://www.campingcarpark.com/fr_FR/sejour/camping/occitanie/30-gard/aveze,,,,
https://www.holidu.de/d/40185101?ref_source=google_vr&utm_source=google_vr_eb,,,,
https://www.holidu.de/d/40185096?ref_source=google_vr&utm_source=google_vr_eb,,,,
https://www.holidu.de/d/40185102?ref_source=google_vr&utm_source=google_vr_eb,,,,
https://campingleboldair.fr/,,,,
http://lebilos.wixsite.com/camping-lebilos,,,,
https://www.camping-les-genets.fr/fr/,,,,
https://7milepinecrest.com/camping-villapourcon-2hvv2d,,,,
https://www.holidu.de/d/53798396?ref_source=google_vr&utm_source=google_vr_eb,,,,
https://www.holidu.de/d/53798391?ref_source=google_vr&utm_source=google_vr_eb,,,,
https://www.holidu.de/d/48189394?ref_source=google_vr&utm_source=google_vr_eb,,,,
https://www.campingdelaseuge.fr/,,,,
http://www.camping-lans-en-vercors.fr/,,,,
https://www.holidu.de/d/62548429?ref_source=google_vr&utm_source=google_vr_eb,,,,
http://www.camping-des-cepes.com/,,,,
https://www.lesfeesdulac.com/,,,,
https://campingprovencale.com/,,,,
https://www.sandaya.fr/nos-campings/la-roubine?utm_source=google&utm_medium=gbp&utm_campaign=cta_siteweb_LaRoubine,,,,
https://www.campingdesnoiresmottes.fr/,,,,
https://www.holidu.de/d/47132679?ref_source=google_vr&utm_source=google_vr_eb,,,,
https://www.holidu.de/d/47132678?ref_source=google_vr&utm_source=google_vr_eb,,,,
http://www.campingstroncais.com/,,,,
http://www.campinglelacofees.fr/,,,,
http://www.campingmasdelisle.com/,,,,
https://www.campingdupontdelunel.com/site-camping,,,,
https://campingdelouveze.com/,,,,
http://www.campingdebeaufort.fr/,,,,
https://sites.google.com/view/camping-lesaynans/accueil,,,,
https://www.campingletastesoule.fr/,,,,
http://www.camping-lesfranquettes.com/,,,,
http://camping-ranch.fr/,,,,
https://www.holidu.de/d/51414881?ref_source=google_vr&utm_source=google_vr_eb,,,,
https://www.guide-du-perigord.com/fr/tourisme/se-loger/campings/villetoureix-154/camping-de-la-dronne-7879.html,,,,
https://www.holidu.de/d/62569310?ref_source=google_vr&utm_source=google_vr_eb,,,,
https://www.holidu.de/d/51596713?ref_source=google_vr&utm_source=google_vr_eb,,,,
https://www.holidu.de/d/51584812?ref_source=google_vr&utm_source=google_vr_eb,,,,
https://www.camping-charente-maritime-17.com/,,,,
https://www.campinglanouvelleplage-veigne.com/,,,,
https://www.serent.fr/accueil-camping.html,,,,
https://www.holidu.de/d/51090335?ref_source=google_vr&utm_source=google_vr_eb,,,,
https://www.camping-lepanorama.fr/-Hebergement-locatif-,,,,
https://www.camping-saintmalo.fr/,,,,
https://www.campingdemontfort.fr/,,,,
http://villes-sur-auzon.fr/campingmunicipal/index.html,,,,
https://www.holidu.de/d/57069331?ref_source=google_vr&utm_source=google_vr_eb,,,,
https://camping-la-farigoulette-verdon.com/,,,,
https://estefana.fr/,,,,
https://www.clicochic.com/camping-france-franche_comte-grisiere-FR.html,,,,
https://www.capfun.com/camping-france-franche_comte-pergola-FR.html,,,,
https://www.clicochic.com/camping-france-franche_comte-trelachaume-FR.html,,,,
https://www.camping-la-ciotat.com/?utm_campaign=gmb_search&utm_medium=organic&utm_source=google,,,,
http://www.campinglejardindescevennes.com/,,,,
https://www.campingcapelan.com/fr/,,,,
http://www.camping-aveyron-najac.com/,,,,
http://www.campingdesetoiles.fr/,,,,
http://www.camping-aiguebelle.fr/,,,,
http://camping-delron.com/,,,,
http://christophemalzac.wixsite.com/camping-les-vernedes,,,,
http://campinglevialaret.jimdo.com/,,,,
https://www.campingdemontolieu.com/,,,,
http://www.camping-brest.com/,,,,
http://www.ephelides.com/,,,,
https://www.eden-villages.fr/campings/palmyreloisirs/,,,,
http://www.campingmaubec-luberon.com/,,,,
https://www.beteruitvakantieparken.nl/ladraille,,,,
https://www.holidu.de/d/54917337?ref_source=google_vr&utm_source=google_vr_eb,,,,
https://www.holidu.de/d/57514612?ref_source=google_vr&utm_source=google_vr_eb,,,,
http://www.camping-poligny.com/,,,,
https://www.loupignada.com/?utm_campaign=gmb_search&utm_medium=organic&utm_source=google,,,,
https://www.camping-moisan.com/,,,,
https://www.moulindurayol.com/,,,,
https://www.capfun.com/camping-france-pays_de_la_loire-madrague-FR.html,,,,
https://www.campinglesbleuets.com/,,,,
https://www.campingmodane.com/,,,,
https://camping-buis-les-baronnies.fr/,,,,
https://ecocampinglehoux.com/,,,,
http://www.lesepinettes.fr/,,,,
https://camping-franceville.fr/,,,,
http://www.normandie-sur-mer.fr/,,,,
https://www.camping-la-dune-de-normandie.fr/,,,,
https://camping-daon.fr/,,,,
https://www.camping.menil53.fr/,,,,
http://www.camping-monsegur.com/,,,,
http://www.campingdelabucle.com/,,,,
http://www.camping-saint-laurent-jura.fr/,,,,
http://www.camping-beauveze.com/,,,,
https://campinglagrionbleu.com/,,,,
https://www.clicochic.com/camping-france-languedoc_roussillon-paradou-FR.html,,,,
http://www.laplage-camping.net/,,,,
http://www.aicisempla.com/,,,,
http://www.legarden.fr/fr/acces.html,,,,
https://www.maiana-holidays.com/,,,,
https://www.capfun.com/camping-france-languedoc_roussillon-or-FR.html,,,,
https://camping-lapetitemotte.com/,,,,
https://chadotel-tahitivillage.com/,,,,
https://www.holidu.de/d/49075156?ref_source=google_vr&utm_source=google_vr_eb,,,,
https://www.le-mayet-de-montagne.fr/camping-municipal-mayet-de-montagne-,,,,
https://www.intramuros.org/arfeuilles/page/camping,,,,
https://www.campingdelaroutebleue.fr/,,,,
https://www.holidu.de/d/36379272?ref_source=google_vr&utm_source=google_vr_eb,,,,
https://www.holidu.de/d/50334233?ref_source=google_vr&utm_source=google_vr_eb,,,,
https://www.holidu.de/d/57610199?ref_source=google_vr&utm_source=google_vr_eb,,,,
https://www.camping-vagues-oceanes.com/camping-morbihan/le-moulin-de-cadillac,,,,
https://www.campinglephare.com/?utm_campaign=gmb_search&utm_medium=organic&utm_source=google,,,,
https://www.campinglemassiol.jimdofree.com/,,,,
http://www.camping-le-parc-availles.fr/,,,,
http://www.cpg-moulin-prissey.fr/,,,,
https://www.laplagedargens.fr/?utm_campaign=gmb_search&utm_medium=organic&utm_source=google,,,,
https://www.lachagneevacances.fr/,,,,
https://www.holidu.de/d/62330766?ref_source=google_vr&utm_source=google_vr_eb,,,,
https://www.capfun.com/camping-france-languedoc_roussillon-cote_vermeille-FR.html,,,,
https://www.camping-les-bois-flottes.fr/,,,,
https://www.campingdevaudois.com/,,,,
http://www.campingmauvallon.fr/,,,,
https://camping-ile-bouchard.fr/,,,,
http://www.aubergebassou.com/,,,,
https://camping-aourir.com/,,,,
http://www.atlanticaparc.com/camping-imourane-km-14/,,,,
http://www.aainnakhla.jimdo.com/https://www.facebook.com/share/p/1BkVAsgxVS/,,,,
http://www.camping-touareg.com/,,,,
http://www.relaisdemarrakech.com/,,,,
https://www.campercontact.com/en/marocco/casablanca/mohammedia/74661/camping-mimosas,,,,
https://campingtouristique-hotelbriech.com/,,,,
https://www.souslespalmiersbleus.com/,,,,
http://www.yubacynspa.com/,,,,
https://aubergedesdauphins.fr/,,,,
https://www.aubergedulac-gerardmer.com/,,,,
https://aubergeloujas.wordpress.com/,,,,
https://aubergenville.feeljump.fr/,,,,
http://www.aubergedupieddesmonts.fr/,,,,
http://auberge-de-champagne.paqe.io/,,,,
https://frmapsy.com/business/auberge-du-chaudron-fleuri,,,,
https://www.aubergeecureuils.com/,,,,
http://www.hotelperigordnoir.com/,,,,
https://aubergedelafontaine.fr/,,,,
https://www.salleaubergin.fr/,,,,
http://aubergedesaintaubin.fr/,,,,
https://www.auberge-des-moulins.fr/,,,,
http://www.charriole.fr/,,,,
http://www.aubergedesetangs-roussent.fr/?utm_source=gmb,,,,
http://www.relaisreuilly.com/?utm_source=gmb,,,,
http://www.la-petite-auberge-marly.com/,,,,
http://www.domainedetam.com/,,,,
https://aurabodyheadspa-amiens.fr/,,,,
https://www.secretdesenteurs.com/,,,,
http://www.institut-gy.fr/,,,,
https://aqua-bello.fr/?utm_source=gmb,,,,
https://thalaforme.bonkdo.com/fr/,,,,
http://www.lamaisonmaeva.com/,,,,
https://www.benabidou.com/,,,,
https://eucalyptus-spa.com/,,,,
https://www.5dspa.com/,,,,
https://piscines-plage-privee.fr/,,,,
http://www.aquinox-hauts-de-france.fr/,,,,
https://www.piscines-aquinox-ain.fr/,,,,
http://www.xn--piscines-aquinox-auvergne-nivre-5zc.fr/,,,,
http://www.piscines-aquinox-bourgogne-franchecomte.fr/,,,,
https://piscines-bonnet24.fr/,,,,
http://piscines-caron.com/,,,,
https://www.desjoyaux.fr/boutiques-desjoyaux/70000-vesoul/,,,,
https://www.desjoyaux.fr/boutiques-desjoyaux/65310-odos/,,,,
https://www.gounord-piscines.fr/,,,,
https://www.desjoyaux.fr/boutiques-desjoyaux/49300--cholet/,,,,
https://piscineentretien06.fr/,,,,
https://www.piscinesetabrisnordouest.fr/,,,,
https://piscinesetlagons.fr/,,,,
http://www.hardytoulemonde.fr/,,,,
https://www.poolrev-concept.fr/,,,,
http://piscines-services.com/,,,,
https://www.piscine-services66.fr/,,,,
http://www.piscinevo.fr/,,,,
https://www.generationpiscine.com/,,,,
https://www.annecy-ville.fr/ville-dannecy-le-vieux-haute-savoie/le-fier-riviere-de-haute-savoie/,,,,
http://horaires-piscine.info/plan-deau-chateau-arnoux-saint-auban/,,,,
https://ladignac-le-long.fr/notre-commune/tourisme/notre-plan-deau/,,,,
https://montilliers49.fr/en/pc/607375/6931/etang-de-baignade,,,,
http://www.epannes.fr/Main.aspx?numStructure=81626&numRubrique=551609,,,,
http://www.lacharente.com/Fiche/Detail/132982/Decouvrir~Loisirs-et-activites-de-nature~Sports-et-loisirs~Peche~Les-lieux-de-peche-en-Charente/PLAN-D-EAU-PRES-DE-PEYRAS,,,,
http://www.planetabri.eu/,,,,
https://www.planetform-tarbes.fr/,,,,
https://www.playground-sportcenter.com/,,,,
http://www.pm2i.pro/,,,,
https://www.pmc-morel.com/,,,,
https://sites.google.com/view/pmc-multiservices/accueil,,,,
https://www.pocelesbains.com/,,,,
https://www.grandpoitiers.fr/sports/les-piscines/piscine-de-lusignan,,,,
https://www.polycentre.net/,,,,
https://www.polysud-piscine.fr/,,,,
https://poolhouserenov.fr/,,,,
http://pool-container.fr/,,,,
https://pool-island.fr/,,,,
http://www.poolnat.fr/,,,,
https://www.pooluppiscines.fr/,,,,
https://www.poolscan.bzh/,,,,
https://poseidon-spa.com/,,,,
https://www.prealpestravaux-piscines.fr/,,,,
https://premiumspasgroup.com/,,,,
http://www.prestigiagolf.com/tony-jacklin-casablanca-golf/contact,,,,
https://propiscine83.fr/,,,,
http://wwww.produitspiscine.fr/,,,,
http://proformconcept.fr/,,,,
https://www.projets-piscines-31.fr/,,,,
https://www.provence-intendance-04.com/,,,,
https://www.psc2a.fr/,,,,
http://www.pumatdep.com/,,,,
https://www.randeau83.com/,,,,
http://www.rarisathaimassage.com/,,,,
https://www.redondo-piscine.fr/,,,,
http://www.renov-services-piscines.fr/?utm_medium=referral&utm_source=gmb&utm_campaign=lnk-gmb,,,,
https://www.abris-services.fr/,,,,
http://www.rmp-piscine.fr/,,,,
http://www.rgfitness.fr/,,,,
https://www.riada-center.ma/,,,,
http://www.rodeh-piscines.fr/,,,,
http://www.piscines-rouzies.com/,,,,
http://www.r-piscines.com/,,,,
https://www.radiguet.com/,,,,
https://www.piscineduhautphare.fr/qui_sommes_nous.html,,,,
https://tenup.fft.fr/club/58610778?utm_source=gmb,,,,
https://www.salsaintpriestnatation.fr/,,,,
http://www.ville-larichardais.fr/,,,,
http://salledeausport.fr/,,,,
http://sam-shana-energies.com/,,,,
https://www.amivac.com/location-vacances/annonce-92572198,,,,
https://sapiscine.jimdofree.com/,,,,
https://www.sapphire-spas.com/showroom-spa-genas-lyon-est/,,,,
https://www.conceptlagon.fr/,,,,
https://gouletteriequitation.wixsit.com/gouletterie/gite,,,,
https://sarlsaujon.fr/,,,,
https://ventoux-piscine.fr/,,,,
https://www.scpiscines.fr/,,,,
https://giteseguydaniel.wixsite.com/location,,,,
https://www.mondial-piscine.eu/trouver-un-concessionnaire/normandie/seine-et-mer-piscines-rouen/,,,,
https://sensassion-boutique.fr/,,,,
https://www.rando-pyreneesaudoises.com/labyrinthe-vert/,,,,
http://www.reparation-piscine-polyester66.fr/,,,,
https://www.vgpiscine.com/,,,,
http://www.signature-spas-piscines.fr/,,,,
https://sip-piscines-vendargues.fr/,,,,
http://www.sivom-region-chevreuse.fr/,,,,
https://slgrealisation.fr/,,,,
http://www.parknauticverberie.com/,,,,
https://soeau-piscine.com/,,,,
https://www.soliner17.com/?utm_source=google&utm_medium=wix_google_business_profile&utm_campaign=14605829752576745308,,,,
https://www.vert-marine.com/sopool/,,,,
http://www.snenghien.com/,,,,
https://www.societethibault.com/?utm_medium=referral&utm_source=gmb&utm_campaign=lnk-gmb,,,,
https://piscines-narbonne.fr/index.php/fr,,,,
https://www.sousa-alves-ernesto.com/,,,,
https://www.piscines-services.com/,,,,
https://www.spa-chez-moi.fr/,,,,
https://piscine-montelimar.com/spa-jacuzzi-montelimar/,,,,
https://www.spadium-lesneven.fr/,,,,
http://spadium-pontivy.fr/,,,,
https://spadium-salles.fr/,,,,
https://spadium-saint-gregoire.fr/,,,,
http://www.spadiumparc.fr/,,,,
https://spas-wellness.com/,,,,
https://www.spoolpiscine.com/,,,,
https://sccmarseille-dauphins.fr/,,,,
https://www.sportingvichy.com/,,,,
https://www.st-etancheitepiscine.fr/,,,,
https://www.ville-taverny.fr/les-equipements-sportifs,,,,
https://www.ville-saintraphael.fr/sportive/activites-sportives/natation-aquagym,,,,
http://www.ville-gap.fr/stade-nautique-de-fontreyne,,,,
https://www.pau.fr/culturesports-loisirs/sports/les-piscines/stade-nautique-horaires-et-tarifs,,,,
https://www.ville-pierrelatte.fr/accueil/quotidien/sport/equipements-sportifs/piscine-municipale,,,,
https://stadenautique.mairie-orsay.fr/,,,,
https://www.grandparissud.fr/equipement/piscine-de-corbeil-essonne-stade-nautique-gabriel-menut/,,,,
https://stadenautique.talence.fr/,,,,
https://www.valleesud.fr/fr/stade-nautique-chatillon-malakoff,,,,
https://www.villedecambrai.com/sports/les-equipements/les-piscines-municipales,,,,
https://www.est-ensemble.fr/stade-nautique-maurice-thorez-montreuil,,,,
https://www.stratiservice.fr/,,,,
https://sudpiscineberger.systeme.io/sudpiscineberger,,,,
http://www.sudpiscinepolyester.fr/,,,,
https://www.sundance-spas.fr/,,,,
http://www.supreme-pooletspa.fr/,,,,
https://www.svpiscines.fr/,,,,
https://swimstars.co/piscines/villers-sur-mer/,,,,
https://swimstars.co/,,,,
http://www.swimstars.co/piscines/cabestany/,,,,
https://swimstars.co/piscines/dinan/,,,,
https://swimstars.co/piscines/le-mee-sur-seine/,,,,
https://swimstars.co/piscines/piscine-montlhery/,,,,
https://swimstars.co/piscines/palaiseau/,,,,
https://swimstars.co/piscines/paris-molitor/,,,,
https://swimstars.co/piscines/reims/,,,,
https://swimstars.co/piscines/vannes,,,,
https://swimstars.co/piscines/piscine-vanves-lycee-michelet/,,,,
https://swimstars.co/piscines/annecy/,,,,
https://swimstars.co/piscines/montrouge/,,,,
https://swimstars.co/piscines/suresnes/,,,,
https://swimstars.co/piscines/faches-thumesnil/,,,,
https://swimstars.co/piscines/serris,,,,
https://swimwithcyril.fr/,,,,
http://www.swim-with-me.fr/,,,,
https://www.swimomans.com/,,,,
https://www.techer-piscine-19.fr/,,,,
https://www.technicopiscine.fr/,,,,
https://www.techni-piscine.fr/,,,,
https://www.technique-piscine.fr/,,,,
https://www.tendancepiscine.com/,,,,
https://terracanyon.fr/,,,,
http://terrapideau.wixsite.com/terrapideau,,,,
https://www.bttmassage.com/,,,,
http://www.thalaform.com/,,,,
http://thegoodpool.com/,,,,
http://horaires-piscine.info/horaires-piscine-a-fumel/,,,,
https://tib-eau.com/,,,,
http://lamarcquize.com.es/,,,,
https://www.schoeffer-amenagement88.com/?utm_medium=referral&utm_source=gmb&utm_campaign=lnk-gmb,,,,
https://www.traitement-piscine.fr/,,,,
http://treflesportif.fr/,,,,
http://tropicanaparc.com/,,,,
http://tse-etancheite.fr/?utm_source=google&utm_medium=wix_google_business_profile&utm_campaign=3688757616642929417,,,,
http://www.tsp-savoie.com/,,,,
http://www.tursane.fr/,,,,
http://www.urbanfit.fr/,,,,
https://www.vangym.club/,,,,
https://www.vent-et-maree.fr/,,,,
http://vesubia-mountain-park.fr/,,,,
https://gite-du-moulin-piscine.holiduhost.com/,,,,
http://eirl-virmoux-jean-louis.wifeo.com/,,,,
http://www.vital-eau.com/,,,,
https://vitalo40.fr/,,,,
http://www.lawatbox.com/,,,,
http://waterdream.fr/,,,,
https://www.sas-akiltour-waterhid-piscines.fr/,,,,
https://www.weber-piscines.fr/,,,,
http://www.wela.fr/,,,,
https://spas-wellis.com/?utm_source=google&utm_medium=wix_google_business_profile&utm_campaign=6803430437380699935,,,,
https://www.spas-wellis.com/,,,,
https://yannick-tache-piscine.b12sites.com/,,,,
https://www.your-fitness.fr/,,,,
https://www.fresha.com/fr/book-now/armenia-qluat6u3/all-offer?id=636711&pId=596705,,,,
http://www.toulouse-tourisme.com/offre/fiche/loisirs/base-de-sports-et-de-loisirs-de-la-ramee/LOIMID031FS00119,,,,
https://zagorabestof.42web.io/wp/en/home/,,,,
https://www.elsan.care/fr/clinique-saint-orens,,,,
https://www.lepuitscheri.fr/,,,,
http://www.zenarium.fr/,,,,
https://www.zenminervois.com/,,,,
https://zenetdouce4.wixsite.com/esthetiqueadomicile,,,,
https://zen-e-sens.fr/,,,,
http://zenalamaison.ovh/,,,,
https://www.kalendes.com/site/zenetvie/welcome,,,,
http://zenetsens-grisolles.fr/,,,,
http://zenandgomassages.fr/,,,,
https://zaina-institut.odoo.com/,,,,
https://www.yuthaimassage.fr/,,,,
http://www.yogaiashala.com/,,,,
https://www.yoga-etretat.com/,,,,
https://www.yogapyrenees.fr/contact/,,,,
https://yoga-mazamet.fr/,,,,
http://www.yogaterrehappy.com/,,,,
http://www.unmereveilleuxmoment.com/,,,,
https://www.ymassage.fr/,,,,
http://wclass.fr/,,,,
https://www.planity.com/well-being-06240-beausoleil,,,,
https://salonmassagethai.fr/seine-saint-denis/la-courneuve/wasana-wat-pho-la-courneuve/,,,,
http://www.wanita.fr/,,,,
https://www.wampark.fr/vosges-thaon/,,,,
https://www.wampark.fr/albertville-savoie/,,,,
https://www.wcarecenter.fr/?utm_campaign=gmb&utm_content=site-web&utm_medium=organic&utm_source=google,,,,
https://voyageavecsoi.com/,,,,
https://www.vithalia.com/,,,,
https://www.vitalitem.fr/,,,,
https://vitaformetonneins.com/,,,,
https://virginiemaho.com/,,,,
http://villahortensia.fr/,,,,
https://villadermaoccitane.fr/,,,,
https://www.treatwell.fr/salon/vidazen/,,,,
https://www.saintgervais.com/jai-envie/activites/activites-outdoor-sportive/via-ferrata/,,,,
http://veroniquechemarin.jimdoweb.com/,,,,
https://venus-sauna.fr/club-libertin-evreux,,,,
https://valevasion.fr/,,,,
https://www.universpa.fr/,,,,
http://usmours.fr/,,,,
http://www.unponeyunehistoire.fr/,,,,
http://www.massage-be.com/,,,,
http://www.unbaindemotions.fr/,,,,
https://www.tysauna.com/,,,,
http://www.tnacablepark.com/,,,,
https://tinyresourcemoi.simplybook.it/,,,,
https://www.tignes.net/activites/tignespace-fr,,,,
https://thomasbadre.fr/,,,,
https://thierry-andrieu-massage-et-beaute.fr/,,,,
http://theresafornari.com/,,,,
https://www.theramarie.fr/,,,,
http://www.walkingelephant.info/,,,,
https://www.theblacksmiths71.fr/,,,,
https://tharathai.maisonlanxang.com/,,,,
https://www.thalassor.fr/,,,,
https://www.thaitipmassage.com/,,,,
http://www.massage-tessathiery-montpellier.fr/,,,,
https://www.suniralavie.com/,,,,
https://www.terrederunning.com/tdr/23-anthy-sur-Leman,,,,
http://www.terre-de-reves.fr/,,,,
https://tenniscoutainville.fr/,,,,
http://tendrebourgeon.com/,,,,
https://www.planity.com/tej-beaute-94120-nogent-sur-marne,,,,
https://massages-parents-bebes.webnode.fr/,,,,
https://sylviecaradecsophrologue.fr/,,,,
https://swingmassage79.wixsite.com/swingmassage79,,,,
https://www.sumkobido.fr/,,,,
https://www.anor.fr/,,,,
http://www.sudnautik.com/,,,,
https://www.studioms-77.fr/,,,,
https://stephanebouly.com/,,,,
https://www.stationsportsnature.fr/,,,,
https://www.frontignan-tourisme.com/,,,,
http://www.stadesottevillais76.fr/,,,,
https://www.echirolles.fr/culture-sports-loisirs/stade-nautique,,,,
https://www.istres.fr/index.php?id=530,,,,
https://www.ville-mehun-sur-yevre.fr/,,,,
http://stadeamplepuis.footeo.com/,,,,
https://sriayothaya.com/aix-en-provence,,,,
https://www.sportclub-oceanis.com/,,,,
https://www.sportsantecharente.com/?utm_source=google&utm_medium=wix_google_business_profile&utm_campaign=5602283592174876504,,,,
https://www.spa-lana.fr/?utm_source=google&utm_medium=wix_google_business_profile&utm_campaign=4981254855929144629,,,,
http://www.sourcethermalecaldane.com/,,,,
https://www.soupcondemagie.org/,,,,
https://www.helloasso.com/associations/shoto-karate-do-bapaume/adhesions/shoto-karate-do-bapaume,,,,
https://fannycaminadesophrologue.fr/,,,,
http://www.sophiecalin.org/,,,,
https://www.somethy-technologie.com/,,,,
http://massage-bien-etre.org/contact.htm,,,,
https://www.croix-rouge.fr/etablissement-de-soins-de-suite-et-de-readaptation-augusta-priault,,,,
https://www.formations-soins-energetiques.fr/,,,,
https://www.soi-equestre.fr/,,,,
https://speleo-soreze.fr/,,,,
https://louispasteursante.com/les-elieux/,,,,
http://www.fondation-misericorde.fr/,,,,
https://www.smart-body.fr/centre-de-bien-etre-a-houdan-78,,,,
https://www.montdemarsan-tourisme.fr/montdemarsan-la-parenthese-inatendue/pnu/site-des-9-fontaines/,,,,
https://www.flow-ki.fr/,,,,
http://shiatsu-souffle-equilibre.fr/,,,,
https://shiatsuhamamelis.com/,,,,
https://shiatsudordogne24.simplybook.it/,,,,
https://she-glow.fr/,,,,
https://www.sevemassagevendee.com/,,,,
https://serenityessonne.fr/,,,,
https://www.klapty.com/fr/tour/86624/v%C3%A9loroute-vall%C3%A9e-de-somme,,,,
http://www.cavalaire.fr/,,,,
http://tourisme.merlimont.fr/fr/nature-et-sentiers/sentier-decouverte-de-la-dune-parabolique/,,,,
http://www.senthome.fr/,,,,
https://www.sensharmony.com/?utm_source=google&utm_medium=wix_google_business_profile&utm_campaign=5971615041317550958,,,,
https://www.chevaux-barbes.com/,,,,
http://chevaux-barbes.com/,,,,
https://www.scultstudio.fr/,,,,
https://www.sculpturel.fr/,,,,
http://www.hobekio.com/,,,,
https://wa.me/c/33602538070,,,,
http://www.sceneo-aquatique.fr/,,,,
https://agocosmetiques.com/,,,,
https://sauna-leili.hubside.fr/?fbclid=IwAR2Nn4xFYM2SItkkXoTtwoHGx_mGKpRnGjSGKrn7idxDpIIuaEFBeKNf1Qc,,,,
http://www.sauna-le-square.com/,,,,
https://www.saunaledauphin.net/,,,,
http://www.saunaduchateau.com/,,,,
https://www.6sens-sauna.com/,,,,
https://www.sauna-alina.fr/?gclid=EAIaIQobChMIzvKc3_r26gIVVrTVCh0mXweWEAAYASAAEgI_0fD_BwE,,,,
https://satoriz.fr/magasin-bio/satoriz-leman/?utm_source=gmb,,,,
https://cabinet-santesthetique.fr/,,,,
https://www.santeforme07.fr/,,,,
https://www.sandrineneau.fr/?utm_source=gmb,,,,
http://sandrinegomez.fr/,,,,
https://www.salutehvc.com/,,,,
http://www.locoal-mendon.fr/,,,,
https://sport.ldv91.com/,,,,
https://reservationbeaute.fr/rthaimassage/Institut-BEAUCHAMP-95250,,,,
https://www.kinesitherapeute-gilbert-rodriguez.fr/?utm_source=gmb,,,,
https://rituel-sportclub.fr/salle-de-sport/annecy-jorioz-74/,,,,
https://www.sumupbookings.com/ritual-doux,,,,
https://rituellehammam.fr/,,,,
https://www.riseandshapestudio.com/,,,,
http://www.riom-forme.fr/?utm_medium=referral&utm_source=gmb&utm_campaign=lnk-gmb,,,,
https://www.bolsemois.com/,,,,
http://www.renaissance72.fr/?utm_source=gmb,,,,
http://relaxologue-corporel-53.fr/,,,,
http://www.relaxasons-sonotherapie.fr/,,,,
https://mariegabriellejavaudin.simplybook.it/,,,,
http://reflexologie-massages.com/,,,,
https://www.refleksoterapi.com/,,,,
https://www.reconnexionasoi-cg.fr/,,,,
http://reconnect-revitalize-relax-retreat.com/,,,,
https://www.google.fr/url?sa=t&rct=j&q=&esrc=s&source=web&cd=&cad=rja&uact=8&ved=2ahUKEwiFiI_EyK71AhVBx4UKHdu8AIgQFnoECAUQAQ&url=https%3A%2F%2Fm.facebook.com%2FRebecca-Boni-Medecine-Traditionnelle-Chinoise-110175758051113%2F%3Fref%3Dpy_c&usg=AOvVaw3z7FsiJE_P_Afl9LQPA9fs,,,,
https://salonmassagethai.fr/tarn/gaillac/rachel-pujalte-gaillac/,,,,
http://www.quinthessence.fr/,,,,
https://www.disneylandparis.com/fr-fr/loisirs/piscine-disneys-sequoia-lodge/,,,,
https://ptitebulledesoi.com/,,,,
https://www.provencearomes.fr/catalogue/,,,,
https://profil-coeur.aucoeurdesens.fr/,,,,
http://preventionparlajoie.fr/,,,,
https://www.lignyleribault.fr/cadre-de-vie/le-pre-des-saules,,,,
http://www.lesrouves.fr/ferme-pedagogique.html,,,,
https://www.leshellandes.com/Poney_Club.html,,,,
https://ponaora.fr/,,,,
https://polestuartsante.fr/,,,,
https://sonotherapie-annecy.fr/,,,,
https://pole-sante-bauge.site-sante.fr/,,,,
http://terre-de-soins.com/,,,,
http://www.tzanck.org/mougins/,,,,
https://pole-sante-breteuil.lna-sante.com/?utm_source=google&utm_medium=organic-my-business&utm_campaign=google_my_business_ssr_breteuil&utm_content=cta_site_web,,,,
https://www.polemedicaldesgrandspins.fr/,,,,
https://www.sedetendreanontron.com/,,,,
https://www.pointsoleil.com/antony,,,,
http://www.plenitude-massages.fr/,,,,
https://www.nogentsurseine.fr/decouvrir/patrimoine-naturel/le-plan-deau-du-monteuil,,,,
http://www.parcdesbauges.com/fr/decouvrir-le-massif-des-bauges/bouger/se-rafraichir/peche/le-plan-d-eau-du-chatelard-46032.html#.YKpx1PevglQ,,,,
https://espaces-aquatiques-arlysere.fr/espaces-ouverts-en-ete/plan-deau-grignon/,,,,
https://plaisirsdusport-broons.com/,,,,
https://www.institut-plaisir-des-sens.fr/,,,,
https://www.reserve-moeze-oleron.fr/,,,,
https://www.plage-ville-adam.fr/,,,,
https://www.grimaud-provence.com/offres/plage-de-lescalet-ramatuelle-fr-3093968/,,,,
http://lapalme-tourisme.com/fr/nature/68-la-plage-sauvage-mer.html,,,,
https://www.piscine-st-robert.fr/,,,,
https://www.saint-quentin-en-yvelines.fr/vivre-ici/sport-sante/piscine-salvador-allende-les-clayes-sous-bois/,,,,
https://piscine.niortagglo.fr/pre-leroy,,,,
http://ville-pamiers.fr/28-sports.html,,,,
https://www.isola2000.com/annuaire/espaces-loisirs-sportifs-et-culturels-durant-ete/piscine-decouverte-chauffee/,,,,
https://www.lemeesurseine.fr/les-loisirs/sport/,,,,
https://www.lombez-gers.com/equipements_municipaux/annuaire-piscine_exterieure-95.html,,,,
https://www.intramuros.org/brassac/decouvrir/9594,,,,
https://www.bouguenais.fr/fr/la-piscine-municipale,,,,
https://www.beaumes-de-venise.fr/vie-pratique/saisonnier-camping-piscine.html,,,,
http://www.mairie-artix.fr/decouvrir-artix/equipements-et-structures/equipements-sportifs.html,,,,
https://www.allonnes.fr/active/le-sport/la-piscine,,,,
https://sudestavenir.fr/piscine/marcel-dumesnil/,,,,
https://www.valleesud.fr/fr/piscine-lionel-terray-antony,,,,
https://les-mees.fr/,,,,
https://www.les-bains-du-loup.com/,,,,
https://piscinemandela.fr/,,,,
https://cc-hautpoitou.fr/sports-culture-tourisme/sport/piscines/piscine-intercommunale-neuville-de-poitou/,,,,
https://www.valdedrome.com/23569-piscine-intercommunale.htm,,,,
http://piscines.cc-molsheim-mutzig.fr/piscines/piscine-mutzig.htm,,,,
http://www.nice.fr/fr/sports/piscine-comte-de-falicon,,,,
https://piscine.paysdeconches.com/,,,,
https://www.piscinedumorel.com/,,,,
http://horaires-piscine.info/piscine-du-lonzac/,,,,
https://www.piscineatlantys.fr/piscines-dete/piscine-dete-loulay/,,,,
https://www.pierreetvacances.com/fr-fr/fp_POL_location-village-pont-royal-en-provence,,,,
https://www.arc-sud-bretagne.fr/au-quotidien/sport/equipements-sportifs-communautaires/piscine-des-metairies/,,,,
https://www.dijon.fr/dijon-a-votre-service/sport-et-loisirs/equipements-sportifs-municipaux/,,,,
https://piscines-des-sablesdolonne.fr/piscine-des-chirons/,,,,
http://horaires-piscine.info/horaires-piscine-de-neuvic/,,,,
https://www.mourenx.fr/piscine/,,,,
https://massiac.fr/bouger/tourisme/piscine-municipale/,,,,
https://www.courcon.fr/piscine-municipale/,,,,
https://www.guide-piscine.fr/indre-et-loire/piscine-le-sabot-a-azay-le-rideau-2493_P,,,,
http://www.auron.com/,,,,
https://www.vie-et-boulogne.fr/vivre-ici/piscines-et-plage/piscine-daizenay/,,,,
http://www.creissan.com/PiscineMunicipale,,,,
https://gpseo.fr/vivre-et-habiter/culture-sport-et-tourisme/sport-pour-tous/mes-equipements-sportifs/piscine-de,,,,
http://www.bethunebruay.fr/,,,,
https://www.aixenprovence.fr/Piscines-aixoises,,,,
https://www.cherbourg.fr/culture-et-loisirs/sport-a-cherbourg-en-cotentin/les-piscines-de-cherbourg-en-cotentin/,,,,
http://horaires-piscine.info/piscine-balneo-edeneo-aragnouet/,,,,
https://www.est-ensemble.fr/piscine-pantin,,,,
http://horaires-piscine.info/horaires-piscine-a-saint-nicolas-du-pelem/,,,,
http://www.mairie-puymirol.fr/,,,,
http://www.meursac.fr/articles.php?lng=fr&pg=115,,,,
http://horaires-piscine.info/piscine-barjols/,,,,
https://www.pippali-ayurveda.fr/,,,,
https://booking.appointy.com/fr-FR/pinthong/bookings/,,,,
https://www.masdelapeira.com/,,,,
https://www.infrarouge-physiotherm.fr/,,,,
https://www.soazen.fr/,,,,
https://www.planity.com/philautie-78400-chatou,,,,
https://pharmacie-nogentleroi.elsie-sante.fr/,,,,
https://pharmaciesaintmarc-lafarelesoliviers.pharm-upp.fr/,,,,
https://www.pharmacie-peda-annet-sur-marne.fr/,,,,
https://pharmacie-navelot.pharmaciereference.fr/,,,,
http://www.pharmacie-mullot.fr/,,,,
https://www.mypharmactiv.fr/pharmacie/pharmacie-saint-hilaire-de-riez,,,,
https://pharmacie-du-livradois.pharmaciereference.fr/,,,,
https://pharmacie-du-circuit.com/,,,,
https://pharmacie-bastien-albysurcheran.pharm-upp.fr/,,,,
http://www.pharmacieduchatelet.fr/,,,,
https://www.pharmacieduchateaudeau.fr/,,,,
https://www.pharmanity.com/pharmacie/pharmacie-des-marais-marmagne-ph1907,,,,
https://pharmacies.pharmaciengiphar.com/bretagne/morbihan/questembert/pharmacie-des-halles-817,,,,
https://pharmaciedesgrandesvignes-preignac.mesoigner.fr/,,,,
https://pharmacie-anor.mesoigner.fr/,,,,
https://pharmaciedescostes13980.pharm-upp.fr/,,,,
https://www.coop-apm.com/pharmacie-des-calquieres/,,,,
https://pharmacie-echire.santalis.bio/,,,,
http://www.pharmacie-thoiry.fr/,,,,
https://pharmaciedemarcilly.giropharm.fr/,,,,
http://maclaspharmacie.com/,,,,
https://pharmacies.pharmaciengiphar.com/centre-val-de-loire/cher/avord/pharmacie-lecomte-et-mascre-1117,,,,
https://pharmacie-de-bonny.giropharm.fr/,,,,
https://pharmacies.pharmaciengiphar.com/hauts-de-france/pas-de-calais/agny/pharmacie-dagny-378,,,,
https://pharmacies.pharmaciengiphar.com/nouvelle-aquitaine/lot-et-garonne/allemans-du-dropt/pharmacie-charron-1400,,,,
https://hellopharmacie.com/nos-pharmacies/pharmacie-centrale-damplepuis-39,,,,
https://pharmacie-ambazac.pharmacorp.fr/,,,,
https://loges.aprium-pharmacie.fr/,,,,
https://fr.wikipedia.org/wiki/Phare_du_cap_B%C3%A9ar,,,,
http://www.institutperledebeaute.com/,,,,
https://www.pauses-en-soi.com/,,,,
http://patro-sports-annonay.fr/,,,,
https://www.pasyfic-hammam.fr/,,,,
https://www.passionbeaute.fr/magasins/lucon/?utm_source=gmb,,,,
https://www.passionbeaute.fr/magasins/tarascon,,,,
https://parindathaimassage.webnode.fr/,,,,
http://insitut-nuances-la-reole.fr/,,,,
https://www.parenthesem-massage.com/,,,,
http://www.parenthesededouceur.fr/,,,,
https://saint-flour-communaute.fr/vers-un-parc-thermal-a-chaudes-aigues/,,,,
https://www.somme-tourisme.com/parc-de-la-bouvaque/abbeville/pnapic080fs0000b,,,,
http://www.parcgalea.com/,,,,
http://www.ville-thonon.fr/annuaire/78/97-parc-du-centre-thermal.htm,,,,
https://www.bray-sur-seine.fr/,,,,
https://www.vermenton.fr/parc-des-iles,,,,
https://www.parc-eaux-vives.fr/,,,,
http://www.mairie-longpont91.fr/,,,,
https://www.angers.fr/vivre-a-angers/sport/les-equipements-sportifs/le-parc-de-loisirs-du-lac-de-maine/index.html,,,,
https://www.lescontamines.com/ete/activites/parc-de-loisirs-du-pontet,,,,
https://www.anjou-tourisme.com/fr/diffusio/loisirs/parc-de-loisirs-des-sablieres-ecouflant_TFOLOILPARCSABLIERES,,,,
https://en.destinationdijon.com/natural-heritage/parc-de-la-toison-dor/,,,,
http://www.mairie-foix.fr/,,,,
http://pacificlub.com/,,,,
https://www.orsac-felixmangini.fr/,,,,
https://orrigin-antony.fr/,,,,
https://www.origaia.fr/,,,,
http://www.or-du-temps-13.fr/,,,,
https://massaod.com/,,,,
https://www.octozen.fr/,,,,
https://hypnoserelaxmassage.wixsite.com/objectif-mieux-etre,,,,
https://ococoondesa.fr/,,,,
https://www.julie-maxes.com/,,,,
https://www.osoinsdorient.fr/,,,,
https://osensdelessentiel.fr/,,,,
http://ojardindeboutancou2.wixsite.com/website,,,,
http://odetourdunvoyage.com/,,,,
https://obeleza.fr/,,,,
http://www.obaingalozen.fr/?utm_source=gmb,,,,
https://widget.treatwell.fr/salon/427457/menu/,,,,
http://ntesthetics.fr/,,,,
https://nosdouxmoments.fr/,,,,
https://www.nolanaeva-soins.fr/,,,,
https://www.nocibe.fr/fr/l/thoiry/parfumeries/02560302?utm_source=google&utm_medium=organic&utm_campaign=local,,,,
https://www.nocibe.fr/fr/l/saint-berthevin/parfumeries/02560371?utm_source=google&utm_medium=organic&utm_campaign=local,,,,
https://www.nocibe.fr/fr/l/saint-avold/parfumeries/02560115?utm_source=google&utm_medium=organic&utm_campaign=local,,,,
https://www.nocibe.fr/fr/l/buchelay/centre-commercial-auchan/05570874,,,,
https://www.nocibe.fr/fr/l/mantes-la-jolie/rue-de-chanzy/05570873,,,,
https://www.nocibe.fr/fr/l/glisy/parfumeries/02560060?utm_source=google&utm_medium=organic&utm_campaign=local,,,,
https://www.nocibe.fr/fr/l/chalon-centre-commercial/parfumeries/02560081?utm_source=google&utm_medium=organic&utm_campaign=local,,,,
https://www.nocibe.fr/fr/l/basse-goulaine/parfumeries/02560532?utm_source=google&utm_medium=organic&utm_campaign=local,,,,
https://www.nocibe.fr/fr/l/annonay/parfumeries/05570679?utm_source=google&utm_medium=organic&utm_campaign=local,,,,
https://www.nocibe.fr/fr/l/amberieu/parfumeries/02560392?utm_source=google&utm_medium=organic&utm_campaign=local,,,,
https://www.nocibe.fr/fr/l/ales/parfumeries/02560496?utm_source=google&utm_medium=organic&utm_campaign=local,,,,
https://www.nocibe.fr/fr/l/alencon/parfumeries/02560054?utm_source=google&utm_medium=organic&utm_campaign=local,,,,
https://www.nocibe.fr/fr/l/aire-sur-adour/parfumeries/05570771?utm_source=google&utm_medium=organic&utm_campaign=local,,,,
https://www.planity.com/noaderm-92160-antony,,,,
http://niort-vitalite.org/,,,,
http://niddouxlait.com/,,,,
https://neosens.vip/,,,,
http://www.espacenemeti.fr/,,,,
http://www.piscine-nayeo.fr/,,,,
https://naturoriginelle.fr/,,,,
https://naturopathe-reflexologue-colmar.fr/Naturopathie-Sundhoffen,,,,
https://tuinatherapie.fr/,,,,
https://www.fresha.com/fr/a/aura-therapeutique-porcheville-55-grande-rue-z78vrou0?pId=2714628#gallery-section,,,,
http://www.marina-naturopathe.fr/,,,,
https://www.naturl.fr/,,,,
https://www.jeuner-naturellement.fr/,,,,
http://www.naturabienetreencarladez.fr/,,,,
https://www.natmaste.com/,,,,
https://www.passythee.fr/,,,,
https://natesens.net/,,,,
https://www.planity.com/natequilibre-harmony-40390-saint-martin-de-seignanx,,,,
http://www.namputhaimassage.fr/,,,,
http://www.naitreetpetitspas.com/,,,,
https://www.myriam-pawly-naturopathe.fr/,,,,
http://www.myozentis.fr/,,,,
http://msphautmont.fr/,,,,
http://mspeo.fr/,,,,
https://www.mspfaiencerie.fr/#,,,,
http://www.massagelagrave.com/,,,,
https://morgane-institut.fr/,,,,
https://www.planity.com/mon-instant-coeur-79180-chauray,,,,
https://www.planity.com/moana-massage-esthetique-17290-ballon,,,,
https://www.mist-normandie.fr/mist/19/display/MIST-Banneville-la-Campagne?utm_source=gmb,,,,
http://www.miraclem.fr/,,,,
https://www.centremetamorphose.net/,,,,
http://www.mes-instants-zen85.fr/,,,,
http://laure-bien-etre.fr/,,,,
https://melusinebienetre.my.canva.site/,,,,
https://www.melioris-lelogisdesfrancs.fr/?utm_source=gmb,,,,
https://www.melaine-lebeau-magnetiseuse.com/,,,,
http://meiyo-dojo.fr/,,,,
http://yogacompiegne.fr/,,,,
https://sites.google.com/view/meditation-centre-bretagne,,,,
http://www.mayuskabyahoma.com/,,,,
https://www.canva.com/design/DAGvy5WJTnI/FROAdbMwKIL6t44WAfvKjA/view?utm_content=DAGvy5WJTnI&utm_campaign=designshare&utm_medium=link2&utm_source=uniquelinks&utlId=h3736ea3ae3,,,,
https://www.mass-ame24.com/,,,,
http://massagezen95.fr/,,,,
https://mondesportif.sumupstore.com/produits,,,,
https://massagesdoc-spa-flottaison.fr/,,,,
https://salonmassagethai.fr/seine-saint-denis/aulnay-sous-bois/massage-thai-wat-pho-heritage-aulnay-sous-bois/,,,,
https://shiatsulomi.wixsite.com/massage-shiatsulomi/,,,,
https://www.pibeste.fr/massages/,,,,
https://www.benoit-shiatsu.com/,,,,
http://www.rituelsdailleurs.fr/,,,,
http://www.massage-reflexologie-charentelimousine.fr/,,,,
https://massagebyana.fr/,,,,
https://yogavanessaduchemin.sitew.fr/,,,,
https://www.marionnaud.fr/magasin/marionnaud-neuville,,,,
http://espace-mb.com/,,,,
https://osteopathe-acheres.fr/,,,,
https://marie-vallier.fr/,,,,
https://www.marcillac-sports-nature.com/,,,,
https://www.mandalainstitut.com/,,,,
http://www.ville-saint-orens.fr/,,,,
https://www.majestueusebeauty.com/,,,,
https://maisonviana.fr/,,,,
https://maisonpeony.fr/,,,,
https://ereac.fr/vivre-a-ereac/sante-social/cabinet-medical.html,,,,
https://maisonmauka.com/,,,,
https://www.planity.com/maison-mane-83510-lorgues,,,,
https://www.planity.com/maison-ksi-60600-clermont,,,,
https://maisonesthefit.fr/,,,,
http://maisonducheval.com/,,,,
http://www.spamaisondo.com/,,,,
http://www.les-tourelles-de-condette.fr/,,,,
https://maisonsoinsnaturels-sudluberon.jimdofree.com/pr%C3%A9sentation/,,,,
https://www.groupe-ugecam.fr/mecss-la-combe,,,,
https://www.paysdelaserre.fr/vivre-au-pays-de-la-serre/maisons-de-sante-pluridisciplinaires/,,,,
https://msp-du-pays-de-lumbres.fr/,,,,
http://www.mspmorienval.com/,,,,
https://www.kalendes.com/site/maisondebeauteazzura/welcome,,,,
http://lagraineriedemarie.com/,,,,
https://magic-form.fr/clubs/romilly-sur-seine/,,,,
https://magali-david.com/,,,,
https://www.fresha.com/fr/a/maelle-cam-neuf-brisach-neuf-brisach-3-rue-marechal-foch-gwpoe0dc/all-offer?menu=true&pId=1463423&fbclid=PAY2xjawIMrFpleHRuA2FlbQIxMAABpho7cHjXvigD-nawMJa9d_FU2d4R1sOpGu9uOd4BEvEKMnEP9iOcBL0LjA_aem_USYOSB1iBszuIrKRPZODkA,,,,
https://www.maderotherapie-des-3frontieres.com/,,,,
https://www.elodiemounier-mtc.com/,,,,
https://www.macadamia-espace-bien-etre.fr/,,,,
https://luxurymassage77.fr/,,,,
http://www.luxozen.net/,,,,
https://universdepaola.mystrikingly.com/,,,,
http://www.lunesens.com/,,,,
https://luminhappy.fr/,,,,
http://xn--lumine-sens-luon-ppb.fr/,,,,
http://www.lulane.fr/,,,,
http://ludivineharmonie.fr/,,,,
http://www.lormont-natation.fr/,,,,
https://www.lorangebleue.fr/clubs/aizenay/,,,,
http://www.lordouceenergeticienne.fr/,,,,
https://www.lordessens72.fr/,,,,
https://www.aubigny-au-bac.fr/loisiparc.php,,,,
https://www.locean20.fr/?utm_source=google&utm_medium=wix_google_business_profile&utm_campaign=3289680755503374699,,,,
https://www.planity.com/livaya-83780-flayosc,,,,
https://www.planity.com/sl-beaute-77380-combs-la-ville,,,,
http://www.l-instant-zen.fr/,,,,
https://www.planity.com/linstitut-29720-ploneour-lanvern,,,,
http://www.linstantlumiereenergie.fr/,,,,
https://www.planity.com/linstant-flottant-42160-andrezieux-boutheon,,,,
https://www.planity.com/linstant-emael-83136-rocbaron,,,,
https://magnetiseuses.net/?utm_source=gmb,,,,
https://www.lilynestudio.fr/,,,,
https://alphaline-epilation.fr/centres/chez-liberty-beaut/,,,,
https://lharmonieenvous.com/,,,,
http://www.eveildusens.fr/,,,,
https://www.sourcedivine.fr/,,,,
http://www.l-essence-du-coeur.com/,,,,
https://lesliechemouny-naturopathe.fr/,,,,
http://www.lesvapeursdorient.fr/,,,,
https://astridmarc.fr/,,,,
https://les-secrets-de-laura1.odoo.com/,,,,
https://lesrituelsdo72.fr/,,,,
http://lesptitssabots.ffe.com/,,,,
http://www.oiseauxmaraispoitevin.com/,,,,
http://www.lesmassagesdumonde.net/,,,,
https://www.lesmassagesdeflore.com/,,,,
https://www.energy-balance.fr/,,,,
https://www.lesbainsdenahla.com/,,,,
https://www.lesmainsdaurelie.fr/,,,,
https://jardin-remarquable.fr/,,,,
https://www.lesjardinsdupaysdauge.com/,,,,
http://www.jardinsdesrenaudies.fr/,,,,
http://www.imaginariums.fr/,,,,
https://hortensiasmatignon.jimdofree.com/,,,,
http://www.mairie-braud.fr/sport-loisirs/piscine,,,,
https://www.lesfeespoursoi.fr/,,,,
https://lesfeesmassages.com/,,,,
http://lesetoilesaigrefeuille.clubeo.com/,,,,
http://les-escapades-de-stephane.com/,,,,
http://lesecuriesdumilias.ffe.com/,,,,
https://lesecuriesdegrandcoeur.jimdofree.com/,,,,
https://lesdrolesdedames.net/,,,,
https://www.planity.com/les-drainages-de-laetitia-38490-les-abrets-en-dauphine,,,,
http://lescrocusblancs.fr/,,,,
http://www.ovoia.com/lesclefsarcenciel/c/page/pr%C3%A9sentation,,,,
https://lille.hammam-lescentciels.com/,,,,
https://lesbullesdecarine.com/,,,,
https://lesbainsdorientbastia.fr/,,,,
https://lesbainsdestains.fr/,,,,
https://www.lesbainsdesaintaubin.com/,,,,
https://www.lesbainsdaulnay.fr/,,,,
https://www.planity.com/les-bains-dathis-91200-athis-mons,,,,
https://www.lesbainsdantony.com/,,,,
http://www.ambre.vin/,,,,
https://les100ciels.spa/,,,,
http://www.lequilibre37.fr/,,,,
https://rando.grand-carcassonne-tourisme.fr/trek/3-L-epanchoir-court---Canal-du-Midi,,,,
https://lenvoldessens.fr/,,,,
http://www.lenvoldesmaux.fr/,,,,
http://lenoaharmonia.com/,,,,
http://l-energie-en-soi6.webnode.fr/,,,,
http://legercommeuneplume.com/,,,,
http://www.legendehorsesport.com/,,,,
https://eclatdejoie.com/,,,,
https://www.echappeezaisne.fr/,,,,
http://laplainetonique.com/,,,,
https://www.letempsdunepause-palavas.com/,,,,
http://www.le-soleil-dor-gites.com/,,,,
https://www.lesensoriel.fr/,,,,
http://sumupbookings.com/savon-sauna-_-lydie-knight,,,,
https://www.lesavondenoirmoutier.com/,,,,
https://www.leroyaumedehind.fr/,,,,
https://www.leriadparis20.fr/,,,,
http://www.leranchdumadres.fr/,,,,
https://tourisme-hautvaldesevre.fr/,,,,
http://www.gite-lepointdujour.com/,,,,
http://www.albiez-montrond.fr/,,,,
http://pechdusoleil.fr/,,,,
http://lepalaismegeve.com/,,,,
https://lepalaisdesabah.com/,,,,
https://fr.drfranklin.com/,,,,
http://www.kingsauna.com/,,,,
https://www.lejardindopporak.com/,,,,
https://www.planity.com/le-jardin-des-sens-80100-abbeville,,,,
https://biodynafranck.wixsite.com/my-site-1,,,,
http://www.legrandlieu.com/,,,,
https://crabouye63.wixsite.com/acupuncteur-vichy/home,,,,
https://www.lecorpsseveille.fr/,,,,
https://www.lecorpsenharmony.com/,,,,
https://www.lecomplex-bures.fr/,,,,
http://www.cheval-cantal-gite.fr/,,,,
http://lecocondetethys.fr/,,,,
https://www.groupe-ugecam.fr/smr-le-clos-st-victor,,,,
http://www.lechateaudesponeys.com/,,,,
https://chalet-de-lalbere.eatbu.com/?lang=fr,,,,
https://www.groupe-ugecam.fr/le-cerrsy,,,,
https://lebluephoenix.com/,,,,
https://www.lebeaureflexe.fr/,,,,
https://lazulysinstitut.fr/,,,,
https://lauriepetit.fr/,,,,
https://paa.ge/latitudespositives,,,,
http://www.latitudedeletre.fr/,,,,
http://nadia-lasserre.fr/,,,,
https://centre-laser-addictions.fr/laser-anti-tabac-chateauroux/,,,,
http://www.larchipel.fr/,,,,
http://baiedesommeagglo.fr/,,,,
https://clubs.lappartfitness.com/99-l-appart-fitness-vannes?utm_source=gmb,,,,
http://cen-nouvelle-aquitaine.org/,,,,
http://www.laironaturel.fr/,,,,
https://www.ladydruide.com/,,,,
https://www.aillons-margeriaz.com/station/accrotyro-geants,,,,
https://visitgrandest.com/lac-de-creutzwald,,,,
http://www.cerfcheval.com/,,,,
http://www.latourmassage.com/index.html#promotion,,,,
https://www.latanieredefreyja.com/,,,,
http://www.lapistapadel.fr/,,,,
https://www.neuillysurseine.fr/tunnel/la-piscine,,,,
https://www.la-pause-detente.fr/,,,,
https://sites.google.com/view/lapausesophrologie-vregis/,,,,
https://www.ville-portdesbarques.fr/horaires-passe-aux-boeufs,,,,
https://www.massagecalifornienetaccompagnement.com/,,,,
http://laparenthesecognac.fr/,,,,
https://www.laparentelle.fr/,,,,
https://www.planity.com/la-maison-reformer-pilates-reformer-01600-reyrieux,,,,
https://www.lalogedeleontine.online/,,,,
https://lafraternelleamplepuis.fr/,,,,
https://floguion.wixsite.com/website?utm_source=gmb,,,,
http://www.lacourdemassillargues.com/,,,,
https://www.randonner.fr/offres/la-cote-204-chateau-thierry-fr-2161412/,,,,
https://www.planity.com/la-case-althea-57510-puttelange-aux-lacs,,,,
https://www.lacalida.com/?utm_source=gmb,,,,
https://www.lacabinemassage.fr/,,,,
https://www.planity.com/la-cabane-holistique-33830-lugos,,,,
https://www.planity.com/la-bulle-de-soins-28400-nogent-le-rotrou,,,,
http://www.catherine-bouttier.fr/,,,,
https://sandracima.wixsite.com/labeautedelame,,,,
https://www.spalordutemps.fr/,,,,
https://www.planity.com/linstant-cle-78420-carrieres-sur-seine,,,,
https://www.planity.com/latelier-zen-19360-malemort,,,,
https://lcbdbiodetente.com/,,,,
https://www.planity.com/kuskua-64600-anglet-6n8,,,,
https://www.kuramaetkuma.com/,,,,
https://www.knistudio.fr/,,,,
https://www.klafs-sauna.com/,,,,
https://capbeaune.fr/,,,,
https://www.kine-valsante.fr/,,,,
http://www.kine-di-borgo.com/,,,,
https://www.kinebalneomesanger.com/,,,,
https://www.doctolib.fr/cabinet-de-kinesitherapie/eleu-dit-leauwette/cabinet-de-kinesitherapie-eleu-dit-leauwette,,,,
https://www.kidome.fr/,,,,
https://www.keepcool.fr/clubs/salle-de-sport-schweighouse/?utm_source=campaign-gmb,,,,
https://www.keep-form.com/,,,,
http://www.karma-zen.fr/,,,,
http://www.kamaebodyfitness.com/?utm_source=google&utm_medium=wix_google_business_profile&utm_campaign=9829551242403603190,,,,
https://www.kalybeautybio.fr/,,,,
https://www.salviatjulien-massage.fr/,,,,
https://sejournejulie.wixsite.com/sejourne-julie-massa,,,,
https://judo-club-louvigne-st-georges.ffjudo.com/,,,,
https://joannaafonso.com/,,,,
https://www.jfg-clinic.com/centres-minceur/74-centre-jfg-clinic-gaillard.html,,,,
http://www.jasminhammamtradition.com/,,,,
http://www.jardinsdevalloires.fr/,,,,
http://www.jardin-plessis-sasnieres.fr/,,,,
https://jardindesparadis.jimdoweb.com/,,,,
https://spa-escape.emergent.host/,,,,
https://www.groupe-ugecam.fr/centre-medical-dietetique-lalumnat,,,,
http://www.poudre-danges.fr/,,,,
https://mc2g-app.com/Luna?action=AGL&login=beautedesfees36,,,,
https://institutquetzal.wixsite.com/siteweb,,,,
https://im-serris.lna-sante.com/?utm_source=google&utm_medium=organic-my-business&utm_campaign=google_my_business_ssr_serris&utm_content=cta_site_web,,,,
https://ir-acheres.lna-sante.com/?utm_source=google&utm_medium=organic-my-business&utm_campaign=google_my_business_ssr_acheres&utm_content=cta_site_web,,,,
http://www.impr-herouville.com/,,,,
http://massages-relaxation.com/,,,,
https://www.consultation-lapasserelle.fr/institut-caladois-sport-sante,,,,
https://www.institut-biche.fr/,,,,
http://www.institutbeautesobioma.com/,,,,
https://www.instants-zen.fr/,,,,
https://melaniebeff.wixsite.com/instantdouceur,,,,
http://www.hammam-martigues.fr/,,,,
https://infra-s.fr/,,,,
https://www.infracabin.fr/,,,,
http://www.infinitehealth.fr/,,,,
https://www.inays.fr/,,,,
https://www.jessie-lenergeticien.com/,,,,
http://www.insitu-sante-beaute.fr/,,,,
https://www.cen-centrevaldeloire.org/les-iles-de-bonny/,,,,
http://www.saint-quentin-en-yvelines.iledeloisirs.fr/,,,,
https://chatenay.institut-kinesitherapie.paris/?utm_source=google&utm_medium=organic&utm_campaign=gmb,,,,
http://www.reikilibretherapies.fr/,,,,
https://www.hypno-etre45.com/,,,,
https://www.institut-hygeia.fr/,,,,
https://hunayurveda.fr/,,,,
https://hugueslesauna.com/,,,,
http://hotexpert.org/?utm_source=gmb&utm_medium=referral,,,,
https://etablissements.fhf.fr/annuaire/structure/structure536,,,,
http://www.boutique-sauna-alsace.fr/,,,,
https://www.homeostasie53.fr/,,,,
https://www.soin-relaxant-finistere.com/,,,,
http://www.hetresoi.com/,,,,
http://www.helyans.fr/,,,,
https://heloiseleonaturopathe.com/,,,,
https://heline140810.wixsite.com/h-line-moonsun,,,,
https://www.planity.com/heavenly-place-62290-nux-les-mines,,,,
https://www.satanamastudio.fr/contact,,,,
https://www.harmonia-spa.fr/,,,,
https://www.ifce.fr/haras-nationaux/nos-sites/haras-national-de-pompadour/,,,,
http://harasduchatelet.free.fr/,,,,
https://gratuit-4312529.webador.fr/,,,,
https://www.happyplace-romans.fr/,,,,
https://happinessterrapy.fr/,,,,
http://roubaix-barbieux.zeinorientalspa.fr/,,,,
http://wazemmes.zeinorientalspa.fr/,,,,
https://hammamsultana.com/,,,,
https://www.hammam-souhila.fr/,,,,
http://hammam-saint-augustin.fr/,,,,
https://www.hammamperlesdorient.com/,,,,
https://hammamnejmasahara.fr/,,,,
http://www.hammam-et-rituels.com/,,,,
https://frmaps.xyz/business/hammam-les-princesses-hxmyDsN0,,,,
https://hammamles1001nuit.fr/,,,,
http://boulogne.hammam-lescentciels.com/,,,,
http://republique.hammam-lescentciels.com/,,,,
https://lyon.hammam-lescentciels.com/,,,,
http://bordeaux.hammam-lescentciels.com/,,,,
https://www.planity.com/hammam-la-source-83470-saint-maximin-la-sainte-baume,,,,
http://www.hammam-larosedessables.com/,,,,
https://hammam2.cabanova.com/accueil.html,,,,
https://www.hammam-kafane.fr/,,,,
https://www.hammam-jasmin.com/,,,,
https://hammamispahan.com/,,,,
https://hammam-dhygee.fr/,,,,
http://www.hammamchiffa.com/,,,,
http://www.hammamsaunabains.com/,,,,
https://hammam-ambre-nimes.fr/,,,,
https://www.hammam-roanne.com/?utm_medium=referral&utm_source=gmb&utm_campaign=lnk-gmb,,,,
https://www.ha-ora.fr/,,,,
https://www.gwaldys.com/,,,,
http://www.guillaumeperinet.fr/,,,,
http://www.greenhouse-amneville.fr/,,,,
http://www.grande-pharmacie-amberieu-centre.fr/,,,,
https://www.grandbains.fr/magasins/grandbains-vienne-reventin-vaugris,,,,
https://www.grainedebonheurvichy.fr/,,,,
https://www.guide-toulouse-pyrenees.com/fr/selon-mes-envies/sportive/article-la-gourgue-d-asque-randonnee-fantastique-au-c-ur-de-la-foret-humide-des-pyrenees--112.html,,,,
http://www.lapalud-verdontourisme.com/,,,,
http://www.gorgesdedaluis.fr/,,,,
http://jouer.golf/raray/,,,,
https://www.le-golf-des-etoiles.fr/,,,,
http://www.golfdebarbentane.fr/,,,,
https://www.gloweastudio.com/,,,,
http://www.lesgitesdechampou.fr/,,,,
http://www.gites-belluire.com/,,,,
http://www.giteaumoulin.com/,,,,
https://jfbellet69.wixsite.com/gitedelasource,,,,
http://www.gitedelacascade.fr/,,,,
https://gaya-france.com/,,,,
https://galbe.odoo.com/accueil,,,,
https://www.baumocorps.fr/,,,,
https://lemassagevivant.jimdosite.com/,,,,
http://www.tourisme-avesnois.com/voir-faire/sites-visiter/482152-foret-de-mormal,,,,
http://www.tourismebretagne.com/decouvrir-les-destinations/coeur-de-bretagne-kalon-breizh/les-incontournables/huelgoat,,,,
https://www.forest-hill.fr/,,,,
https://www.flottaison.fr/,,,,
https://floresauvage.fr/,,,,
http://www.flore-sens.fr/,,,,
https://www.fitnesspark.fr/club/schweighouse-sur-moder/?utm_medium=Local_Inventory&utm_source=GMB&utm_campaign=Schweighouse-sur-Moder&utm_content=Yext,,,,
https://www.fitnesspark.fr/club/brie-comte-robert/?utm_medium=Local_Inventory&utm_source=GMB&utm_campaign=Brie-Comte-Robert&utm_content=Yext,,,,
https://www.fitnesspark.fr/club/anthy-sur-leman/?utm_medium=Local_Inventory&utm_source=GMB&utm_campaign=Anthy-sur-Leman&utm_content=Yext,,,,
https://www.fitnesspark.fr/club/angoulins-sur-mer/?utm_medium=Local_Inventory&utm_source=GMB&utm_campaign=Angoulins-sur-Mer&utm_content=Yext,,,,
https://www.fitnesspark.fr/club/andrezieux-boutheon/?utm_medium=Local_Inventory&utm_source=GMB&utm_campaign=Andrezieux-Boutheon&utm_content=Yext,,,,
https://www.fitnesspark.fr/club/ajaccio-atrium/?utm_medium=Local_Inventory&utm_source=GMB&utm_campaign=Ajaccio-Atrium&utm_content=Yext,,,,
https://www.ff-studio.fr/fr,,,,
http://www.le-corral.ffe.com/,,,,
http://www.ferme-equestre-vieux-fey.fr/,,,,
https://ferme-equestre-des-balzanes.com/,,,,
http://www.fermedupaupiquet.fr/,,,,
http://www.fermedesolterre.fr/,,,,
http://fermedechanteble.ffe.com/,,,,
https://www.fanny-toulmond.fr/,,,,
https://fabrice-magnetiseur.com/,,,,
https://www.emeline-expertemassagesetsoins.fr/,,,,
https://www.evolista.fr/,,,,
http://reservationbeaute.fr/evasionnaturelle,,,,
http://www.evanessens.com/,,,,
https://evayogamassage.simplybook.it/,,,,
http://plante-de-maylis.com/,,,,
https://www.asso-etre.com/,,,,
https://www.ethosflow.com/,,,,
https://www.filieris.fr/trouver-un-etablissement-filieris/filieris-etablissement-de-sante-le-surgeon-soins-medicaux-et-de-readaptation,,,,
https://www.essentielbeaute-riantec.fr/,,,,
http://www.conscience-spa-anne-sophie.fr/,,,,
https://espace-zenitude.reservio.com/,,,,
http://www.espacezenalma.com/,,,,
https://www.zen-massage17.fr/,,,,
http://www.vivence.fr/,,,,
https://www.planity.com/espace-savasana-45800-saint-jean-de-braye,,,,
http://www.espacenautique-colomiers.com/,,,,
http://www.espace-nat.com/,,,,
https://www.planity.com/moa-spa-landerneau-29800,,,,
http://www.espacelilas.com/,,,,
https://espace-isaya.fr/,,,,
https://espace-hinode.tumblr.com/,,,,
http://www.bassin-pont-a-mousson.fr/competences/espace-forme-communautaire.htm,,,,
https://espace-de-soin.fr/,,,,
https://www.cc-hautlignon.fr/pages/sports-loisirs/salle-de-remise-en-forme/salle-de-remise-en-forme-du-haut-lignon/,,,,
http://www.ludivinevincent.com/,,,,
https://espace-conviv.jimdosite.com/,,,,
http://www.gruissan-balneo.com/,,,,
http://espace1000sources.fr/,,,,
http://www.bettymassages.com/,,,,
https://esf-mijouxlafaucille.com/,,,,
http://esf-crevoux.com/,,,,
http://escale-detox.com/,,,,
https://www.institut-escale-detente.fr/,,,,
https://www.planity.com/equilibre-est-zen-31390-carbonne,,,,
http://www.equilibreetharmonie.com/,,,,
http://www.equilibre-harmonie-pontpean.fr/,,,,
http://www.equilibre-albi.fr/,,,,
http://www.equi-mel.fr/,,,,
https://ephelidesmassages.com/#,,,,
https://www.omaha-beach.eolia-normandie.com/,,,,
https://www.enviedouceur.fr/?fbclid=IwAR1ffziiwfr7RyYzBB__L7mD2fYwm1C_HUWJLpv7eX3EuAyuVFtyd5TtVPg,,,,
http://www.entractbeaute.fr/,,,,
https://egsm-savigneux-montbrison.fr/,,,,
https://www.energiness.club/s%C3%A9ance-d%C3%A9couverte,,,,
http://www.energieeveiletsoin.com/,,,,
http://endermoconcept.fr/,,,,
http://xn--en-apart-i1a.fr/,,,,
http://www.emmassage.fr/,,,,
http://www.emmanuellesouriau.com/,,,,
https://www.vedaya.fr/,,,,
https://emmanuelledage.fr/,,,,
http://www.emmanuellechiarotto.fr/,,,,
https://emilieprunet.com/,,,,
http://kine-digestif-annecy.fr/,,,,
https://annecy-massage-energetique.com/,,,,
http://www.bulledemereveille.com/,,,,
https://emiliechapelle.fr/,,,,
https://elixir-sarlat.com/,,,,
https://www.elancia.fr/salles-de-sport/salle-de-sport-andrezieux/?utm_source=google&utm_medium=seo&utm_campaign=locale_andrezieux_rsa,,,,
https://www.sylvia-bien-etre.fr/,,,,
http://www.edenitude.fr/?utm_source=google&utm_medium=wix_google_business_profile&utm_campaign=12066418239530560366,,,,
https://www.piau-engaly.com/fr/experiences/activites/balneo,,,,
http://www.institutedelweiss.fr/?utm_source=gmb,,,,
https://egmmp.simplybook.it/,,,,
http://www.ecuriesdelaxiere.fr/,,,,
https://www.ecuriesdechigny.com/,,,,
https://www.ecuriedusoleil.com/,,,,
http://www.ecoutetactile.fr/,,,,
https://www.esf-arvieux.fr/,,,,
http://ecolenatationloctudy.com/,,,,
http://equitationbedee.ffe.com/,,,,
https://www.ecodrome-dijon.com/,,,,
https://www.eclat-derma.com/,,,,
https://eaubainnordique.com/,,,,
https://dusouffleauchoeur.com/,,,,
http://www.renatafrancametz.com/,,,,
http://drainagebyoceane.fr/,,,,
https://dragonrougeshiatsu.fr/,,,,
https://www.planity.com/doux-moment-62370-audruicq,,,,
https://institutdouceurdebebe.com/,,,,
https://www.chateauversailles.fr/decouvrir/domaine/domaine-marly,,,,
http://www.domainedurayol.org/,,,,
http://domainederestinclieres.herault.fr/,,,,
http://domaine-de-sceaux.hauts-de-seine.fr/,,,,
https://mairie-ambazac.fr/carte/domaine-de-muret/,,,,
http://domainedelorleau.ffe.com/,,,,
http://www.domaine-amuredda.fr/,,,,
https://zen-anduze.org/,,,,
https://www.o-corps-et-ame-massage82.com/massage-bien-etre-relaxation-detente,,,,
http://www.dietplus.fr/,,,,
https://www.detox-en-sologne.fr/,,,,
http://massage78.fr/,,,,
https://desmalovabeauty.smartbooker.fr/,,,,
https://derwellzentouch.com/,,,,
https://www.dermodrain.fr/,,,,
https://www.planity.com/dermexcellence-82100-castelsarrasin,,,,
http://www.dermasculpt.fr/,,,,
https://www.derma-pro.fr/,,,,
https://www.planity.com/dermalya-57120-rombas,,,,
http://www.delta8-fitness.fr/,,,,
https://ayuretsens.wixsite.com/ayurveda,,,,
http://delicatheys.fr/,,,,
https://www.delarbocorps.com/,,,,
http://www.decorps-acoeur.com/?utm_source=google&utm_medium=wix_google_business_profile&utm_campaign=9929250756697743664,,,,
http://bigoudosteo.fr/,,,,
https://www.dameetdaum.com/,,,,
https://www.c-zen-et-belle.com/,,,,
https://www.cy-belle.fr/,,,,
http://ayurveda66.com/,,,,
https://www.cultivonsnosvies.fr/,,,,
https://www.cryo-selestat-67.fr/,,,,
http://cryoluxo.fr/,,,,
https://www.planity.com/cryolasea-57000-metz,,,,
http://cryo-ales.fr/,,,,
https://www.cryodanjou.fr/home,,,,
http://www.crossfitcorsaire.com/,,,,
https://www.creencorps.fr/?utm_source=gmb,,,,
http://www.golf-dijon.fr/,,,,
https://www.corpsinn.com/,,,,
https://www.corinne-boulin-formations.com/,,,,
http://www.corinneballery-naturo.com/,,,,
http://conceptsilhouette.booksy.com/ig,,,,
http://www.ville-castelnaudary.fr/,,,,
https://complexesportifcalvibalagne.fr/,,,,
https://www.complexesportifalicemilliat.fr/,,,,
https://www.complexesanteforme.fr/,,,,
http://www.amiens.fr/coliseum,,,,
https://coeuracorps-bienetre.fr/,,,,
https://www.cocooningetzen.com/,,,,
https://cocoonine.my.canva.site/salon-priv,,,,
https://cocoonmoi.fr/,,,,
http://www.cocondevie53.fr/,,,,
http://www.reeducation-laennec.fr/,,,,
https://www.clubnautiqueterresdauxois.fr/,,,,
https://centrehippique-delaforet-dallogny.ffe.com/,,,,
https://dauphins-aixois.clubeo.com/,,,,
https://www.inicea.fr/smr/clinique-val-pyrene-pyrenees-orientales-66120?utm_source=MAPS&utm_medium=organic&utm_campaign=Google_local_business&at_medium=Google_maps&at_campaign=Google_my_business_local,,,,
https://www.elsan.care/fr/clinique-supervaltech,,,,
http://www.crf-le-castelet.fr/,,,,
https://www.inicea.fr/smr/clinique-souffle-les-clarines-cantal-15400,,,,
https://clinique-de-chatillon.ramsaysante.fr/,,,,
http://www.clemence-tschirret.fr/,,,,
https://www.docteur-almasri.fr/,,,,
http://www.clairepoupard.com/,,,,
http://www.cl-plenitude.fr/,,,,
https://www.grandlieu-tourisme.fr/voir-faire/balades-et-randonnees/nos-26-circuits-de-randonnees/circuit-des-landes-de-trejet,,,,
https://www.centreopaleekilibre-marquise.fr/,,,,
http://www.leszenergiesdusens.fr/,,,,
http://www.chilina-massages.com/,,,,
http://www.chic-senteurs.com/,,,,
http://www.sharlieminette.com/,,,,
http://www.charline-bien-etre.com/,,,,
https://ayurveda-charlene-edet.jimdosite.com/,,,,
http://massage-vichy.fr/,,,,
http://fr.ceragem.net/support/support_find.asp,,,,
https://www.spazenergydrome.com/,,,,
https://spark.adobe.com/page/Cm7FXLcaWUnKa/,,,,
https://www.centresportif-soustons.com/,,,,
https://centre-sportif-gard.fr/,,,,
https://www.villa-notre-dame.fr/,,,,
http://www.sino-ressources.fr/,,,,
https://www.centreroosevelt.com/roosevelt-argonay/,,,,
https://cvl.vyv3.fr/crbv,,,,
https://www.centrereeducation-royalprovence-rognac.com/,,,,
https://www.tantra-rasayana.fr/,,,,
https://www.quantaum.org/,,,,
https://www.grand-senonais.fr/,,,,
http://nautisme-angers.fr/,,,,
http://www.centrenautiquederoscanvel.fr/,,,,
https://www.ccbugeysud.com/decouvrir/piscine/,,,,
http://www.grandautunoismorvan.fr/detente-et-loisirs/faire-du-sport/centre-nautique-autun-218.html,,,,
https://www.ch-argentiere.org/,,,,
https://www.groupe-ugecam.fr/csmr-le-chateau-de-bassy,,,,
http://centremanera.com/,,,,
https://www.cmpasteurbretigny.com/,,,,
https://centre-laser-narbonne.fr/,,,,
https://centrelaserdumantois.com/,,,,
https://www.diana-laser.com/,,,,
http://www.centreidelia.fr/,,,,
https://www.ch-laguerche.fr/,,,,
https://www.centrehinatea.com/,,,,
https://centre-hestia-medoc.fr/,,,,
https://www.centre-helene-borel.com/,,,,
http://www.centre-h2e.fr/,,,,
https://littlecowboy-54.ffe.com/,,,,
http://www.centre-equestre-cyclamens.fr/,,,,
http://www.elevage-du-loir.fr/,,,,
http://domainedelacroux.wixsite.com/domainedelacroux,,,,
http://www.centreequestredeporticcio.com/,,,,
http://centre-equestre-du-poncet.ffe.com/,,,,
http://www.cemairy.fr/,,,,
https://centreequestredelariviere.fr/,,,,
http://cejablines.wixsite.com/cejablines,,,,
http://centre-equestre-bourrou.ffe.com/,,,,
http://amelielesbains-66.ffe.com/,,,,
http://www.centreenergiebeaute83.fr/,,,,
http://www.centredescarmes.com/,,,,
http://centre-de-soins-sante-24.fr/,,,,
https://www.centredesante2a.com/?utm_source=google&utm_medium=wix_google_business_profile&utm_campaign=11174593743448952213,,,,
https://pro.doctolib.fr/centre-de-sante/foulayronnes/centre-de-sante-de-foulayronnes,,,,
http://www.doctolib.fr/,,,,
https://www.arcadie53.com/,,,,
http://centre-molini.fr/?utm_source=gmb,,,,
https://www.centredes3vallees.fr/,,,,
https://www.emeis-cliniques.fr/centre-de-reeducation-cardio-nutritionnelle-paris-est-93?utm_source=centre-de-reeducation-cardio-nutritionnelle-paris-est-93&utm_medium=GGmaps&utm_campaign=visibilite-locale,,,,
https://www.crs-saint-luc.fr/,,,,
http://centre-readaptation-oignies.ahnac.com/,,,,
https://moulinvert.lna-sante.com/?utm_source=google&utm_medium=organic-my-business&utm_campaign=google_my_business_ssr_moulinvert&utm_content=cta_site_web,,,,
https://crnc.lna-sante.com/,,,,
https://www.groupe-ugecam.fr/cmpr-le-hohberg,,,,
http://ruchecamares.wixsite.com/centre,,,,
http://centredeloisirsaffoux.fr/,,,,
http://www.centre-sks.fr/,,,,
https://www.naturellement-soi.fr/,,,,
https://aruna-ayurveda.fr/,,,,
http://www.coeursacorps.com/,,,,
http://centrechiropratiquedechampagne.com/,,,,
https://www.planity.com/centre-body-epil-cryofast-18000-bourges,,,,
https://centre-beaute-honore.com/rdv.html,,,,
https://athenasante-antony.com/,,,,
http://centreakalis.com/,,,,
https://www.corpsessentiel.fr/,,,,
https://celinearmau.com/,,,,
https://www.cedeo.fr/infos-agence/st-flour-cedeo-1482,,,,
https://www.cedeo.fr/infos-agence/pamiers-cedeo-1477,,,,
https://www.cedeo.fr/infos-agence/nogent-le-rotrou-cedeo-2295,,,,
http://www.massage-ventoux.fr/,,,,
http://www.cathydouay.com/,,,,
https://sites.google.com/view/506chemindesbasseslistes/menu/castellane-massage,,,,
https://www.la-corse-autrement.com/bergeries-cascades-de-radule/amp/,,,,
https://www.cascades-du-herisson.fr/,,,,
http://www.chartreuse-tourisme.com/,,,,
https://www.chartreuse-tourisme.com/offres/cascade-de-la-pisserotte-saint-joseph-de-riviere-fr-2777288/,,,,
http://care-and-beauty.fr/,,,,
https://capucine-beauty.com/,,,,
https://www.caprice-minceur03.com/,,,,
https://www.locationjetskiajaccio.com/,,,,
https://www.capitalsantecavaillon.com/,,,,
http://www.capcryo.fr/,,,,
https://www.capadapt.fr/,,,,
https://captonic.com/club/verrieres-antony/,,,,
https://www.tourismecorreze.com/fr/tourisme_detail/canal_des_moines.html,,,,
https://lieusaint.caliceo.com/,,,,
http://www.cachin-water-activities.com/,,,,
https://www.medoucine.com/consultation/amou/geraldine-cacheux/22686,,,,
http://cabinet-socoshi.fr/,,,,
https://www.audreymohaer.com/,,,,
https://www.onde-essentielle.fr/,,,,
https://cabinetnara.com/,,,,
http://www.soluce-bien-etre.fr/,,,,
https://cabinet-luxopuncture-moselle.com/,,,,
https://www.cabinetkinecreon.net/,,,,
http://www.melauphysio.fr/,,,,
http://ckpsp.fr/,,,,
https://www.kalendes.com/platform/booking/cbeautynails,,,,
http://bzen-equilibre-detente.fr/,,,,
https://bullesdhippo.fr/,,,,
https://www.bullezen45.com/,,,,
https://www.bulle-de-coton.com/,,,,
https://www.les-soins-saint-thomas.fr/,,,,
http://www.boud-natureetzen.com/,,,,
https://marion-bergeot.fr/,,,,
https://belledejourcoulommiers.com/,,,,
https://www.bell-ezza.fr/,,,,
http://www.beautedamesinstitut.fr/,,,,
https://www.pantin.fr/la-ville/en-ce-moment/la-baignade-diderot-va-faire-le-plein-5605,,,,
https://www.ville-audenge.fr/bassin-de-baignade/#:~:text=Il%20mesure%20170%20m%C3%A8tres%20de,,,,
https://www.basic-fit.com/fr-fr/clubs/basic-fit-chatenay-malabry-avenue-division-leclerc-24/7-b2eb5c6cd4f54569af16706102c71724.html?utm_medium=yext&utm_source=gmb,,,,
https://bases-departementales.tarn.fr/,,,,
https://www.base-plein-air-guerledan.com/,,,,
http://www.capcir-pyrenees.com/Lac-de-Matemale--5534.phtm,,,,
http://www.lametro.fr/,,,,
https://ville-thiers.fr/iloa/,,,,
https://www.basestleu.com/,,,,
http://www.basedeloisirsdemarboue.fr/,,,,
https://www.lequesnoy.fr/sport/la-base-de-loisirs/,,,,
http://www.nogentlerotrou-tourisme.fr/,,,,
http://www.basedeloisirs-garabit-mallet.com/,,,,
https://asev-canoe-kayak.com/,,,,
https://www.barikennsaona.com/,,,,
http://www.bansinthai.fr/,,,,
https://bambousaie.com/,,,,
http://valmykinepiscine.fr/,,,,
http://www.balneotherapieparis.com/,,,,
https://www.saniteo.com/balneo,,,,
https://dorres66.com/decouvrir/bains-romains,,,,
https://thermobain.fr/,,,,
http://babettegazeau.com/,,,,
http://www.ville-lespontsdece.fr/sports-loisirs/la-baignade/,,,,
https://sites.google.com/view/baignadebiologiquedeconnantre/accueil,,,,
http://www.baanboonyou.fr/,,,,
https://www.ayurveda-provence.com/,,,,
http://www.bellememassage.fr/,,,,
https://www.planity.com/aux-portes-de-loasis-16100-saint-laurent-de-cognac,,,,
https://divinementdrainee.wixsite.com/divinement-drainee,,,,
https://aurioljouvence.fr/,,,,
http://aumzen.fr/,,,,
http://aumarcenciel.free.fr/,,,,
https://www.aukson-thai-massage.fr/,,,,
https://audesense.fr/univers/,,,,
http://www.aubord-medical.com/,,,,
http://www.vanessalemoine.fr/,,,,
http://aucoeurdesoiaucoeurdessons.com/,,,,
https://auchaletmendois.fr/,,,,
https://www.aucentredemonetre.net/contact,,,,
http://atma-ayurveda.net/,,,,
https://ateliertuina.fr/,,,,
https://annelauredallet.wixsite.com/centre-naturailes,,,,
https://eiqilibre.fr/,,,,
https://www.cnm-germinois.fr/les-differentes-sections/,,,,
http://www.armonyberthet.com/,,,,
https://www.argana-spa.fr/,,,,
http://www.septmonts.fr/,,,,
https://www.arbolesens.fr/,,,,
http://www.apyforme.com/,,,,
https://portes-normandie.aprium-pharmacie.fr/,,,,
https://oliviers-la-fare.aprium-pharmacie.fr/,,,,
https://nivolas.aprium-pharmacie.fr/mapharmacie,,,,
https://anjousportnature.com/,,,,
https://angiensaccrobrancheaventures.fr/,,,,
https://temp-ttilefqmatovxqqlaivb.webadorsite.com/,,,,
https://ana-k.fr/,,,,
http://ambimomes.online.fr/,,,,
https://ambiancelemanetnuage.com/,,,,
https://www.amazonesfit.fr/,,,,
https://institut-amandine-beaute.fr/,,,,
http://altizen.net/,,,,
http://www.alpillesclub.com/,,,,
http://www.allauchbodycenter.fr/,,,,
http://www.thaihealingprocess.com/,,,,
https://az-osteo.fr/drainage-lymphatique/,,,,
https://albi-relaxation.fr/,,,,
https://www.ayurveda-savoie.com/?utm_campaign=gmb&utm_content=site-web&utm_medium=organic&utm_source=google,,,,
https://www.ayurveda-savoie.com/,,,,
http://agestra.org/,,,,
https://sites.google.com/view/adelys-institut/,,,,
http://www.adeline-lepinois.com/,,,,
https://www.acquavitalfitness.com/,,,,
https://www.reolaisensudgironde.fr/,,,,
https://www.accord-des-sens.fr/,,,,
https://equitcomportementale.com/,,,,
https://massagemouvementacademie.fr/,,,,
https://www.fresha.com/fr/book-now/al-beauty-uzurnjk8/all-offer?share&pId=1222581,,,,
http://ah-alpaga.com/,,,,
http://www.a-portee2mains.com/,,,,
http://www.afleurdepeau-mauzac.fr/,,,,
https://carolineesthetiquebellerive.kalendes.com/,,,,
http://a-corps-zen.fr/,,,,
https://9-lunes.mytreatwell.fr/,,,,
http://www.113avenue.fr/,,,,
http://www.lalunebretonne.com/,,,,
https://www.wo-man-vitality.fr/,,,,
http://www.grandbleu-wakepark.fr/,,,,
http://www.pokeyland.com/,,,,
https://www.abbaretz.fr/?Sentier-de-la-Mine,,,,
https://www.zoemicha.fr/,,,,
http://www.lesldubienetre.fr/,,,,
https://www.wampark.fr/base-de-loisirs-beauvais/,,,,
https://www.instant-papillon-massage.com/,,,,
https://www.decathlon.fr/store-view/magasin-de-sports-decathlon-abbeville-0070160901609,,,,
http://www.condorbalneo.fr/,,,,
https://www.tecnomat.fr/,,,,
https://les4armonies.wixsite.com/monsite,,,,
http://www.smart-body.fr/,,,,
http://www.pechemoucheeclimont.fr/,,,,
http://www.winnoland.fr/,,,,
https://www.wampark.fr/base-de-loisirs-fontainebleau-la-grande-paroisse/,,,,
https://choeurinterieur.com/,,,,
https://mariabienetre.fr/,,,,
https://agglobeziers.fr/?page_id=2338,,,,
https://www.lemanoiretoile.com/,,,,
https://aquabearn-loisirs.fr/base-loisirs-faget/,,,,
https://pau.caliceo.com/,,,,
https://masseame.fr/,,,,
https://www.lesaintlazare.fr/,,,,
https://jessicachardon.podia.com/head-spa-sensorielle-quetedesens,,,,
https://www.institut-hortensia.fr/,,,,
http://www.o-prestige.fr/,,,,
https://www.cle-o-forms.fr/,,,,
http://www.ucpavitam.fr/,,,,
http://www.abergement-de-varey.fr/,,,,
http://www.loisirsjura.fun/,,,,
http://www.jacquouparc.com/,,,,
http://www.bulledartmonid.wordpress.com/,,,,
http://www.lefleury.com/,,,,
https://lacabanedelasorciere.bookinbeautiful.fr/r/6DEQNFZP,,,,
https://fresha.com/e/GUPqM0,,,,
http://www.altitude-bien-etre.com/,,,,
https://aloreedesoi.bookinbeautiful.fr/,,,,
http://www.opaysdesmerveilles.com/,,,,
https://www.massagebienetre.eu/,,,,
http://train-abreschviller.fr/,,,,
http://ecuriedelacantera.com/,,,,
http://www.castoraccueil.com/,,,,
https://www.maisondopaline.fr/,,,,
https://www.lesbazarsdelasante.fr/,,,,
https://www.gedimat.fr/1692-magasin-gedimat-dufrancais-abrest.htm,,,,
http://www.linstitut-vichy.fr/,,,,
https://la-promenade-vichy.fr/,,,,
https://www.plenizen.com/?utm_source=gmb,,,,
http://www.lequeyras.com/,,,,
http://www.jardindeau-guadeloupe.com/,,,,
http://www.piscineinterco.com/,,,,
https://www.cocondebiennaitre-babyspa-guadeloupe.com/,,,,
http://www.lepalaisdemma.com/,,,,
https://www.islabienetreconseil.com/?utm_source=google&utm_medium=wix_google_business_profile&utm_campaign=17308048651674183428,,,,
http://tropicalbienetre.odoo.com/,,,,
https://lebiendeletre.com/,,,,
https://jouvencyaandspa.bookinbeautiful.fr/,,,,
http://espacebienetre971.com/,,,,
https://centre-bien-etre-guadeloupe.fr/,,,,
https://zen-pop.reservio.com/,,,,
https://esperanceaxiumkine.wixsite.com/kineozabymes,,,,
https://www.happybeauty.fr/,,,,
https://ness-nails-beauty.fr/,,,,
https://www.speedfit.gp/,,,,
http://www.chu-guadeloupe.fr/,,,,
https://www.bodyminute.com/instituts/les-abymes-3490/?utm_source=gmb,,,,
https://opal-sens.com/,,,,
https://www.hottechnique.fr/,,,,
http://www.auptitcromagnon.fr/,,,,
https://www.samananda-massage.fr/,,,,
https://www.airjeyfilets.com/,,,,
https://www.gites.fr/58103,,,,
http://www.cc-paysdesachards.fr/,,,,
https://www.achards-tourisme.com/,,,,
https://celineellero.wixsite.com/c-line-ellero,,,,
https://www.fun-parc-brumath.fr/,,,,
https://www.double-v.fr/?utm_source=gmb,,,,
https://www.flow-withvalentine.com/,,,,
https://www.lesecretdubienetre.alsace/,,,,
https://anissasabri7.wordpress.com/,,,,
https://ne-sens-alsace.com/,,,,
https://cds-acheres.lna-sante.com/?utm_source=google&utm_medium=organic-my-business&utm_campaign=google_my_business_cds_acheres&utm_content=cta_site_web,,,,
https://www.xtremaventures-cergy.fr/,,,,
https://cergy-pontoise.iledeloisirs.fr/,,,,
https://www.gulli-parc.com/nos-parcs/conflans-sainte-honorine/?utm_source=google&utm_medium=organic&utm_campaign=mybusiness-website,,,,
https://manumalville.my.canva.site/maptitebullezen,,,,
https://widget.treatwell.fr/salon/gina-salon-de-massage-a-maisons-laffitte-pres-de-la-gare/?utm_source=partner&utm_medium=partner-site-book-now-widget,,,,
https://www.linstantbienetreconflans.fr/,,,,
http://ecrin-de-soi.fr/,,,,
https://mathildeebeauty.fr/,,,,
https://www.planity.com/esthetique-sante-et-bien-etre-acheres-la-foret-77760,,,,
http://lepaarc.com/Decouvrez-le-PAarc,,,,
https://www.wildside-institut.fr/,,,,
https://www.eurl-larche-verte.fr/,,,,
http://www.lesmaisonsderetraite.fr/maison-de-retraite-medicalisee-ehpad/58-nievre-58110-achun-maison-de-retraite-les-bles-d-or-5881.htm,,,,
https://leiakhedoo.fr/,,,,
http://www.champdeletre.com/,,,,
http://www.villaetapure.re/,,,,
https://ococoondusoin.wixsite.com/ococoon,,,,
https://linstitut.bookinbeautiful.fr/,,,,
https://www.studio44acquigny.com/#description,,,,
http://www.tolysland.com/,,,,
http://www.lery-poses.fr/,,,,
https://www.fjclinic.fr/,,,,
http://www.chlorofeel.fr/,,,,
https://pharmacies.pharmaciengiphar.com/normandie/eure/acquigny/pharmacie-dacquigny-505,,,,
http://www.samsara-co.com/,,,,
http://www.axoplage.fr/,,,,
https://frmaps.xyz/business/institut-l-gance-et-bien-tre-F1XubLUk,,,,
http://www.princesse-dorothee.com/,,,,
https://www.planity.com/escale-argane-25000-besancon?utm_source=gmb,,,,
https://aline-scipion-massages.fr/,,,,
https://walygatorparc.com/grandest,,,,
http://reflexologie-entreprise.com/,,,,
https://640ee9d9e8bdd.site123.me/,,,,
https://www.domainedesdemoiselles.fr/,,,,
https://caroleviez.wixsite.com/my-site?fbclid=IwAR1lF8HHe4Gh-c-COvXZQNwQOM1t6EAmF7NSTrCxKhnVP2M1foJdR2czPIQ,,,,
http://www.levillagedesenfants.net/,,,,
https://beautefemininebytacha.bookinbeautiful.fr/r/IC52JG,,,,
https://www.planity.com/beel-83700-saint-raphael,,,,
http://vitaliteshiatsu.fr/,,,,
https://www.evemachurat-mtc.com/,,,,
https://massagesdessources.fr/,,,,
https://www.dennlys-parc.com/,,,,
http://www.parcgalame.org/,,,,
http://pandalandparc.fr/,,,,
https://www.le-spa-natureva.com/,,,,
https://essencenomade.fr/,,,,
https://www.uneheurepoursoi.com/institut/uhps-pont-sainte-maxence/,,,,
http://www.acupulatta.com/,,,,
https://www.corse-canyoning-parc.com/,,,,
https://www.walygatorparc.com/sudouest,,,,
https://www.parc-en-ciel.com/,,,,
https://z-animoland.com/,,,,
https://massage-delwende.fr/,,,,
http://quintessencefadila.com/,,,,
http://oxybulles.fr/,,,,
https://harmonieducorps.eu/,,,,
https://vikings-parc.fr/,,,,
https://piscine.pays-clermontois.fr/,,,,
https://mapausementale.fr/,,,,
https://couleursdeslunes.com/,,,,
https://www.angemichel.com/,,,,
https://www.planity.com/kaenbio-institut-50230-agon-coutainville,,,,
http://www.stephanieallais.fr/,,,,
https://www.terreetciel-holistique.fr/,,,,
http://chateaudelaugere.fr/,,,,
https://www.naturalwakepark.com/,,,,
http://www.acroparc-millau-gorgesdutarn.fr/,,,,
https://www.wampark.fr/toulouse-sesquieres/,,,,
https://originalgreenpark.fr/,,,,
http://www.bidaparc.com/,,,,
http://www.papeaparc.fr/,,,,
http://www.maynloisirs.com/,,,,
http://lacdelatille.net/,,,,
https://www.gayanemassage.com/,,,,
https://untantpoursoi-magnetisme.fr/,,,,
http://www.chriscoiffure.fr/,,,,
https://www.cryo-world.fr/,,,,
https://melindacrouzier6.wixsite.com/website,,,,
http://www.vitanaturo.com/,,,,
http://www.lenvisagee.com/,,,,
https://www.bricomarche.com/magasin/l-aigle/20108?store=20108&utm_source=gmb,,,,
https://lyia-institut.fr/,,,,
https://www.uneheurepoursoi.com/institut/uhps-aigle/,,,,
https://www.ch-laigle.fr/,,,,
https://www.impots.gouv.fr/contacts,,,,
http://marieloubienetre04.fr/,,,,
http://www.woodyloisirs.com/,,,,
http://www.parc-aventure-32.fr/,,,,
http://www.mairie-saramon.fr/lac-saramon-gers,,,,
https://www.laurane-massage.fr/,,,,
https://www.linstantdeunoia.fr/,,,,
https://lsrdv.com/caracthairetbeaute,,,,
https://www.terredauge-lelac.fr/,,,,
http://www.festyland.com/,,,,
http://www.bayeux-aventure.fr/,,,,
https://www.nathalie-thauvin.com/,,,,
https://ariane-bouchet.fr/massages/#massage-4-mains,,,,
https://lesoindescorps.fr/,,,,
http://www.memoiredubienetre.fr/,,,,
https://rdvenligne.dylentab.fr/0623545293/,,,,
http://www.lafermeduvalfleuri.fr/,,,,
http://www.clubalfa44.com/,,,,
http://floriesalaun-magnetisme-massages.blogspot.com/,,,,
http://www.mfr-aigrefeuille.com/,,,,
https://originesayurveda.fr/,,,,
https://vspark.fr/,,,,
https://des-bonds-delires.odoo.com/event,,,,
https://www.planity.com/institut-naturelle-44140-aigrefeuille-sur-maine,,,,
https://www.kahotep.fr/plage-aiguebelette-le-lac/,,,,
https://www.kahotep.fr/plage-du-sougey,,,,
http://www.vertes-sensations.com/,,,,
https://pepsnature.com/index.php?id=reserver&mois=2026-07&num=&lien_article=&moniteur=Reyna-5&date=,,,,
https://qituitif.my.canva.site/,,,,
https://www.planity.com/neiruap-73220-val-darc,,,,
http://www.massemoi.com/,,,,
https://www.massagebullededetente.fr/,,,,
http://wintershoplp.wixsite.com/my-site-3,,,,
http://zenergy-massages.fr/,,,,
https://eu.jotform.com/210791189470359,,,,
https://www.ganeshaya.fr/,,,,
https://www.uneheurepoursoi.com/institut/mazamet/,,,,
https://formission-81.fr/,,,,
https://www.planity.com/isabelle-guitton-reflexo-massages-maison-211-81100-castres,,,,
https://www.sumupbookings.com/nails-passion,,,,
https://www.planity.com/ck-beauty-63260-aigueperse,,,,
http://www.v-pillot-bouhier.com/,,,,
http://www.visitesalinsdecamargue.com/,,,,
http://www.aigues-mortes-monument.fr/,,,,
http://www.amigoland.fr/,,,,
http://www.piscine-coque-gard.fr/,,,,
https://www.planity.com/letoile-30670-aigues-vives,,,,
http://www.acerfsformation.com/,,,,
https://www.parc-casse-noisette.com/,,,,
http://www.madmaze-experience.com/,,,,
http://www.ssr-stjoseph.fr/,,,,
https://www.aventureshauteloire.com/,,,,
https://leuphorie-luciebeal-socioesthetique.jimdosite.com/,,,,
https://www.heloise-palhier.fr/,,,,
http://www.tym-amandine.com/,,,,
http://www.linstitut43.fr/,,,,
https://www.annekarinecastellino.fr/,,,,
https://madameinstitut43.fr/,,,,
http://theleabienetre.fr/,,,,
https://ambralessia.fr/,,,,
http://www.kanake.fr/,,,,
https://www.noemie-brochard-massage-energetique-yourte.fr/,,,,
http://lacs-gorges-verdon.fr/,,,,
https://parasailing-sports.com/website/,,,,
https://www.aventures-et-nature.com/,,,,
https://www.digue-sud.fr/,,,,
http://www.spalermitage.com/,,,,
http://aventures-sudgironde.fr/,,,,
https://cle-des-sables.com/,,,,
https://www.domaine-le-herre.fr/,,,,
https://fermedepeyrot.fr/,,,,
http://www.reolaisensudgironde.fr/,,,,
https://bulle-de-detente.fr/,,,,
https://lysnaturo.fr/,,,,
https://aillonlejeune.com/piscine-municipale/,,,,
http://www.chamberymontagnes.com/aillonsmargeriaz/,,,,
https://www.aillons-margeriaz.com/station/pays-suspendu-geants,,,,
https://www.planity.com/lessence-espace-bien-etre-30470-aimargues,,,,
https://frmapsy.com/business/domaine-de-muria-2KIacP2s,,,,
https://familysparadise.fr/parc-gonflable-a-vauvert/,,,,
https://www.la-plagne.com/plagne-montalbert,,,,
https://www.la-plagne.com/la-plagne-vallee,,,,
https://www.ainay-le-chateau.fr/,,,,
https://hopital-novo.fr/ghi-vexin/,,,,
https://www.formationsmassageszenetbelle.com/?utm_source=gmb,,,,
https://www.paysdeslacs.com/,,,,
https://www.savoysignature.com/saccharumhotel/pt/restaurant-bars/calhau-beach-club/,,,,
http://www.terapiasrelaxantes.com/,,,,
http://letsrelaxthaimassage.com/,,,,
http://www.visitmirandela.com/pages/1266?geo_article_id=149,,,,
https://spa.massage.ivof.com/time-to-relax/,,,,
http://www.swandayspa.pt/,,,,
https://www.ecomassage.com/book-an-appointment,,,,
https://you.zappysoftware.com/arganiaspa,,,,
https://beira.pt/diretorio/praia-fluvial-coja/,,,,
http://www.grutasmiradaire.com/,,,,
https://www.cm-evora.pt/visitante/lazer-visitar/piscinas-municipais/,,,,
https://www.cm-evora.pt/locais/chafariz-da-praca-do-giraldo/,,,,
https://my.vilagale.com/public/menu/22,,,,
http://www.termasdafelgueira.pt/,,,,
https://www.cm-viseu.pt/index.php/diretorio/desporto/instalcoes-esp-desp-municipais/parque-despotivo-fontelo,,,,
https://bioparque.org/parque-aquatico/,,,,
http://www.cm-azambuja.pt/,,,,
https://hrespacodebeleza.netlify.app/,,,,
https://ferreiradoalentejo.pt/locais/posto-de-turismo/,,,,
https://ferreiradoalentejo.pt/locais/piscina-municipal-descoberta/,,,,
https://www.ferreiradoalentejo.pt/,,,,
https://www.museudemertola.pt/nucleos-exposicao/castelo-de-mertola/,,,,
https://www.lisboa.pt/pontos-de-interesse/detalhe/parque-recreativo-do-alvito,,,,
https://www.spamassagensalgarve.com/,,,,
https://www3.hilton.com/en/hotels/portugal/hilton-vilamoura-as-cascatas-golf-resort-and-spa-FAOHIHI/spa/index.html,,,,
https://linkbio.botrift.com/bio/algarvewellnessbyfilipe,,,,
https://azoresgps.com/,,,,
http://lagoa-acores.pt/,,,,
https://acorsonho.com/,,,,
http://www.europaradise-park.com/,,,,
https://www.cm-montemornovo.pt/locais/piscinas-recreativas-municipais/,,,,
https://ruinasromanasdabob.wixsite.com/geral,,,,
http://www.caldasdecarlao.com/,,,,
https://turismo.cm-terrasdebouro.pt/saude-e-bem-estar/,,,,
https://www.maison-albar-hotels-amoure.com/,,,,
https://turismo.cm-terrasdebouro.pt/,,,,
http://turismo.cm-terrasdebouro.pt/,,,,
https://pt.caudalie.com/boutique-caudalie-porto,,,,
https://www.meliabraga.com/spa-health-club/,,,,
https://pt.zappysoftware.com/m/templumsaudeebem-estar,,,,
http://cm-moncorvo.pt/,,,,
https://aquapolis.com.pt/praia-fluvial-foz-do-rio-sabor-moncorvo/,,,,
https://www.cm-castelobranco.pt/municipe/areas-de-acao/desporto-lazer/piscina-praia/,,,,
http://fundaodesporto.scl.pt/,,,,
https://termasdeportugal.pt/rede-termas/termas-caldas-de-manteigas,,,,
http://www.termas-caldasdearegos.com/index.php?option=com_content&view=article&id=61&Itemid=77,,,,
https://grupolago.pt/,,,,
http://www.gimnofisico.pt/,,,,
https://aquapolis.com.pt/parque-da-n-sra-da-ouvida-em-viadal-cepelos-vale-de-cambra/,,,,
http://aquapolis.com.pt/parque-urbano-da-cidade-de-vale-de-cambra/,,,,
http://www.caledooiro.com/,,,,
https://harmoniaspa.pt/,,,,
https://www.visitmourao.pt/504/castelo-de-mourao,,,,
https://www.centrosaude.pt/viseu/centro-de-saude-de-oliveira-de-frades-usf-lafoes,,,,
http://www.praiadasrocas.com/index.php/form_casa-do-tempo/,,,,
https://filmesp.wixsite.com/portal,,,,
https://medamares.com/,,,,
https://www.centrosaude.pt/castelo-branco/centro-de-saude-de-belmonte,,,,
http://cm-belmonte.com/?q=node/87,,,,
http://www.lusiberiaparque.com/,,,,
http://www.tiagosclinica.com/,,,,
http://www.bangkokspa.pt/,,,,
https://www.meliasetubal.com/spa-health-club/,,,,
http://www.rosacunhadayspa.com/,,,,
https://www.decathlon.pt/store-view/loja-de-desporto-montijo-0070034300343,,,,
https://feijao-verde.com/pt/montijo/,,,,
https://corpoalmaayurvedicspa.setmore.com/sojan,,,,
http://aquapolis.com.pt/praia-fluvial-do-vimieiro-penacova/,,,,
https://feijao-verde.com/pt/coimbra/,,,,
http://www.vogamomentos.com/,,,,
https://purityurbanspa.pt/,,,,
http://www.mm-sever.pt/,,,,
http://www.energydayspa.pt/,,,,
http://www.scapebyenfis.com/,,,,
http://www.dawncollectiveshala.eu/,,,,
https://www.decathlon.pt/store-view/loja-de-desporto-loures-0070033300333,,,,
http://www.amazingthai.pt/,,,,
https://longevitywellnessclinics.com/longevity-cascais/,,,,
https://www.holmesplace.com/pt/pt/clubes/cascais,,,,
http://www.sintrasol.com/,,,,
http://www.playocean.net/portugal/cascais/praias/piscina-oceanica-alberto-romano,,,,
http://www.playocean.net/portugal/cascais/praias/praia-da-arriba,,,,
https://www.vilagale.com/pt/destaques/spa-wellness/satsanga-spa-wellness,,,,
https://www.vilagale.com/pt-pt/hoteis-portugal/hoteis-costa-de-lisboa/vila-gale-estoril/#spa,,,,
http://thaiwayspa.pt/,,,,
https://www.asiantemplespa.com/,,,,
https://www.estorilintercontinental.com/spa/,,,,
https://www.asiantemplespa.com/index,,,,
https://restaurante.covermanager.com/grand-beach-club/,,,,
https://www.cm-vrsa.pt/pt/menu/179/praca-marques-de-pombal.aspx,,,,
https://thaimassagewell.com/,,,,
http://www.clinicapombalina.pt/,,,,
https://clinicaosteolifesport.buk.pt/,,,,
http://www.dreamawaythaimassage.com/,,,,
http://www.up2pico.pt/,,,,
https://desporto.cm-olhao.pt/menu/1349/piscinas-municipais,,,,
http://www.axiswellness.pt/,,,,
http://aquamuseu.cm-vncerveira.pt/,,,,
https://www.aguasdoporto.pt/noticias/parque-das-aguas,,,,
https://www.visitsealife.com/porto/,,,,
https://himalaiaspa.pt/,,,,
https://ritual-zen.wixsite.com/ritualzen,,,,
https://aguassublimes.pt/,,,,
https://visitmadeira.com/pt/o-que-fazer/exploradores-da-natureza/atividades/caminhadas/pr-9-levada-do-caldeirao-verde/,,,,
https://madeira.best/product/santa-cruz-bathing-complex/,,,,
https://www.castanheiroboutiquehotel.com/pt/til-spa/,,,,
https://www.rotadaluz.pt/castelo-de-paiva/lugares/baloico-de-sao-gens-castelo-de-paiva/,,,,
https://www.costadouro.pt/,,,,
http://www.fluviariomora.pt/,,,,
http://www.quintadaslagrimas.pt/,,,,
http://www.termas-caldasdearegos.com/index.php?option=com_content&view=article&id=62&Itemid=79,,,,
https://wondersd88.wixsite.com/scostaterapiasjapone,,,,
http://www.massagepeniche.pt/,,,,
https://www.alexsurfschool.com/,,,,
https://pt.joyosteopathyandyoga.com/the-ocean-clinic,,,,
http://www.mariadafonte.pt/,,,,
https://www.povoadelanhoso.pt/locais/piscina-municipal/?mp=679&mc=707,,,,
http://centroolgasilva.com/,,,,
https://www.cacopalmela.pt/,,,,
https://oazismassage.com/?utm_source=google&utm_medium=organic&utm_campaign=gbp_profile,,,,
https://momentslounge.netlify.app/,,,,
http://www.laguscampoeaventura.pt/,,,,
https://municipio.mondimdebasto.pt/,,,,
http://www.termasdevizela.com/,,,,
http://aquapolis.com.pt/parque-de-campismo-de-vouzela-parque-4-estrelas-e-certificacao-qualidade/,,,,
https://ochafariz.shop/,,,,
http://www.cm-portel.pt/,,,,
https://complexodeportivomonterrei.es/,,,,
http://piscinasdesjoyauxoeste.com/,,,,
http://www.spas-e-companhia.com/,,,,
https://www.roteirodoalqueva.com/poi/aqueduto-de-serpa,,,,
http://www.termasprexigueiro.com/,,,,
https://ceylonspa.pt/,,,,
https://visitbarquinha.pt/o-que-fazer/parque-de-escultura-contemporanea-almourol/,,,,
http://www.museu-coruche.org/,,,,
http://www.cm-coruche.pt/portal-do-investidor/observatorio-do-sobreiro-e-da-cortica,,,,
http://www.cm-coruche.pt/atividade-municipal/desporto/piscinasmunicipais,,,,
https://www.decathlon.pt/store-view/loja-de-desporto-faro-0070073000730,,,,
https://monchiquetermalresort.com/pt/monchique-spa-termal,,,,
https://www.visitalentejo.pt/pt/catalogo/detalhes_produto.php?id=521,,,,
https://www.vilagale.com/br/hoteis/alentejo/vila-gale-collection-alter-real,,,,
https://mcspaterapias.com/,,,,
http://www.cm-covilha.pt/,,,,
http://bpvidago.pt/,,,,
https://nature-relax-1.buk.pt/,,,,
http://www.moodz.pt/,,,,
http://www.aqualand.pt/,,,,
https://www.tiktok.com/@la_belle_be?_t=8eaR1vXDuCH&_r=1,,,,
https://physioclinicgroup.pt/,,,,
https://alinhadamente.com/homepage,,,,
https://www.holmesplace.com/pt/pt/clubes/miraflores,,,,
https://www.holmesplace.com/pt/pt/clubes/quinta-da-fonte,,,,
https://www.holmesplace.com/pt/pt/clubes/oeiras,,,,
http://jamor.ipdj.pt/,,,,
https://www.herouval.com/,,,,
https://www.nuit2spa.fr/,,,,
https://www.parc-lafontaine-enchantee.com/,,,,
http://www.chateaudebridore.fr/,,,,
http://www.saint-egreve.fr/19-parcs-espaces-verts.htm#par76,,,,
https://www.oceabul.fr/,,,,
https://basedeloisirsmonclar.com/,,,,
https://www.chambord.org/fr/,,,,
http://www.vcck41.com/,,,,
https://www.monein.fr/vivre-a-monein/culture-loisirs-sports/la-piscine/,,,,
https://www.exoloisirs.com/fr/content/exo-3d,,,,
https://www.decathlon.fr/store-view/magasin-de-sports-bourges-saint-doulchard-0070015600156,,,,
https://www.rendezvousbeautebychloe.fr/,,,,
https://www.mairie-brideslesbains.fr/3742-piscine-publique.htm,,,,
http://www.leo-parc-aventure.fr/,,,,
http://www.ledomainedejolio.com/,,,,
http://www.ville-bourges.fr/site/piscines,,,,
https://defiland.fr/bourges,,,,
http://www.zoo-champrepus.com/,,,,
https://ccrlp.fr/espace-aquatique/,,,,
https://www.lacdechampos.com/,,,,
http://www.bolleneaventure.com/,,,,
http://www.ventouxaventure.com/,,,,
https://www.encotentin.fr/bricquebec,,,,
https://www.normandie-paysdauge.fr/,,,,
http://centre-activites-nautiques-ouistreham.fr/,,,,
http://www.naturzoomervent.com/,,,,
https://www.decathlon.fr/store-view/magasin-de-sports-toulouse-escalquens-0070018800188,,,,
https://www.hotel-lescale.com/restaurant-bar,,,,
http://www.cc-vsa.com/culture-et-tourisme/lac-de-chassenon/,,,,
https://www.cite-espace.com/,,,,
https://www.sicoval.fr/preparer-mon-sejour/quoi-faire/les-piscines-du-territoire/,,,,
https://www.aquabasilea.ch/,,,,
http://www.agglo-colmar.fr/base-nautique,,,,
http://www.mulhouse-alsace.fr/fr/plan-eau-piscine-reiningue,,,,
http://sport.belfort.fr/sport-pour-tous/piscines-et-patinoire-1236.html,,,,
https://www.hauts-de-seine.fr/le-parc-de-lile-saint-germain,,,,
http://www.chateau-saintgermain.com/,,,,
http://www.linstitut-niort.com/,,,,
http://www.krounebierg.lu/,,,,
https://institut-la-parenthese.fr/,,,,
https://www.montdemarsan-tourisme.com/montdemarsan-la-parenthese-inattendue/les-incontournables/profiter-de-la-base-de-loisirs/,,,,
https://www.sportezvousbien.com/,,,,
https://paintball-lasabliere.com/,,,,
http://www.balagne-corsica.com/la-vallee-du-fango-et-sa-riviere.html,,,,
https://www.oceanfun.fr/,,,,
https://www.chateaudetrecesson.com/,,,,
https://www.coeurdemaurienne-arvan.com/tourisme-et-loisirs/centre-nautique/,,,,
http://www.grandfilon.net/,,,,
http://www.optimum-loisirs.com/,,,,
http://www.loasisdetente.fr/,,,,
http://www.forezaventures.fr/,,,,
http://www.ville-montbrison.fr/,,,,
http://www.lavalleedeskorrigans.fr/,,,,
http://www.estuairesillontourisme.fr/,,,,
http://www.airparc-perigord.com/,,,,
https://www.univerland.eu/,,,,
http://parc-aventure-65.fr/,,,,
http://www.vertigedeladour.com/,,,,
https://www.monastere-saorge.fr/,,,,
https://bruay.trampojump.fr/,,,,
http://www.bruaylabuissiere.fr/contact,,,,
https://www.levillagedesfous.com/,,,,
https://www.ozen-spa.fr/,,,,
https://ozen-spa.fr/institut-beaute-hommes-femmes-montauban/,,,,
https://www.wampark.fr/base-de-loisirs-montauban-bressols/,,,,
http://www.mairie-sanvigneslesmines.fr/vivre_culture.html#equipement,,,,
https://vosges-portes-alsace.fr/,,,,
https://cahorsagglo.fr/divoneo?field_categorie_annuaire_tid=1058,,,,
http://vita-lise.fr/,,,,
https://www.parcbabyreve.fr/,,,,
http://www.largoet.com/,,,,
https://www.terresdaveyron.fr/,,,,
https://www.saint-colomban.com/,,,,
http://www.maurienne.fr/fr/il4-equipement_i551829-plan-d-eau-de-baignade.aspx,,,,
http://www.aloa-nature.fr/,,,,
https://sites.google.com/mangareva.fr/penichemangareva,,,,
https://www.domaine-saint-cloud.fr/agenda/musee-historique,,,,
https://webzinevoyage.fr/plan-eau-lac-sainte-croix-volvestre-ariege/,,,,
https://www.ch-mauvezin.fr/,,,,
http://www.gondrinparcdeloisirs.com/,,,,
http://www.odetloisirs.com/,,,,
http://www.lacclement-fishinginfrance.com/,,,,
http://www.pharedesbaleines.com/,,,,
http://www.parc-des-dunes.com/,,,,
https://www.pays-ancenis.com/sorties-et-loisirs/du-cote-de/piscines-et-zones-de-baignade/centre-aquatique-jean-blanchet-ancenis,,,,
https://www.cliniques-ster.fr/,,,,
http://goaquaadventure.com/,,,,
http://www.camping-lenational6.com/,,,,
http://www.plessis-josso.com/,,,,
https://www.siamspa.fr/,,,,
http://www.baseloisirscasteraverduzan.com/,,,,
https://www.wampark.fr/orange-piolenc/,,,,
https://www.le2222.fr/accueil,,,,
http://waterploof.com/,,,,
https://www.selestat-haut-koenigsbourg.com/?utm_source=Google&utm_medium=GoogleMyBusiness&utm_campaign=Selestat,,,,
http://lac-de-canotage.lany.io/,,,,
https://wittisheim.fr/Decouvrir/Plan-eau-KOBA.html,,,,
https://www.portminiature-saintsavinien.fr/,,,,
http://www.teleskisaujon.fr/,,,,
http://www.ludiparc.com/,,,,
http://funtrip-canyoning.fr/,,,,
http://www.canyoning06.com/,,,,
http://www.chateausully.fr/,,,,
http://www.parc-jeux-petit-delire.com/,,,,
http://www.hopital-sully.fr/,,,,
http://www.lagrandmaison.com/,,,,
https://www.leboisdeslutins24.com/,,,,
http://centpourcentloisirs.com/,,,,
https://www.centerparcs.fr/fr-fr/france/fp_CH_vacances-les-hauts-de-bruyeres,,,,
https://nice-villeneuve-loubet.leboisdeslutins.com/fr/,,,,
https://pitchounforest.com/,,,,
https://ovannades.com/,,,,
http://www.lavillapleinvent.com/,,,,
http://shiatsu-alencon.wixsite.com/thierry-johnson,,,,
https://www.fun-parc-brumath.fr/activites-aquatiques/teleski-nautique/,,,,
https://www.bourbonlarchambault.com/camping-municipal,,,,
http://www.lacaille.org/,,,,
http://www.heliosjonzac.com/,,,,
https://www.mileade.com/destinations/campagne/cambo-les-bains/?utm_source=google&utm_medium=uberall,,,,
http://www.papoos-lesjeux.com/,,,,
https://touptigym-strasbourg.fr/,,,,
http://www.vosges-portes-alsace.fr/,,,,
https://bordeaux.caliceo.com/,,,,
https://www.bordeaux.fr/piscine-du-grand-parc,,,,
http://circuit-jet-ski.com/,,,,
https://www.tourisme-lorraine.fr/destinations/parc-naturel-regional-de-lorraine/ou-observer-les-oiseaux/940005763-parc-de-l-abbaye-de-senones,,,,
http://www.divertiparc.com/,,,,
http://lespadecaroline.fr/,,,,
http://www.larecredes3cures.com/,,,,
http://www.domainederubiou.com/,,,,
https://www.centerparcs.de/de-de/deutschland/fp_BT_ferienpark-park-bostalsee/aqua-mundo?utm_campaign=Maps_DE_Park_Bostalsee&utm_medium=Maps&utm_source=google,,,,
https://www.maeva.com/fr-fr/residence-cap-glenan---maeva-particuliers_57408.html?utm_source=google_business&utm_medium=organic&utm_content=gmb,,,,
http://www.exoloisirs.com/,,,,
http://chezcathyetmichel.fr/,,,,
http://www.chateau-de-val.com/,,,,
https://au-creux-des-montagnes.com/,,,,
http://nauticlub.fr/,,,,
https://www.spaycificzoo.com/?utm_source=gmb,,,,
https://www.mileade.com/destinations/neige/chapelle-des-bois-hiver/,,,,
https://www.groupe-raulic.com/,,,,
http://aquario.club.free.fr/,,,,
https://ars-trevoux.com/,,,,
https://ars-trevoux.com/decouvrir/de-belles-surprises/bienvenue-en-principaute/le-parlement-de-dombes/,,,,
https://ars-trevoux.com/decouvrir/de-belles-surprises/bienvenue-en-principaute/experimentez-au-musee-trevoux-et-ses-tresors/,,,,
https://ch-valreas.fr/,,,,
https://ghtarmor.bzh/les-etablissements/ch-lannion-trestel/?utm_source=gmb,,,,
http://www.hotel-miramar.org/,,,,
http://www.bretagne-cotedegranitrose.com/,,,,
https://www.campingcarpark.com/fr_FR/sejour/aire-etape-camping-car/bretagne/22-cotes-darmor/trevou-treguignec,,,,
http://www.lepetitarrigade.fr/,,,,
http://www.machja-zitellina.fr/,,,,
https://all.accor.com/lien_externe.svlt?goto=fiche_hotel&code_hotel=2320&merchantid=seo-maps-FR-2320&sourceid=aw-cen&utm_medium=seo%20maps&utm_source=google%20Maps&utm_campaign=seo%20maps,,,,
http://www.ferme-auberge-du-hinteralfeld.com/,,,,
http://museeartisanat.fr/,,,,
https://www.decathlon.fr/store-view/magasin-de-sports-dinan-taden-0070072000720,,,,
https://ballondalsaceaventure.com/,,,,
http://www.dinanjump.fr/,,,,
https://www.dinan-agglomeration.fr/activites-et-loisirs/sports/piscines/les-canetons/,,,,
http://www.o-parc.fr/,,,,
https://www.vacances-naturistes.com/,,,,
https://www.pierreetvacances.com/fr-fr?utm_source=google&utm_medium=Maps&utm_campaign=Maps_FR_Pierre_Vacances_Tourisme,,,,
https://www.greengo.voyage/,,,,
https://maxaventure-tignieujameyzieu.fr/,,,,
https://www.sakura-institut.fr/,,,,
https://www.toukylandvaldereuil.fr/,,,,
https://www.tngcablepark.com/,,,,
http://www.lepredespitchouns.fr/,,,,
http://www.parcdesaintcyr.com/,,,,
https://www.futuroscope.com/,,,,
http://www.tignes.net/,,,,
https://www.tignes.net/activites/ete/acroland,,,,
http://www.leclosduvieuxmoulin.fr/,,,,
https://instantpresentaurelie.com/,,,,
http://sante-naturolis.fr/,,,,
http://www.plopsaquadepanne.be/,,,,
https://www.planity.com/lenvol-des-sens-59123-zuydcoote,,,,
https://www.villanoorspa.com/,,,,
https://www.obain-nordique.com/,,,,
http://www.obb-bienetre.fr/,,,,
https://www.rdv360.com/escale-detente-,,,,
http://www.naturospaetpopartspa.com/,,,,
https://www.unebulledebiennaitre.fr/,,,,
http://www.instantdebeatitude.fr/,,,,
https://www.zyogaworld.com/,,,,
https://majorel.mg/,,,,
https://www.domainesubervieetspa.com/,,,,
https://www.institut-bullevasion.com/,,,,
http://www.xn--fryland-byaa.fr/,,,,
https://www.ledoucocondelea.fr/,,,,
https://www.lessoinsdelylia.com/,,,,
https://www.corsicamadness.fr/,,,,
http://www.zonza-saintelucie.com/,,,,
https://www.les-aiguilles-de-bavella.fr/,,,,
http://www.atyroliana.com/,,,,
https://www.atyroliana.com/,,,,
https://aiguillesdebavella.fr/polischellu/,,,,
http://www.xtremsud.com/,,,,
http://www.bavellacanyon.com/,,,,
http://www.sporsica.fr/,,,,
https://helenedebray.com/,,,,
https://www.planity.com/eflorsen-20144-ste-lucie-de-porto-vecchio?utm_source=gmb,,,,
https://www.douceplume.net/,,,,
https://www.benedicteesthetiqueadomicile.com/,,,,
https://www.planity.com/dolce-serenita-20137-porto-vecchio,,,,
https://beb-bien-etre.com/,,,,
http://www.mulhouse-alsace.fr/fr/stade-nautique,,,,
https://www.laurore-pratiques-bien-etre.com/,,,,
http://lacaveauxmots.free.fr/divers/cadre_H.htm,,,,
https://www.lesmainsdedoro.fr/,,,,
http://colette-zimmersheim.com/,,,,
https://www.m2a.fr/sports-loisirs/piscines-et-plan-deau/piscines-illberg-mulhouse/,,,,
https://nina-medium-canal.fr/,,,,
http://parc-animalier-corse.com/,,,,
https://www.oasis-santa-giulia.fr/,,,,
https://litofr.click/taravu-resort-jihbby,,,,
http://www.gustidicorsica.com/fr/7-285/producteur/andreucci.html,,,,
https://www.campobienetre.corsica/,,,,
http://www.moselle-attractivite.fr/,,,,
https://www.lindispensablebeaute.fr/,,,,
https://aromamade.com/pro/alienore-massage,,,,
https://www.planity.com/douceur-de-soi-67140-zellwiller,,,,
https://www.lemondedemargot.fr/,,,,
https://www.deny-diemer.com/,,,,
http://www.espace-zen.net/,,,,
https://www.lapause-bienetre.fr/,,,,
http://linstantdeschamps.fr/,,,,
http://babyspaleberceaudesanges.fr/,,,,
https://bienetreetgratitude.my.canva.site/,,,,
http://jessicadcorpsameesprit10.booksy.com/a/,,,,
http://www.restaurant-corse-zalana.com/,,,,
https://www.thermes-dax.com/sourceo/le-spa/,,,,
https://www.planity.com/ma-bulle-par-celine-80620-domart-en-ponthieu,,,,
https://adora-massages.com/,,,,
http://espace-forme-sante.fr/,,,,
https://centrethermal.laroche-posay.fr/L-Eau-et-la-peau/Notre-boutique-sur-place,,,,
https://centrethermal.laroche-posay.fr/,,,,
http://www.espaceduninstant.fr/,,,,
https://www.bricomarche.com/magasin/yzeures-sur-creuse/02044?store=02044&utm_source=gmb,,,,
https://evasionbeautelarocheposay.fr/,,,,
https://defiland.fr/moulins,,,,
https://www.planity.com/institut-hamameliz-03400-yzeure,,,,
https://svelteo.fr/svelteo-moulins/,,,,
https://www.plateaudyzeron.com/,,,,
https://fantasticable-lyon.com/,,,,
https://www.kyudo-toulouse.com/kyudojo-de-maulevrier/,,,,
https://www.luminssens.com/,,,,
https://www.planity.com/eleona-esthetic-49360-maulevrier,,,,
https://www.kampana-abha.fr/,,,,
https://lesmaisons-o.fr/,,,,
http://www.linstantzen.net/,,,,
https://www.planity.com/berang-hair-49360-yzernay-wrq,,,,
http://la-ferme-du-petit-bout.ffe.com/,,,,
http://ocoeurdelafamille3.wixsite.com/curdelafamille,,,,
http://www.lecheminverssoi.online/,,,,
https://hammambienetrelle.fr/,,,,
https://monmomentspa.com/mon-moment-spa,,,,
https://www.la-spa.fr/etablissement/refuge-spa-dyvre-leveque-le-mans/,,,,
https://www.centresouffledevie.fr/,,,,
https://www.bulledospabebe.fr/?utm_source=google&utm_medium=wix_google_business_profile&utm_campaign=17841574300688539127,,,,
http://www.naturasens.fr/,,,,
https://www.massage-anahata.net/,,,,
https://vitaline-institut.fr/,,,,
https://www.ctdekracampus.fr/,,,,
http://www.espacebeautecapucine.sitew.fr/,,,,
https://www.linstantbienetre-par-marine.fr/,,,,
https://my-sage.reservio.com/booking,,,,
https://solidenbienetre.com/,,,,
https://jardin5sens.net/,,,,
http://www.visit-yvoire.com/yvoire-top-10-choses-a-faire/chateau-yvoire/,,,,
https://www.destination-leman.com/fiche/domaine-de-rovoree-la-chataigniere-bcC0224BJ0Clrg2uE6Go/,,,,
https://www.omayaka.com/,,,,
https://www.gulli-parc.com/nos-parcs/rouen-docks-76/?utm_source=google&utm_medium=organic&utm_campaign=mybusiness-website,,,,
http://thalasso-family.fr/,,,,
https://www.kumariayurveda-bretagne.com/,,,,
http://www.everblue.com/concessionnaires/,,,,
https://lesvoyagesharmoniques.fr/,,,,
https://autourducorpsmr.com/,,,,
http://www.sparosedessables.fr/,,,,
https://www.planity.com/latelier-douce-heure-50700-valognes,,,,
http://www.celine-avoyne.fr/,,,,
https://msthetique.fr/,,,,
http://secret-de-femme.fr/,,,,
https://www.marionnaud.fr/magasin/marionnaud-yvetot,,,,
http://www.monptitparadis.fr/,,,,
http://www.oasisinstitutdebeaute.fr/,,,,
https://www.lineabeauty.me/,,,,
http://www.beauty-concept.fr/,,,,
https://xn--massages-et-vasion-sensorielle-by-cathy-mpd.fr/,,,,
https://www.planity.com/novaderm-57970-yutz,,,,
https://anaisfacialiste.fr/,,,,
https://www.ville-yutz.fr/,,,,
http://www.institutzenattitude.fr/,,,,
https://www.studiom57.fr/,,,,
https://www.institut-kalys.fr/,,,,
https://sites.google.com/view/suryamassagebienetre/accueil,,,,
https://centreaquatique.caba.fr/espace-esthetique,,,,
http://www.eveildessens15.fr/,,,,
http://leitdespabeaute.fr/,,,,
https://happycreative.fr/,,,,
https://www.uneheurepoursoi.com/institut/aurillac/,,,,
https://spaandgrill.fr/,,,,
https://massonaturopathecantal.wordpress.com/,,,,
http://www.soa-bien-etre.fr/,,,,
http://www.quintessence-elodiecorreze.com/,,,,
https://www.glowbyfanny.fr/,,,,
https://www.luneetmatrescence.com/,,,,
https://www.terredaccueil.fr/,,,,
https://www.planity.com/douceur-de-soi-63360-lussat,,,,
https://bharmony.fr/,,,,
http://sahilaleveildesoi.fr/,,,,
https://lachambredalice.com/,,,,
https://elfinea-institut.fr/,,,,
https://bellissimaspa.kalendes.com/,,,,
http://www.institut-cocon-nature.fr/,,,,
http://www.institut-artmonie.fr/,,,,
https://www.planity.com/moment-m-institut-spa-63430-pont-du-chateau,,,,
http://servaisclaire.wixsite.com/lesangeslecampagnard,,,,
https://piscines-freedom-ouest.com/,,,,
https://app.flexybeauty.com/l_atelier-du-bien-etre_,,,,
http://www.woody-park.com/,,,,
https://instantbiozen.wixsite.com/instantbiozen/,,,,
https://www.fecamptourisme.com/,,,,
https://reservationbeaute.fr/institut-blackpearlspa-lezoux/institut-onglerie-massage-lezoux-63190-esthetique-,,,,
https://www.planity.com/head-spa-by-dounia-treon-28500,,,,
https://www.la-spa.fr/hermeray,,,,
http://bienesta.fr/,,,,
https://www.nettoyagecryogenique-centre-ouest.com/,,,,
http://odilefolgado.fr/,,,,
https://www.projetsjardin.fr/,,,,
https://www.plandeaudevieure.fr/,,,,
https://www.chateauygrande.fr/fr/restaurant-saveurs-gastronomie-auvergne?utm_source=google&utm_medium=organic&utm_campaign=fiche,,,,
https://www.ecuriesduchateaudygrande.com/?utm_source=google&utm_medium=organic&utm_campaign=mybusiness,,,,
https://www.planity.com/cela-bien-etre-40140-soustons,,,,
https://www.cote-ouest-restaurant-ygos-saint-saturnin.fr/,,,,
http://www.armor-multiflammes.com/,,,,
https://www.saintbrieuc-armor-agglo.bzh/sortir-et-decouvrir/faire-du-sport/les-piscines/la-piscine-aquaval,,,,
https://www.equi-22.fr/,,,,
https://equivalenza.fr/?aff=yffiniac,,,,
https://www.therapie-constellationfamiliale.com/,,,,
http://poidevin-magnetiseur.fr/,,,,
https://arboretumyffiniac.wordpress.com/,,,,
https://www.planity.com/maison-leonia-10000-troyes,,,,
http://www.campingbrou.fr/,,,,
https://www.campingbrou.fr/,,,,
http://www.carlonluxuryrentals.com/,,,,
https://www.grandpithiverais.fr/,,,,
https://www.buranthai.fr/,,,,
https://www.aupetitsoindisabelle.fr/,,,,
https://www.planity.com/evasion-et-beaute-76760-yerville,,,,
https://www.laurentine-tranchard.com/?utm_medium=referral&utm_source=gmb&utm_campaign=lnk-gmb,,,,
http://www.escapadenormande.com/,,,,
http://www.dusauls.fr/,,,,
https://www.pointp.fr/infos-agence/yerville-point-p-3949,,,,
https://www.maisoncaillebotte.fr/,,,,
https://www.yerresloisirs.fr/,,,,
https://www.salondemerveillebeauty.com/,,,,
http://www.reflexologie-massages-brunoy.fr/,,,,
https://www.jfg-clinic.com/nos-centres/jfg-clinic-yerres,,,,
https://www.wellengo.com/fr/pro/Escale-Massages,,,,
http://www.ozenetre.com/,,,,
https://www.douceheuresetparentalite.com/,,,,
http://www.aurelia-esthetique-yerres.fr/,,,,
http://lodeauxvoyages-massages.fr/contact.html,,,,
https://www.douxmomans.com/,,,,
https://virginiezenhealthy.fr/,,,,
http://www.isisbeaute.fr/,,,,
https://atelier-art-en-soi.fr/,,,,
https://calme-et-serenite7.wixsite.com/website-1,,,,
https://www.kelldouceheure.fr/,,,,
https://dentduchat.com/,,,,
https://www.planity.com/anne-institut-de-beaute-76640-yebleron,,,,
https://madianachabaud.com/,,,,
http://www.serenityreflexologieetbienetre.fr/,,,,
https://institut-fleur-de-lys.com//,,,,
https://relaxetvous40.com/titre,,,,
https://studioabhyanga.my.canva.site/abhyangabienetre,,,,
http://lecentredegaia.com/,,,,
https://cabinet-massage-mederle.fr/?utm_source=gmb,,,,
https://hammam-et-traditions-nancy.com/,,,,
https://www.auxenergiesduwakinyantanka.fr/,,,,
https://www.aquasirouna.fr/,,,,
https://tan-thai-bien-etre-59.webselfsite.net/,,,,
https://www.planity.com/c-s-head-spa-dexception-a-nancy-54000,,,,
https://www.fresha.com/book-now/chang-thai-massage-bien-etre-tz569812/all-offer?share=true&pId=2822634,,,,
https://visitgrandest.com/cascade-du-gue-du-saut,,,,
http://payhip.com/Adelaya,,,,
https://www.magasin-point-vert.fr/magasin/xertigny,,,,
http://www.thiriatjp.com/,,,,
https://www.tourisme-epinal.com/,,,,
https://pharmacies.pharmaciengiphar.com/grand-est/vosges/xertigny/pharmacie-des-coquelicots-1166,,,,
http://linstantbienetre54.wixsite.com/accueil,,,,
http://www.isabelle-relaxation-massage.profeel.fr/,,,,
https://www.lescheminsrelaxants.fr/,,,,
https://www.planity.com/look-beaute-85240-saint-hilaire-des-loges,,,,
https://epionenature.com/,,,,
https://meassaa.jimdofree.com/,,,,
https://www.mabullededetente.com/,,,,
https://cecilechabenat.fr/,,,,
https://www.romatherapie.com/,,,,
https://musee-outil-valdoise.fr/,,,,
https://lanourotteguiry.fr/,,,,
https://gaufre-de-sophie.jimdosite.com/,,,,
http://www.mathildemassage.com/,,,,
http://www.ilera68.com/,,,,
http://www.erlebnisbad-calypso.de/,,,,
https://www.sun-modelage.fr/,,,,
https://www.ot-molsheim-mutzig.com/a-voir-a-faire/activites-de-loisirs/jeux-exterieur/F218006266_le-paradis-des-enfants-molsheim/,,,,
http://planity.com/anne-headspa-67120-wolxheim,,,,
http://www.emilyschmitt.fr/,,,,
https://orangemassage.wixsite.com/orange-massage/home,,,,
https://www.lantresoi.com/,,,,
https://sites.google.com/view/massage-bien-etre-kedsara,,,,
https://www.manodiamassages.com/,,,,
http://www.deangelis-shiatsu.com/,,,,
https://sites.google.com/view/au-paradis-bleu-bien-etre/accueil,,,,
https://www.institut-oberhausbergen.marycohr.com/,,,,
http://www.wolfisheim.fr/,,,,
https://www.fitnesspark.fr/club/wolfisheim/?utm_medium=Local_Inventory&utm_source=GMB&utm_campaign=Wolfisheim&utm_content=Yext,,,,
http://www.plaisirs-equestres-wolfi.fr/,,,,
http://be-vitality.net/,,,,
https://www.centre-lombard.fr/,,,,
https://www.knauf.fr/,,,,
https://restaurant-kastenwald.fr/,,,,
https://www.bougiesluciol.fr/,,,,
http://www.lepanierfraicheurbio.fr/,,,,
https://www.eternal-rejuveness.com/,,,,
https://beautybymila.fr/,,,,
http://www.cryeo.fr/,,,,
http://www.baeder-woerth.de/,,,,
https://www.sensationdo.com/,,,,
http://tendres-bulles-sarreguemines3.webnode.fr/,,,,
https://koazen-massage.fr/,,,,
http://latelierbienetre.net/,,,,
http://lombredessens.fr/,,,,
http://www.massages-girard.fr/,,,,
https://cala-spa.de/,,,,
http://studio-harmonie.fr/?utm_source=gmb,,,,
http://www.institutmaparenthese.fr/,,,,
https://www.planity.com/extensions-de-cils-ongles-lili-lashes-kochersberg-67370-wiwersheim,,,,
https://www.centerkids68.com/,,,,
https://olympform.com/,,,,
https://www.taterapi-altkirch.fr/,,,,
https://www.svelteo.fr/,,,,
https://www.ghrmsa.fr/presentation/nos-sites/altkirch-428.html,,,,
https://www.dietplus.fr/centres/altkirch/,,,,
http://bien-etre-obernai.com/,,,,
https://www.welita-bien-etre.fr/soins/,,,,
https://magalimassagesbien.wixsite.com/massages,,,,
https://www.planity.com/essential-sense-67880-krautergersheim,,,,
https://www.decathlon.fr/store-view/magasin-de-sports-wittenheim-kingersheim-0070006700067,,,,
https://www.gulli-parc.com/nos-parcs/mulhouse/?utm_source=google&utm_medium=organic&utm_campaign=mybusiness-website,,,,
https://www.biglittle.fr/,,,,
https://xperience-park.com/,,,,
https://www.poney-club-amazones.fr/,,,,
https://mulhouse-wittenheim.climb-up.fr/,,,,
http://headspamulhouse.fr/,,,,
http://www.bienetre-dessens.fr/,,,,
http://www.institutlesfleursdubien.fr/,,,,
https://la-fee-du-bidou.fr/,,,,
http://www.cmalignebeaute.com/,,,,
https://amaetsens.fr/,,,,
https://www.medoucine.com/consultation/mulhouse/helene-hurault/15817,,,,
http://institut-fleur-de-femme83.booksy.com/,,,,
https://frmaps.xyz/business/institut-celeste-wittenheim-EpqQ3NiQ,,,,
https://www.baby-spa.fr/,,,,
https://www.planity.com/magic-touch-beauty-68270-wittenheim,,,,
https://theglow-beautybar.com/,,,,
https://calendar.app.google/ZXvHs5piYBJ4AM1eA,,,,
https://www.institut-glamour.fr/,,,,
https://lesmedecinesdoucesdannick.fr/,,,,
https://elobeaute.odoo.com/accueil,,,,
https://ladresse-wellness.fr/,,,,
https://cocondecamille.fr/,,,,
https://www.nbjardinsetspas.fr/,,,,
https://www.spa-bewell.com/,,,,
https://rencontre-loisirs-wittelsheim.fr/,,,,
http://witry-esthetics.com/,,,,
http://www.intemporelle-institut.fr/,,,,
http://graindesevcoach.com/,,,,
https://sabaideethai-massage.fr/,,,,
https://www.planity.com/institut-emeline-b-67160-wissembourg?fbclid=IwVERDUARUAUtleHRuA2FlbQIxMABzcnRjBmFwcF9pZAo2NjI4NTY4Mzc5AAEeyhlDImrA1F-psRPq_7MbiYh0S6odpIFAjmadzNriBvHA7FVqtOKRYv3Rozk_aem_0VsyXQki0WDovTUmTwgUPg,,,,
http://www.planity.fr/,,,,
https://www.anne-et-frimouss.com/,,,,
https://anahatareikiln.wixsite.com/my-site-1,,,,
https://www.planity.com/la-boutique-a-beaute-67160-wissembourg,,,,
https://beautybienetre.booksy.com/,,,,
https://www.planity.com/la-canopee-67160-wissembourg,,,,
http://www.ch-wissembourg.fr/,,,,
http://www.mhfitline.com/,,,,
http://www.pharmaciedelapaix.alsace/,,,,
https://www.pharmaciecentrale-wissembourg.fr/,,,,
https://www.ch-wissembourg.fr/,,,,
https://www.pilatesreformer67.com/,,,,
https://www.leperebaptiste.com/,,,,
http://www.harmonie-des-sens.com/,,,,
https://reservationbeaute.fr/afleurdepeau55400?utm_source=gmb,,,,
https://auxmainsdadeline.fr/,,,,
http://lintemporelle88-spa.fr/,,,,
https://aquafitness-colmar.com/,,,,
https://www.colmar.fr/stade-nautique,,,,
https://bienvenue-au-monde.fr/,,,,
http://www.aureasuitespa.com/,,,,
https://clemauxmainsdargen.wixsite.com/clemauxmainsdargent,,,,
http://www.instinctmaternel.fr/,,,,
https://www.planity.com/un-temps-pour-soi-67290-wingen-sur-moder,,,,
https://www.myletunsens.com/,,,,
http://www.formenatureetbeaute.fr/,,,,
https://associationzenit.wixsite.com/association-zen-it,,,,
http://www.ciav-meisenthal.fr/,,,,
https://www.moulay-yacoub-vichy-thermalia-spa-hotel.fr/fr,,,,
https://evasionbabyspa.fr/,,,,
https://www.beautezenhaguenau.fr/,,,,
https://jardins.boulogne-sur-mer.fr/,,,,
https://www.milleetunspa.fr/,,,,
https://loexis-bien-etre-naturel.jimdosite.com/,,,,
https://www.l-heure-doree.fr/,,,,
http://www.boulonnaisautop.com/,,,,
https://www.club-nautique-wimereux.com/,,,,
http://www.cathie-bienetre.fr/,,,,
http://lesalondefaustine.myshopify.com/,,,,
https://www.lumstudio.fr/,,,,
https://www.bullededouceurbymarion.fr/,,,,
http://spaetdesir.fr/,,,,
https://www.dermaglowbylc.fr/,,,,
https://www.eauetdesign.fr/,,,,
http://www.institutparenthesebeaute.fr/,,,,
https://vanessgal67.wixsite.com/esprit-bien-etre,,,,
http://www.zenattitudesoinsducorps.com/,,,,
https://www.naitreetseveiller.fr/,,,,
https://www.vhcobbles.fr/,,,,
https://la-fritalienne-willerval.eatbu.com/?lang=fr,,,,
http://socoif.com/,,,,
https://chloebaude5.wixsite.com/monsite,,,,
https://charlottebienetre.booksy.com/,,,,
https://ecuriedumoulin-widensolen.com/,,,,
https://miroirdesoi.fr/,,,,
https://www.massagesacre.fr/,,,,
https://instemps-zen.fr/,,,,
http://www.irresistiblementbelle.fr/,,,,
https://douceheure.my.canva.site/,,,,
https://www.massagesessentielles.com/,,,,
https://www.institutnaturetre.fr/,,,,
https://www.bio.site/linstant_serenite,,,,
https://au-sens-pur.com/,,,,
http://www.labullezenmassage.fr/,,,,
https://joliejeunesse.fr/,,,,
http://www.funny-world.de/,,,,
https://bio.link/relaxetmoi,,,,
https://pasithea-relaxation.com/,,,,
http://www.quintessence-institut.fr/,,,,
https://aromamade.com/pro/linstemps-de-letre,,,,
https://douceuretnature.com/,,,,
http://www.puravidawellness.be/nl/,,,,
https://www.planity.com/linstant-precieux-59117-wervicq-sud-l10,,,,
https://alabonnesonnette.net/fr/love-spa-nature-et-repos,,,,
https://www.kleinewellnessoase.de/index.html,,,,
http://douai-spa.fr/,,,,
http://www.parcdeloisirsjacquesvernier.fr/,,,,
http://waziers.fr/loisirs/promenade/parc-bernicourt,,,,
https://au-coeur-des-mains-massage.fr/,,,,
https://www.institut-douai.guinot.com/,,,,
https://esthetic-maisondivine.fr/,,,,
https://www.ina-minceur.com/,,,,
http://luxe-evasion.fr/,,,,
https://www.apaisame-massage.fr/,,,,
https://www.afleurdepeaupascaline.fr/,,,,
http://www.un-ptit-coin-de-paradis.fr/,,,,
https://www.planity.com/ink-story-lhexode-spa-62138-douvrin,,,,
https://rdvenligne.dylentab.fr/0321416623/,,,,
https://www.wavland.fr/,,,,
http://lamaison-zen.fr/,,,,
https://aleveildessensbycatherine.fr/,,,,
http://www.ch-wattrelos.fr/,,,,
https://physioactive-wattrelos.monrdvkine.fr/,,,,
http://www.bonita-esthetique.com/,,,,
http://www.piscinelesdauphins.be/,,,,
https://www.wattrelos-decouvertes.com/visites-excursions/parc-du-lion/,,,,
https://www.rdv360.com/ma-bulle-bien-etre-7712-herseaux,,,,
http://www.heritagetherapie.com/,,,,
http://www.les-sens-ciel.be/,,,,
http://www.wellness-azurea.com/,,,,
https://www.planity.com/o-head-spa-villeneuve-dascq-59650,,,,
https://www.ephelide-institut-beaute-wattignies.fr/,,,,
http://www.bansawadee.com/,,,,
http://www.nature-et-soins-beaute.fr/,,,,
http://stephaniecollignon.com/,,,,
https://douceheure-beaute.fr/,,,,
https://centrelaserduparc-wattignies.fr/,,,,
https://www.gammvert.fr/magasins/magasin-village-de-wassy?utm_source=GMB&utm_campaign=Multidiffusion&utm_medium=local&utm_content=1026374,,,,
https://cm-naturopathe-wassy.fr/,,,,
http://www.bolle-herbin.com/,,,,
https://www.pharmaciedelablaise.com/,,,,
https://monrituelbeaute-67.net/,,,,
https://www.mademoisellebronn.fr/,,,,
https://www.terredebeautewasquehal.fr/,,,,
http://www.watphowellness.fr/,,,,
https://www.bodyminute.com/instituts/wasquehal-3662/?utm_source=gmb,,,,
http://www.pharaonbienetre.fr/,,,,
http://www.laparenthesedaurelie.com/,,,,
https://myzenitude.fr/,,,,
https://www.planity.com/massage-renata-croix-59170,,,,
https://www.sensetmondes.fr/,,,,
https://www.slowly-institut.fr/,,,,
https://welfospa.simplybook.it/,,,,
https://www.centre-regenair.com/,,,,
http://www.lesprit-soin.fr/,,,,
https://www.thermae.com/nl/thermae-grimbergen,,,,
https://www.groupe-ugecam.fr/crfe-de-warnecourt,,,,
http://marjozenitude.fr/,,,,
https://www.planity.com/carre-bien-etre-51110-bazancourt-jqz,,,,
http://www.thyastudio.fr/,,,,
http://www.escalebienetre.be/,,,,
https://bit.ly/31bfivw,,,,
http://www.atspasenartois.fr/,,,,
http://www.corzeame59.fr/,,,,
https://s-spa59167.hubside.fr/,,,,
https://bulleoriginelle.fr/,,,,
https://bulleoriginelle.fr/sophrologie/,,,,
https://www.cathybultez.com/?utm_source=google&utm_medium=wix_google_business_profile&utm_campaign=6607720550318991203,,,,
https://minamazet.fr/,,,,
https://www.massage-xavier.fr/,,,,
https://www.labioattitude.com/,,,,
https://sunpalace-lawantzenau.fr/,,,,
https://gites-wangenbourg.alsace.eu/,,,,
https://www.centerparcs.de/de-de/deutschland/fp_AG_ferienpark-park-allgaeu/aqua-mundo,,,,
http://www.domainedescascades.fr/,,,,
https://www.normandzen.com/,,,,
http://www.osoins.com/,,,,
https://www.massageaquatiquelille.com/,,,,
https://www.marcq-en-baroeul.org/mon-quotidien/loisirs/la-ferme-aux-oies,,,,
https://www.gulli-parc.com/nos-parcs/wambrechies/?utm_source=google&utm_medium=organic&utm_campaign=mybusiness-website,,,,
https://www.trampolinepark.fr/lille-marquette/?utm_source=google&utm_medium=gmb&utm_campaign=gmb_website_lille_marquette,,,,
https://www.sosweet59.com/,,,,
https://linkr.bio/mandala_massage,,,,
https://www.fresha.com/fr/a/pauline-bien-etre-marquette-lez-lille-libeal-30-rue-des-moissons-fph7es5c#buy-section,,,,
https://www.ofildubiennaitre.fr/,,,,
http://www.taora.fr/,,,,
https://www.cocontherapeutiquelebainbebe.com/,,,,
https://wmasslan.setmore.com/,,,,
https://www.kintsucrossfit.com/,,,,
https://visitgrandest.com/la-grotte-saint-leon-de-walscheid,,,,
https://www.sunparks.com/be-vl/belgie/fp_OD_vakantiepark-oostduinkerke-aan-zee,,,,
https://www.centerparcs.be/be-vl/belgie/fp_HA_vakantiepark-domaine-park-de-haan/aqua-mundo,,,,
http://www.ebene-spa.com/,,,,
https://stayfr.click/paradis-nord-sw5eab,,,,
http://estheletsens.com/,,,,
http://richathletic.fr/,,,,
http://www.twiga-studio.fr/,,,,
https://ms30.org/,,,,
https://www.gedimat.fr/2197-magasin-gedimat-kammerer-waldighoffen.htm,,,,
https://pharmawaldig.fr/,,,,
http://www.cassiopeiatherme.de/,,,,
http://www.chalet-au-naturheil.com/,,,,
http://anaisinstitut.fr/,,,,
http://www.freshbody.fr/,,,,
https://catherine-mariette-sophrologue-08.webself.net/accueil,,,,
http://www.wahagnies.fr/,,,,
https://www.valeriedegosse-naturopathe.com/,,,,
http://sites.google.com/view/sonotherapie-thumeries/accueil,,,,
http://www.cocoonloftspa.com/,,,,
http://dock79.be/,,,,
https://www.tonkoonthaispa.fr/,,,,
https://www.planity.com/sawasdee-massage-thai-25200-montbeliard,,,,
https://www.shenzhen-doux.fr/,,,,
http://harmonie-source.fr/,,,,
https://www.marineluminaissance-therapeute70.com/,,,,
http://www.harasducarlin.ffe.com/,,,,
http://www.equita-saone.ffe.com/,,,,
http://www.chezmirette.fr/?utm_medium=referral&utm_source=gmb&utm_campaign=lnk-gmb,,,,
https://www.lesmassagesdamenature.com/,,,,
https://jennybienetre.my.canva.site/,,,,
https://medecineenergetique.wixsite.com/christelle-aebischer,,,,
https://maudbienetreadomicile.com/,,,,
https://www.planity.com/m-votre-peau-studio-77850-hericy,,,,
https://idalinepereira8.wixsite.com/idalinepereira,,,,
https://vannessakohl.wixsite.com/kohlmassagesbienetre,,,,
https://helobienetre.experience-beaute.com/,,,,
https://about.me/cecileonde,,,,
https://www.formation-massage-77.fr/,,,,
http://vulaines-ccsv-sport-culture.com/,,,,
https://www.apa-sante.pro/,,,,
https://www.anneau-mallarme.fr/,,,,
https://www.planity.com/gs-massage-bien-etre-77160-provins,,,,
https://www.planity.com/latelier-daudrey-gwen-02200-soissons,,,,
https://jeremiemassage.wixsite.com/aucoeurdesmains,,,,
https://aurorenaturobienetre.fr/,,,,
https://www.planity.com/le-cocon-du-cheveu-head-spa-02200-soissons,,,,
https://www.tout-en-douceur25.fr/,,,,
https://naia-massage.com/,,,,
http://www.institut-anaya.fr/,,,,
http://modelagethailande.com/,,,,
http://pbzt.recherches.gov.mg/,,,,
https://hitamasoko.blogspot.com/2018/06/parc-tsarasaotra-une-zone-humide-au-cur.html,,,,
http://www.lemurspark.com/,,,,
https://czenmassage.bookinbeautiful.fr/,,,,
http://www.franc-picard.venez.fr/,,,,
https://laparenthesebysv.fr/,,,,
https://lacasebienetre.fr/,,,,
http://www.lesmeditationsdalisea.com/?utm_source=gmb,,,,
https://www.harmonymassage.fr/,,,,
https://www.plopsaqualandenhannuit.be/,,,,
http://www.botanic.com/,,,,
https://magicworld-vincent.my.canva.site/magicworld-vincent,,,,
http://www.linstitutdevrigne.fr/,,,,
http://www.jlheadspa.fr/,,,,
https://monenvolee.fr/,,,,
https://lillecentre.irisetwillyspa.com/,,,,
http://www.grandparc-andilly.com/,,,,
http://www.headspabycharlene.fr/,,,,
https://www.poney-club-annecy.fr/,,,,
http://www.ressource-et-vous.fr/,,,,
http://xn--pchecruseilles-qkb.fr/,,,,
https://www.institutrdv.com/CRYSTALBEAUTE74,,,,
https://www.bulle-de-bienetre.fr/,,,,
https://massagebienetre-badia.fr/,,,,
https://www.gaelle-dorado.fr/,,,,
http://institut-florence-vouziers.com/,,,,
https://aharzalimassage.fr/,,,,
https://www.virginie-delmas.com/contact,,,,
https://ledomainedelagneau.fr/?utm_source=gmb,,,,
https://www.relaisplaza.com/,,,,
http://www.leboudoir86.fr/,,,,
https://mada-evasion.fr/,,,,
http://www.institut-lips.com/,,,,
https://www.gossip-beauty.fr/,,,,
https://www.uneheurepoursoi.com/institut/chateau-du-loir/,,,,
https://www.planity.com/md-beaute-37210-vouvray-9nc,,,,
https://lucie-dutour.fr/,,,,
http://www.sport-sante-vouvray.com/,,,,
https://www.tourisme-montlouis-vouvray.fr/,,,,
https://massagelyli.wixsite.com/mainsessentielles,,,,
https://www.vendee-maraispoitevin.com/offres/office-de-tourisme-vendee-marais-poitevin-vouvant-vouvant-fr-3481733/,,,,
http://www.lagrange-duhameau.fr/,,,,
http://mfr-vouvant.fr/?utm_source=gmb,,,,
https://www.equifeel.com/,,,,
https://www.lavoiedesmots.fr/,,,,
https://www.planity.com/la-maison-beaute-bien-etre-53600-evron,,,,
http://www.saintyrieixsurcharente.fr/,,,,
https://www.base-vezere.com/fr/?utm_source=google+my+business&utm_medium=clics&utm_campaign=campagne+GMB,,,,
http://severinesancier.wixsite.com/espaceetre,,,,
http://www.fabiennetrespeuch.fr/,,,,
https://mariegonkiewicz.wordpress.com/,,,,
https://annangezen.fr/,,,,
https://www.planity.com/escale-detente-69530-brignais,,,,
https://onlinebooking.ikosoft.com/E3F480883EEED53D9A7D00054,,,,
https://www.elinspirebienetre.com/,,,,
https://www.escalebs.fr/,,,,
http://www.ofeam.fr/,,,,
https://www.jolyshiatsu.fr/,,,,
http://www.rosemichailesco.com/?utm_source=google&utm_medium=wix_google_business_profile&utm_campaign=7853332052026055465,,,,
https://lesportesdubienetre.com/,,,,
https://www.lecrindemeije.com/,,,,
http://www.empreintesdumonde.fr/,,,,
https://www.decathlon.fr/store-view/magasin-de-sports-poitiers-vouneuil-sous-biard-0070001300013?utm_campaign=fr_nc-cta-siteweb_f-aw_&utm_medium=organic&utm_source=googlelocal,,,,
https://www.laguinguettepictave.fr/,,,,
https://marinepoirson86.wixsite.com/marinepoirson,,,,
https://johannarenaudeau.wixsite.com/website,,,,
https://www.acontrecourant-bienetre.com/,,,,
https://www.medoucine.com/consultation/poitiers/claire-marie-alexandre/3781,,,,
https://www.clairetouchardmassages.com/massage-poitiers,,,,
http://www.lorientalhammam.com/,,,,
http://www.simplementbien.fr/,,,,
http://www.alina-sauna-poitiers.club/,,,,
https://www.irenergie.fr/,,,,
https://www.planity.com/coiffmod-manuela-86580-vouneuil-sous-biard,,,,
http://bienetreduloing.fr/,,,,
https://www.planity.com/la-pomponnerie-07800-la-voulte-sur-rhone,,,,
https://www.pisciculturevoulpaix.fr/,,,,
http://www.planity.com/institut-body-bien-etre-16160-gond-pontouvre,,,,
http://www.manalimassage.fr/,,,,
https://dmkmassage.my.canva.site/,,,,
https://www.symphoniedubien-etre.fr/,,,,
https://www.agglo-montbeliard.fr/sortir/bouger/sport/base-de-loisirs,,,,
http://www.voujeaucourt.fr/,,,,
https://oasis-piscines.fr/pisciniste-de-vieux-charmont-25-doubs/,,,,
https://orpheabeaute.wixsite.com/orpheabeaute,,,,
https://www.remydruais-osteopathe.fr/,,,,
http://www.lesmassagesdumarais.fr/,,,,
https://lapausebienetre86.fr/,,,,
https://tourisme-hautpoitou.fr/,,,,
https://www.gedimat.fr/2052-magasin-gedimat-terrasson-vouille.htm,,,,
https://cheval-blanc-clovis.fr/fr/hotel,,,,
http://www.cheval-blanc-clovis.fr/,,,,
http://us-vouille86.footeo.com/,,,,
https://www.planity.com/lm-bien-etre-beaute-nature-70200-roye,,,,
https://cryosculpt-sb-lure.fr/,,,,
https://health-fitness.fr/,,,,
http://melbeautyperfect.fr/,,,,
http://www.vertigoparc.com/,,,,
https://www.planity.com/serenity-head-spa-17600-le-gua,,,,
https://linstant-zen.fr/,,,,
https://lalogebutteaux.goliday.com/,,,,
http://hanamimassage.com/,,,,
https://www.lodysseeduberry.com/,,,,
http://www.scehdubois.fr/,,,,
http://taichi-besancon.com/,,,,
http://www.lessourcesdediane.fr/,,,,
https://www.moving-besancon.fr/,,,,
http://linstant-beaute43.fr/,,,,
https://maisonlegate.fr/home-2/,,,,
https://www.olydea.com/residence/location-vacances-vorey-sur-arzon,,,,
http://www.aubergelesrivesdelarzon.fr/,,,,
https://www.cryocare.fr/,,,,
https://www.polesantelativolliere.com/,,,,
https://le6emesens-massage.wixsite.com/massage,,,,
https://laube.headspa-grenoble.fr/,,,,
http://detente-harmonie.fr/,,,,
http://www.passion-elle.fr/,,,,
http://vorayck.fr/,,,,
https://www.chrysalide-massage-bien-etre.fr/,,,,
https://www.institut-ecrin-de-beaute.fr/,,,,
http://augrandairvonnas.com/,,,,
https://www.grandbourg.fr/898-carre-d-eau.htm,,,,
https://www.linkedin.com/company/centre-lago/?viewAsMember=true,,,,
https://www.planity.com/destination-ressource-01540-vonnas,,,,
https://charlenecoachsport7.wixsite.com/website,,,,
https://www.jardins-plantes-vonnas.fr/,,,,
https://www.planity.com/angelinstitut-01540-vonnas,,,,
https://www.caveau-bugiste.fr/,,,,
http://www.reveletessens.com/,,,,
https://sites.google.com/site/vosgesmassages/,,,,
https://marianne-massage-bienetre.com/,,,,
https://www.planity.com/plenitude-esthetique-04130-volx,,,,
https://www.almamassagesbien-etre.com/,,,,
https://sites.google.com/view/moment-pour-soi/,,,,
https://www.planity.com/latelier-de-mathilde-04130-volx,,,,
https://www.myriambienetre.fr/,,,,
http://marie-le-brun-reflexologie-57.webself.net/,,,,
https://www.uneheurepoursoi.com/institut/enval/,,,,
https://www.kalendes.com/site/oxymeainstitutdebeaute/welcome,,,,
http://www.scbienetre.fr/,,,,
http://www.kobido-laure-massages.fr/,,,,
https://www.volvic.fr/volvicorigines,,,,
https://www.terravolcana.com/,,,,
https://originelleesthetiqueetbienetre.kalendes.com/,,,,
https://cathlrn-naturopathe.fr/,,,,
https://www.familyparc.com/,,,,
https://europe.huttopia.com/nl/site/meursault/?utm_medium=annuaire&utm_source=CTOUTVERT&utm_campaign=PackTrafic,,,,
http://zen-et-bienetre.fr/,,,,
https://www.isabellejacquemin.fr/#,,,,
https://www.chiro57.com/,,,,
http://www.moulindeschviller.fr/,,,,
http://aubergedumoulindeschviller.com/,,,,
https://www.auvergne-destination.com/fiches/plan-deau-des-prades/,,,,
https://zeneva.sitew.org/,,,,
https://justineenergeticienne.fr/,,,,
https://ylangainstitut.com/,,,,
http://www.oclub-lemans.fr/,,,,
http://www.sensorielle-bienetre.fr/,,,,
http://sandrine-coachsportif.com/,,,,
https://kuryenet.co/bien-etre-javanais-le-mans-2/,,,,
https://www.la-cle-enfantine-des-meres-veilles.fr/,,,,
https://www.artipole.fr/salles-exposition/bain-et-electricite/le-mans,,,,
https://alliance-pr.fr/,,,,
https://www.gitedusoleildanslaruelle.com/,,,,
http://lamaisondici.odcvl.org/,,,,
http://www.brindebeaute-voiteur.com/,,,,
http://lamaisondisabelle.com/,,,,
https://www.vlmassagesbienetre.fr/,,,,
https://www.graindebeauteinstitut.net/,,,,
https://francemassage.org/places/liberyl-bien-etre/,,,,
https://www.planity.com/spa-augeval-14800-deauville,,,,
http://www.dans-ma-bulle-relaxation.fr/,,,,
http://www.spaprivatif38.fr/,,,,
https://www.institut-voiron.guinot.com/,,,,
https://reservationbeaute.fr/l-eclat-des-sens-38500/institut-voiron-38500-massages-soins-visage-soins-corps-epilations-?utm_source=gmb,,,,
https://www.passionbeaute.fr/magasins/voiron,,,,
http://www.kocoon-bien-etre.fr/,,,,
http://www.plaine-exploration.fr/,,,,
https://www.lapartedubienetre.com/?utm_source=google&utm_medium=wix_google_business_profile&utm_campaign=2360955498387942484,,,,
https://aqua-serenity.fr/,,,,
https://www.linstitutdemarinevoiron.fr/,,,,
http://www.infinibeaute-voiron.fr/,,,,
http://bois-le-roi.iledeloisirs.fr/,,,,
http://reservationbeaute.fr/mjesthetique-77540,,,,
http://www.ardeche-adventure.com/,,,,
http://www.water-game.fr/,,,,
https://www.piscine-chambery.fr/,,,,
https://nuancesbienetremassages.fr/,,,,
https://arumessentielle.com/,,,,
http://www.bam-freesports.com/,,,,
https://assainissement-et-maintenance.veolia.fr/agences/auvergne-rhone-alpes/savoie/voglans/sarp-chambery-18,,,,
http://www.epgvvoglansviviers.fr/,,,,
https://lazipette.fr/,,,,
https://www.hotellecaballin.com/,,,,
https://www.edf.fr/sites/default/files/Hydraulique/Alsace-Vosges/documents/les_amenagements_hydroelectriques_du_rhin_franco-allemand.pdf,,,,
https://laplage-iledurhin.fr/,,,,
http://laplage-iledurhin.fr/,,,,
http://www.gaia-massage.fr/,,,,
http://nrdv.fr/seance-tachyon-alsace-nord,,,,
http://bienetreicietailleurs.e-monsite.com/,,,,
https://e-naturessence.fr/,,,,
http://www.vibresens.fr/,,,,
https://www.douceheure-institut.fr/,,,,
https://musees.isere.fr/musee/domaine-de-vizille-musee-de-la-revolution-francaise,,,,
https://musees.isere.fr/page/parc-du-domaine-de-vizille-informations-pratiques,,,,
https://giunibeauty.fr/,,,,
https://head-spa-sensorielle.fr/,,,,
https://www.planity.com/institut-caline-38220-vizille,,,,
https://www.planity.com/stella-estetica-38220-vizille,,,,
https://alcove.jimdo.com/actualit%C3%A9s-1/,,,,
http://www.nouvelleere-coiffure.com/,,,,
http://cathydinand.com/,,,,
http://www.ardoisesetderives.fr//www.oceano-spa.fr/,,,,
https://signaturepaulineb.fr/,,,,
https://www.planity.com/institut-de-beaut%C3%A9-86370-vivonne,,,,
https://lessensciel-holistique.fr/,,,,
http://www.institut-korzeame.fr/,,,,
https://zenitude.mywizi.com/,,,,
https://www.fresha.com/fr/a/escapade-beaute-vivonne-10-chemin-du-lavoir-wmxr70b4,,,,
http://www.tourisme-vallees-du-clain.fr/,,,,
https://signaturepaulineb.fr/salon-coiffure,,,,
http://spa-institut-azema.fr/,,,,
https://www.planity.com/le-spa-des-viviers-33950-lege-cap-ferret,,,,
http://espritnaturo.wixsite.com/naturopathie?utm_source=gmb,,,,
https://www.mgm-hotels-residences.com/residence-le-cristal-de-jade-chamonix/spa-pur-altitude,,,,
http://www.douceur-bien-etre-avec-sonia.fr/,,,,
http://www.lessoinsdevalerie.com/,,,,
https://www.o5sens.com/,,,,
http://www.odyceabeaute.fr/,,,,
http://www.grand-lac.fr/,,,,
https://headspabysosso.systeme.io/accueil,,,,
https://www.toucherterre-massage.fr/,,,,
https://institutduclosstroch.smartbooker.fr/,,,,
http://www.blooming-aesthetic-academy.fr/,,,,
https://casa-collioura.fr/,,,,
https://www.monharmonie.fr/,,,,
http://www.ocoeurdubienetre.com/,,,,
http://www.cliniqueducheveu.fr/institut-cheveux-viuz-en-sallaz/,,,,
http://www.amayzamassage.com/,,,,
http://www.aromesetsens74.com/,,,,
https://www.aucreuxdesmains.com/,,,,
https://www.lesmassagesdorphee.com/,,,,
https://www.rosalunamassage.com/,,,,
https://www.addictinstitut.com/,,,,
https://www.bien-etre-extreme.fr/,,,,
http://www.tropicbloomspa.com/,,,,
https://www.planity.com/centre-de-bien-etre-terabba-94400-vitry-sur-seine,,,,
https://www.maisonjoa.fr/,,,,
https://www.ma-sage-zenitude.fr/,,,,
https://www.planity.com/maison-bloom-94400-vitry-sur-seine,,,,
https://www.elixirdessens.com/,,,,
https://honumassage.wixsite.com/website,,,,
https://widget.treatwell.fr/salon/beaute-orientale-1/,,,,
https://www.uneheurepoursoi.com/institut/uhps-vitry/,,,,
http://www.lalogedumassage.com/,,,,
https://www.planity.com/linstant-bien-etre-51300-vitry-le-francois,,,,
https://www.lesbienetresdelisa.com/,,,,
https://widget.treatwell.fr/salon/100044329/menu/,,,,
https://www.maison-mao.fr/,,,,
https://www.institutevasion71.fr/,,,,
http://www.bainsdecluny.fr/?utm_source=gmb,,,,
https://bien-etre-et-harmonie.com/,,,,
https://www.bricomarche.com/magasin/vitry-le-fran%C3%A7ois/01390?store=01390&utm_source=gmb,,,,
http://www.lanaturoparelo.fr/,,,,
https://www.kalendes.com/site/justinebeautycare/reserve,,,,
https://www.planity.com/dermo-k-51300-vitry-le-francois,,,,
https://www.valdeloire-foretdorleans.com/base-de-loisirs-de-letang-de-la-vallee/,,,,
https://www.planity.com/lp-essentia-45530-vitry-aux-loges,,,,
https://www.planity.com/kira-baia-head-spa-13127-vitrolles,,,,
http://www.marjorie-ringenbach.com/,,,,
http://www.evanesens-spa.fr/,,,,
https://www.planity.com/lowpsy-spa-13340-rognac,,,,
http://www.pawathaimassage.com/,,,,
https://massagesrognac.wixsite.com/ammalame,,,,
https://soins-formation-grossesse-ventabren.fr/,,,,
https://www.planity.com/db-spa-beauty-13300-salon-de-provence,,,,
https://melissacontursi199.wixsite.com/website,,,,
https://www.bodyminute.com/instituts/vitrolles-3543/,,,,
https://www.decathlon.fr/store-view/magasin-de-sports-vitrolles-0070005400054,,,,
http://xn--vitrolles-village-sant-w8b.fr/,,,,
http://www.ospa-institut.com/,,,,
https://urlz.fr/mJYW,,,,
https://nim-thai-massage-bien-etre.netlify.app/,,,,
https://www.planity.com/institut-ndolla-laura-54300-luneville,,,,
https://www.chezcib.fr/,,,,
https://www.ilohaspa.fr/,,,,
http://www.la-spa.fr/vitre,,,,
https://www.planity.com/de-a-a-zen-35500-vitre,,,,
https://www.planity.com/essentielle-et-belle-35370-etrelles,,,,
https://bretagne-vitre.com/,,,,
http://lesoin.fr/,,,,
https://www.bricomarche.com/magasin/vitre/20162?store=20162&utm_source=gmb,,,,
https://www.natesens.com/,,,,
https://www.soleil-massages.fr/,,,,
https://www.charlene-peslier.com/,,,,
https://koshamassage.fr/,,,,
https://www.ananda-vitre.com/,,,,
https://www.ocapzen.fr/,,,,
https://www.ch-vitre.fr/,,,,
http://www.laurand.com/,,,,
https://www.laurand.com/centres/vitre-amincissement-laurand/,,,,
https://amessenciel.fr/,,,,
http://l-ange-de-l-esthetique19.booksy.com/,,,,
https://www.thermaoasi.com/,,,,
https://www.tusciaterme.it/,,,,
http://www.termediviterbo.it/terme-bulicame.html,,,,
http://symphoniddessens.fr/,,,,
https://un-moment-de-bien-etre.jimdosite.com/?fbclid=IwAR2e8ThzGyWZc1ufQsGpMIMUXTmBd9IV4G4tY50PO0IyVZf_-nmYBKv2CFE,,,,
http://vissec.free.fr/,,,,
https://eveil-au-bien-etre.fr/,,,,
https://natbouteiller-reflexologie.fr/,,,,
https://pausebienetre70.wixsite.com/pausebienetre70/tarifs,,,,
https://www.domaine-location-salle-mariage.com/,,,,
http://www.aura-wakepark.fr/,,,,
https://sansoriel.com/,,,,
http://www.marie-pascual-doula.fr/,,,,
https://massages2reves.wordpress.com/,,,,
http://www.visan-tourisme.com/,,,,
https://www.bullesdebonheur02.fr/,,,,
https://www.google.com/url?sa=t&source=web&rct=j&opi=89978449&url=https://www.planity.com/linstant-forme-02300-chauny&ved=2ahUKEwjNn5bFvPOCAxUuT6QEHWGGCcwQFnoECBEQAQ&usg=AOvVaw0qYVptfU7KfgzcQtuRl-Fh,,,,
https://www.auchan.fr/parapharmacie/ep-parapharmacie,,,,
https://www.intersport.fr/Aisne-02/ViryNoureuil-02300/INTERSPORT-VIRYNOUREUIL/04878_000,,,,
http://www.jardiaisne.fr/,,,,
https://www.chrismondebeauty.com/services-soins-minceur-massage-bien-etre,,,,
http://www.fleurdelunebeauty.com/,,,,
https://www.planity.com/orlena-evasion-91170-viry-chatillon-2q9,,,,
https://www.harmoniedailleurs.fr/contact.html,,,,
https://massagementvotre.com/,,,,
https://maison-lymphea0.webnode.fr/,,,,
https://centre-holistique-castelvirois.fr/,,,,
https://svelteo.fr/,,,,
http://www.carrybienetre.com/,,,,
https://www.bodyminute.com/instituts/viry-chatillon-3488/?utm_source=gmb,,,,
https://viry-chatillon.aprium-pharmacie.fr/,,,,
https://www.nocibe.fr/fr/l/viry-chatillon/parfumeries/02560065?utm_source=google&utm_medium=organic&utm_campaign=local,,,,
http://www.wellnessohm.com/,,,,
http://madouceur.fr/,,,,
https://lahordefunctionalfitness.com/,,,,
https://www.planity.com/instant-madero-74580-viry,,,,
http://feelbyjenny.fr/,,,,
https://www.planity.com/alb-coiffure-74580-viry,,,,
http://www.zoulousaventure.fr/?utm_source=gmb,,,,
http://www.lysavigier.bienetre-holistique.fr/,,,,
https://www.thesilentsea.fr/,,,,
http://www.institut-rive-droite.com/,,,,
https://maison-sante-naturelle.fr/,,,,
http://www.esthetique-et-bien-etre.com/,,,,
https://sennv.fr/,,,,
https://www.floraspa63.com/,,,,
http://fleurdepeau-issoire.fr/,,,,
https://www.planity.com/myr-japan-head-spa-42000-saint-etienne,,,,
http://www.aromesetsens.com/,,,,
https://rdv.itiaki.com/solange-cristini,,,,
http://www.lecocondefreyia.fr/,,,,
https://reflexologie-emc.com/,,,,
https://terrachi-bienetre.fr/plan-du-site/,,,,
https://www-beauty.com/institut-de-beaute-apodis/,,,,
https://www.auseindubiennaitre.fr/lecentrebienna%C3%AEtre,,,,
https://thanaka-massage-thai.com/,,,,
https://www.planity.com/studio-relax-time-chez-coworking-71100-chalon-sur-saone,,,,
https://www.marionbleuzet.com/,,,,
http://www.maison-meili.com/,,,,
https://www.fresha.com/fr/a/oserenite-aubrives-3-route-de-hierges-f44ebzxn,,,,
https://anne-sophie-dupont.reservio.com/booking,,,,
https://www.valdardennetourisme.com/,,,,
https://www.osmosia-wakepark.fr/,,,,
http://genki-detente.fr/,,,,
https://www.hedonevolupte.com/,,,,
https://griffesdefemmes.fr/,,,,
http://www.vitabhyanga.com/,,,,
https://le-cocon-du-coteau.odoo.com/,,,,
https://www.planity.com/caroline-esthetique-33720-virelade,,,,
https://balneo-des-graves.webnode.fr/,,,,
https://sur-un-petit-nuage.com/,,,,
http://www.beaute-bien-etre-vire.fr/,,,,
http://www.manozen-massage.fr/,,,,
https://sandyanahata.wordpress.com/,,,,
https://frmaps.xyz/business/institut-forme-et-beaut-HZ8Q1zKI,,,,
https://www.institut-nuance.fr/,,,,
http://www.sans-forme-ni-chemin.com/?var_mode=calcul,,,,
https://apaisiabienetre.fr/,,,,
https://www.luxopuncturelotetgaronne.fr/,,,,
https://berengerepapillaud.wixsite.com/ayurveda-marmande,,,,
http://www.sublimawellness.com/,,,,
https://leschevauxdusourire.com/,,,,
https://www.institut-beaute-cherbourg.fr/,,,,
https://www.planity.com/aloe-beaute-bien-etre-50110-cherbourg-en-cotentin,,,,
http://iris-massages.fr/,,,,
https://l-alveole-love-room.fr/,,,,
https://www.zen-et-crea.com/,,,,
https://www.sevaderavecvous.com/,,,,
http://www.pharmacievirandeville.fr/,,,,
https://www.hypnose-et-bienetre.com/,,,,
http://www.bansabai-massage.fr/,,,,
https://frmaps.xyz/business/l-entre-p-tes-viozan-Z0fSaHR4,,,,
https://padecha-massage.fr/,,,,
https://www.chambery-massage.fr/,,,,
https://www.naturellement-soins.fr/,,,,
http://federation.ffvl.fr/sites_pratique/voir/13087,,,,
http://www.parent-hese-douceur.com/?utm_source=google&utm_medium=wix_google_business_profile&utm_campaign=15647752114577286773,,,,
https://fourbanal.wordpress.com/2025/06/09/chanaz/,,,,
http://www.littleranchdesavieres.fr/,,,,
https://www.afleurdenaissance.fr/,,,,
http://www.cyclolac.fr/,,,,
https://www.laguinguettedeletangbleu.com/,,,,
http://www.charmeval.com/,,,,
https://www.planity.com/mybo-84150-violes,,,,
https://gallicanatura.fr/,,,,
https://www.plantesetparfums.com/,,,,
http://pharmacie-de-violes.fr/,,,,
https://www.lechaletdubienetre.com/,,,,
https://www.violay.fr/sports/musculation.html,,,,
https://www.o-coeurdonnier-d-oche-74.fr/,,,,
https://app.kiute.com/idee-bien-etre-et-spa,,,,
https://magasin.irripiscine.fr/bourgogne-franche-comte/saone-et-loire/chaintre/irripiscine-by-irrijardin-macon-chaintre,,,,
https://caveaudevinzelles.fr/,,,,
http://www.penser-a-soi.fr/,,,,
http://cohyvie.com/,,,,
http://ladetenterestaurant.fr/,,,,
https://www.monstudioform.fr/epilation-definitive/,,,,
https://domaine-de-deurre-restaurant.eatbu.com/,,,,
https://www.la-provence-verte.net//activites/baignade-vins-sur-caramy-lac-de-vins_1153.html,,,,
https://www.la-provence-verte.net//activites/baignade-carces-chutes-du-caramy_578.html,,,,
https://miparaiso.rentals/fr/apartment/VillaGilbert/1761413,,,,
https://clorinde84500.wixsite.com/my-site,,,,
https://ccocoon-71.webselfsite.net/accueil,,,,
https://www.joanostra.fr/,,,,
https://www.espacebaliana.fr/massages,,,,
https://www.sableo.com/escalade-pyrenees-orientales-espagne-moniteur-coaching/site-escalade-vingrau/,,,,
http://www.paume-dhappy.sitew.fr/#Accueil.A,,,,
https://lamaindeselfes.wixsite.com/massages-ardeche,,,,
https://www.planity.com/douceur-de-roze-60500-vineuil-saint-firmin,,,,
https://www.npmassagechantilly.fr/,,,,
http://www.lesmassagesdumonde.com/,,,,
https://www.harmoniefeminin.fr/,,,,
https://www.institut-veroniquemigot.com/,,,,
http://www.lespausesbienetre.com/,,,,
https://massageserenite.fr/,,,,
https://www.orcefa-massage.fr/,,,,
http://www.lesmassagesdemagali.com/,,,,
https://institut-corinne-marco.com/,,,,
https://christellemassospa.fr/,,,,
https://www.lolycia.com/,,,,
https://maisonselene.fr/,,,,
https://www.agl-eau.fr/,,,,
http://www.moulindevineuil.com/,,,,
https://www.lecomte-hydrobulles.fr/,,,,
http://arbo-concept.com/,,,,
https://offre.institutmaisonesthetiqueturquoise.fr/,,,,
https://www.gregory-massage-bien-etre.com/,,,,
https://www.comptoirbeautespa.fr/,,,,
http://www.cinqmondes.com/les-balneanes.html,,,,
http://www.paisible-en-soi.fr/,,,,
http://altherisinstitut.fr/,,,,
https://www.emaele-esthetique.com/,,,,
https://www.planity.com/body-health-coaching-minceur-41350-saint-gervais-la-foret,,,,
https://www.nocibe.fr/fr/l/blois-vineuil/parfumeries/02560567?utm_source=google&utm_medium=organic&utm_campaign=local,,,,
https://www.yves-rocher.fr/magasins-instituts-de-beaute/blois-vineuil/S-FRYROC849?utm_source=google&utm_medium=gmb&utm_campaign=blois_vineuil-fr0849,,,,
https://massage-bien-etre-vinets.blogspot.com/,,,,
https://agnesm-relaxation.com/,,,,
https://fleurdelysspabienetre.bookinbeautiful.fr/,,,,
http://institut-renaisens.gaqo.net/,,,,
https://www.planity.com/reve-et-sens-94300-vincennes,,,,
https://www.institut-vinay.marycohr.com/,,,,
http://www.massathe.com/,,,,
https://nadege-viallon.fr/,,,,
http://un-etatdesprit.fr/,,,,
http://www.les-portes-harmonie.fr/,,,,
http://institut-ysys.gaqo.net/,,,,
http://www.institut-vimoutiers.fr/,,,,
https://serenityjen45.wixsite.com/serenity-jen,,,,
https://monptituniversbienetre.fr/,,,,
http://www.bluebox-montargis.fr/,,,,
https://mon-cabinet-de-therapies-xjkxkug.gamma.site/,,,,
https://www.planity.com/o-spa-vert-marine-45000-orleans,,,,
https://amerispa.ca/sheraton-laval/,,,,
https://www.beachcomberhottubs.com/,,,,
https://www.laval.ca/sports-loisirs/complexe-aquatique/,,,,
https://www.laval.ca/,,,,
https://www.laval.ca/lieux/Pages/Fr/piscine-saint-vincent.aspx,,,,
https://www.laval.ca/carte-interactive/parc-paradis/,,,,
https://www.laval.ca/carte-interactive/parc-prevost/,,,,
https://www.laval.ca/carte-interactive/parc-berthiaume-du-tremblay/,,,,
https://www.laval.ca/carte-interactive/parc-espoir/,,,,
https://www.laval.ca/lieux/Pages/Fr/jeux-deau-marc-aurele-fortin.aspx,,,,
https://www.laval.ca/lieux/Pages/Fr/piscine-bon-pasteur.aspx,,,,
https://aquaparch2o.com/,,,,
https://www.laval.ca/lieux/Pages/Fr/parc-pere-vimont.aspx,,,,
https://www.alexandreblouin.com/,,,,
https://www.centrechiropratiquevimont.com/,,,,
https://lamuseboreale.com/,,,,
http://www.loisirs-st-elzear.com/,,,,
https://www.gorendezvous.com/fr/espacevital,,,,
http://www.centreidealmarlyne.coach/,,,,
http://linstant-bienetre.kalendes.com/,,,,
http://www.secretdedouceur.fr/,,,,
http://www.praz-lac-aventures.com/,,,,
https://domainedesmoulins.com/,,,,
https://www.relais-des-bornes.com/,,,,
http://elodie-baconnet.fr/,,,,
https://merveillesetbiennaitre.fr/,,,,
https://www.spas-wellis.com/?utm_source=google&utm_medium=wix_google_business_profile&utm_campaign=11163724358545267306,,,,
https://www.planity.com/linstant-meme-detente-14310-villers-bocage-jhj,,,,
https://frmaps.xyz/business/muriel-institut-villers-bocage-yxMtRig0,,,,
https://www.planity.com/lecrin-deugenie-80260-villers-bocage,,,,
https://www.planity.com/cabinet-zzen-14350-souleuvre-en-bocage-mat,,,,
https://www.lacliniquedumonde.com/?utm_source=google&utm_medium=wix_google_business_profile&utm_campaign=588717865677640264,,,,
https://www.planity.com/essentiellement-soi-14310-villers-bocage,,,,
https://www.prebocageintercom.fr/services-de-proximite/poles-de-sante-liberaux-et-ambulatoires/,,,,
https://www.lorangebleue.fr/clubs/villers-bocage/,,,,
http://www.asineriedubocage.com/,,,,
http://www.paysdevire-normandie-tourisme.fr/,,,,
https://normandie.famillesrurales.org/43/14-federation-du-calvados,,,,
https://www.doulasouslesetoiles.fr/,,,,
https://www.mairievlm.fr/maison-du-toison.php,,,,
https://lelixirsignbienetre.wixsite.com/website,,,,
https://www.cpbe94350.fr/,,,,
https://www.massages-villarais.fr/,,,,
https://laura-massages-et-bien-etre-07.webself.net/,,,,
https://app.flexybeauty.com/soin-de-soi-2,,,,
https://www.marlene-naturoenergie.fr/,,,,
http://www.lauriane-bienetre.fr/,,,,
https://taplink.cc/ibebymayou,,,,
https://www.beenjoyfrance.fr/,,,,
https://www.opaumesdor.com/,,,,
http://www.feemoibelle.com/,,,,
https://www.crf-villiers.org/,,,,
https://www.decathlon.fr/store-view/magasin-de-sports-bry-sur-marne-0070160101601,,,,
https://massage.ivof.com/les-ateliers-dofee/,,,,
http://www.milleetunreves.fr/,,,,
https://transitionenergie94.fr/,,,,
https://www.planity.com/latelier-beaute-by-marina-94350-villiers-sur-marne,,,,
https://www.jeanlouisdavid.com/salons/7-place-du-pontel-78640-villiers-saint-frederic?utm_campaign=gbp_siteweb_D10836&utm_id=gbp_siteweb&utm_medium=siteweb&utm_source=gbp,,,,
https://www.larenaissancesanitaire.fr/vsd.php,,,,
https://www.larenaissancesanitaire.fr/hopital-villiers-saint-denis.html,,,,
https://www.basic-fit.com/fr-fr/clubs/basic-fit-villiers-le-bel-avenue-des-entrepreneurs-08dbcaeda11a4394ae93e5f2a01752a7.html?utm_medium=yext&utm_source=gmb,,,,
https://www.ville-villiers-le-bel.fr/1952-172/connaitre-notre-ville/annuaire-local/ficheAnnu/parc-des-sports-et-des-loisirs.htm,,,,
http://www.syliane-c.fr/,,,,
http://www.villa-esthetica.com/,,,,
https://www.planity.com/o-naturelle-79160-villiers-en-plaine,,,,
https://soins-du-monde.webnode.fr/,,,,
https://www.planity.com/lesprit-zen-27730-bueil,,,,
https://www.mysportcenter.fr/,,,,
https://vaumartin.fr/,,,,
https://www.decathlon.fr/fr/magasin/magasin-sport-villiers-en-biere-MS_0070007200072.html,,,,
https://nyssa-bien-etre.fr/,,,,
https://bodyminute.com/instituts/institut-beaute-et-epilation-sans-rendez-vous-villiers-en-biere-77190/,,,,
https://perledospa.wixsite.com/perledospa,,,,
https://www.yves-rocher.fr/magasins-instituts-de-beaute/villiers-en-biere/S-FRYROC353?utm_source=google&utm_medium=gmb&utm_campaign=villiers_en_biere-fr0353,,,,
https://widget.treatwell.fr/salon/490938/menu/,,,,
https://www.planity.com/le-bien-etre-adamois-95290-lisle-adam,,,,
https://www.planity.com/ladamoiselle-95290-lisle-adam,,,,
https://infinitymassagesln.wixsite.com/inifnity-ln,,,,
https://www.justinefrancois.fr/,,,,
https://n-elixir.fr/,,,,
https://www.commune-villie-morgon.com/,,,,
http://www.la-robe-rouge.fr/,,,,
https://chaptalines-alouette.fr/,,,,
https://sites.google.com/view/catherine-peaudouce/accueil,,,,
https://www.uneheurepoursoi.com/institut/le-neubourg/,,,,
https://soin-expert.fr/,,,,
http://www.institut-de-beaute-neubourg.fr/,,,,
http://www.planity.com/cosy-hygge-54000-nancy-q8q,,,,
http://www.massagechezmarie.fr/,,,,
https://bois.bsn-aventure.fr/,,,,
https://espace-natur-eau.fr/,,,,
https://www.evasioncentrespa.com/?utm_source=gmb,,,,
https://www.institut-salathai.fr/,,,,
https://bulledeptitspieds.fr/,,,,
http://www.salon-mulhadara.fr/,,,,
http://fishmassagemarseillanplage.fr/,,,,
https://www.lesrituelsdenonette.com/,,,,
https://destination-rivesduloirenanjou.fr/destination-item/lengrenage-moulin/,,,,
http://www.ouistiti-cie.com/,,,,
http://www.laguerisseuseverte.com/,,,,
http://www.fondationassistanceauxanimaux.org/refuge-animaux-villevaude/,,,,
https://petitpalaisdesgratteciel.fr/,,,,
http://www.spatherapybylaura.com/,,,,
http://www.spadelolivier.com/,,,,
https://www.mamanetmoimassage.com/,,,,
https://massage-tammaia.fr/,,,,
https://meel-massages.fr/,,,,
https://www.institut-anne-sophie.fr/,,,,
https://www.planity.com/votre-evasion-38280-villette-danthon-3bz,,,,
http://www.ekilibreessentiel.fr/,,,,
https://xn--evasionetplnitude-ltb.fr/,,,,
http://passageenparadis.fr/445-2/,,,,
https://www.le-site-de.com/la-source-de-melusine-arbois_139095.html,,,,
https://www.planity.com/centre-de-beaute-anais-journet-electrolyse-et-soin-du-visage-38200-villette-de-vienne,,,,
https://www.loupiscopark.com/,,,,
https://www.planity.com/spa-beautys-38200-vienne,,,,
https://www.planity.com/le-centre-de-soi-by-elodie-38200-vienne,,,,
https://www.planity.com/fresh-head-spa-chez-tendance-marine-38280-villette-danthon,,,,
https://lavillette.com/,,,,
https://www.paris.fr/baignadevillette,,,,
https://centre-equestre-des-cedres.ffe.com/,,,,
https://cmdsudouest.wixsite.com/cmd-sud-ouest,,,,
https://www.parcdelorval.com/,,,,
https://www.planity.com/linstant-douceur-34400-villetelle,,,,
https://www.planity.com/maison-peauaime-30660-gallargues-le-montueux-ua2,,,,
http://www.lesptitsmassagesdegaelle.com/,,,,
http://www.ville-la-courneuve.fr/,,,,
http://www.massage93.fr/,,,,
https://o2gamspa.fr/,,,,
https://www.sahinabeaute.fr/,,,,
https://www.aurelielaval.com/,,,,
https://rose-up.fr/,,,,
https://app.kiute.com/cinq-sens/home,,,,
http://www.lmbienetre.fr/,,,,
https://www.la-spa.fr/etablissement/refuge-spa-de-lezignan-corbieres/,,,,
https://www.centrelurio.fr/,,,,
https://www.chateau-de-saint-esteve.com/,,,,
http://alafrah.mg/,,,,
https://lecoindetente.fr/,,,,
https://bulledebienetrelaetitiafournier.simplybook.it/v2/#book,,,,
https://www.myreil.fr/,,,,
https://www.planity.com/csens-drainage-lymphatique-kobido-visage-et-coaching-80000-amiens,,,,
http://www.sl-bienetrenaturel.fr/,,,,
https://www.villers-sur-mer.fr/marais/,,,,
http://www.deauvital.fr/,,,,
https://book.settime.io/momentdedetente,,,,
http://www.semsea-wellness.be/,,,,
http://www.aromelis.be/,,,,
http://c-beauty.kalendes.com/,,,,
https://www.institutodealabeaute.com/,,,,
https://reservationbeaute.fr/missbeaute,,,,
https://www.instantbeaute-bienetre.fr/,,,,
https://www.sumupbookings.com/lili-bien-etre,,,,
https://soa-ds.com/,,,,
http://www.megha-belle.fr/,,,,
http://www.lacabanedagnes.fr/,,,,
https://www.planity.com/mon-secret-beaute-60340-villers-sous-saint-leu,,,,
https://www.planity.com/beaute-bien-etre-95150-saint-leu-la-foret,,,,
https://mereveilleuseharmonie.fr/,,,,
https://louisemassage.wordpress.com/,,,,
https://www.gammvert.fr/magasins/magasin-village-de-foucarmont?utm_source=GMB&utm_campaign=Multidiffusion&utm_medium=local&utm_content=1025861,,,,
https://www.ducalevillers.com/,,,,
http://www.kiizumi.fr/?utm_source=google&utm_medium=wix_google_business_profile&utm_campaign=1466706243365606452,,,,
https://www.qipao.fr/salons/villers-semeuse-174?utm_source=GoogleMaps&utm_medium=gmb&utm_campaign=Fichevillers-semeuse-,,,,
https://msbeaute08.booksy.com/a/,,,,
https://www.nocibe.fr/fr/l/villers-semeuse/parfumeries/02560068?utm_source=google&utm_medium=organic&utm_campaign=local,,,,
https://www.planity.com/la-perle-de-moa-08000-charleville-mezieres,,,,
https://www.kalendes.com/site/bulledebeaute08/welcome,,,,
https://philwellness.mystrikingly.com/,,,,
https://www.qipao.fr/salons/charleville-mezieres-330,,,,
https://spa.center.ivof.com/aux-mains-de-fees-salon-de-massage-oriental/,,,,
https://www.claudie-esthetique.fr/,,,,
https://pharmacie-greco.giropharm.fr/,,,,
http://bodybeautybycarla.booksy.com/a/,,,,
http://unebulledesoi39.fr/,,,,
https://zenayainstitut.fr/,,,,
https://www.fc-thermique-roye.fr/,,,,
https://www.emilymassageintuitif.com/,,,,
https://www.la-clef-du-bien-etre.fr/,,,,
https://leboudoirbeauthe.com/,,,,
https://www.jardinbotaniquedenancy.eu/jardin-botanique-jean-marie-pelt,,,,
http://www.lea-sun.com/,,,,
https://www.douceur-de-plume.com/,,,,
https://www.institut-le-pois-de-senteur.fr/,,,,
http://www.planity.com/lescale-des-delices-54920-villers-la-montagne,,,,
https://www.bulleo-bien-etre.fr/,,,,
https://www.massages-cils-douce-serenite.com/,,,,
http://institut-b-l-d.jimdosite.com/,,,,
https://www.kalendes.com/untempspourellle/#/welcome,,,,
http://www.untempspoursoi-villers.fr/,,,,
https://www.serenitywellness.be/?utm_source=google&utm_medium=wix_google_business_profile&utm_campaign=8792384839606862668,,,,
http://jmsaunas.be/,,,,
https://centredebienetrebeatitude.kalendes.com/,,,,
https://www.la-boucotte.fr/,,,,
http://www.vanessanaturellementbelle.com/,,,,
http://baanlantamassage.com/,,,,
https://evasionspabeaute.jimdofree.com/,,,,
https://www.rdv360.com/espace-bien-etre-laxou-54520-laxou?_gl=1%2A1ptmrhq%2A_gcl_au%2AMTA4OTY4Nzc2NC4xNzg1OTUzODY0%2A_ga%2AMTQ4NzIzNzgxNS4xNzM4MjQ2Nzky%2A_ga_7F9QGRF4XH%2AczE3ODYyNzgzOTckbzE3NCRnMSR0MTc4NjI3ODcxOCRqOCRsMCRoMA..,,,,
https://www.azaletmassage.fr/,,,,
https://uneparenthese.be/,,,,
https://www.oxygenea.com/,,,,
https://www.planity.com/bulle-douce-heure-76570-pavilly,,,,
http://www.iletelle76.fr/,,,,
https://be-beaute-esthetique.fr/,,,,
https://www.aunaturelselonmanon.com/,,,,
https://www.planity.com/linstant-beaute-08210-mouzon-tf4,,,,
https://www.soissons-villerscotterets-tourisme.com/,,,,
https://meuhgraph.wixsite.com/institut-emilie,,,,
https://www.amesthetiques.fr/,,,,
https://chateauvillersbocage.com/,,,,
https://www.planity.com/al-care-studio-14310-villers-bocage,,,,
http://www.spaleveildessens.be/,,,,
https://monumentum.fr/monument-historique/pa00078901/villers-aux-bois-chateau,,,,
https://www.emeis.fr/maison-de-retraite-la-montagne-de-reims-villers-allerand-51?utm_source=maison-de-retraite-la-montagne-de-reims-villers-allerand&utm_medium=GGmaps&utm_campaign=visibilite-locale,,,,
https://chateau-termes.com/,,,,
https://www.tourisme-corbieres-minervois.com/balades-et-randonnees/batons-la-campagne/,,,,
https://frmaps.xyz/business/eternail-spa-w2m1k6T4,,,,
https://www.google.com/url?sa=t&source=web&rct=j&url=http://www.villerest.fr/Data/downloads/Article/9243618795_761_lignes-telephoniques-professionnels-de-sante.pdf&ved=2ahUKEwjTm--i_KjmAhVHKBoKHct9Bp8QFjADegQIARAB&usg=AOvVaw162MHzuDsmtlMpHfGiPchJ&cshid=1575908460349,,,,
http://www.lequesnoy.fr/vivre-a-le-quesnoy/le-centre-lowendal/,,,,
https://www.lesjardinsiroise.fr/etablissements/ehpad-villereau-59/,,,,
https://www.planity.com/le-jardin-deden-47210-villereal,,,,
https://www.papybnb.com/liste-ehpad/lot-et-garonne,,,,
https://www.planity.com/le-petit-salon-47210-villereal,,,,
http://www.lougratte.com/frbaignade.html,,,,
https://agrocampus47.org/cfa-villereal/,,,,
https://www.gammvert.fr/magasins/magasin-village-de-villereal?utm_source=GMB&utm_campaign=Multidiffusion&utm_medium=local&utm_content=1027588,,,,
https://www.vacancesnature.org/eclats-1/,,,,
https://hanaebeauteblois.booksy.com/,,,,
https://rdvenligne.dylentab.fr/0254781450/?utm_source=gmb,,,,
http://www.bloismassage.com/,,,,
https://www.acquavillage.it/?utm_source=GoogleMyBusiness&utm_medium=referral&utm_campaign=GoogleMyBusinessCTA,,,,
http://www.bubbleswim.be/,,,,
http://www.odescimes.com/fr/spas/les-clarines-1021,,,,
http://www.purespawellness.be/,,,,
https://www.planity.com/o-coeur-des-sens-78450-villepreux,,,,
http://www.leszacrocs.com/,,,,
https://massagealuilessentiel.odoo.com/,,,,
http://www.mylya-bien-etre.fr/,,,,
http://www.institut-lena.fr/,,,,
https://www.blawnthai.fr/,,,,
https://thierryyou.my.canva.site/massage-s,,,,
https://abizen-massages.fr/,,,,
https://www.unebulledebien-etre.com/,,,,
https://www.treatwell.fr/salon/jet-sun/,,,,
http://www.linstitut77270.com/,,,,
https://www.uneheurepoursoi.com/institut/villeparisis/,,,,
https://lesmainsdequartz.simplybook.it/,,,,
http://nathalielatic.com/,,,,
https://www.maisonducerf.fr/,,,,
https://www.gulli-parc.com/nos-parcs/meaux/?utm_source=google&utm_medium=organic&utm_campaign=mybusiness-website,,,,
https://lesmassagesdedavid.fr/,,,,
https://sylviemassagedetente.com/,,,,
http://www.lesbainsdelaetitia.fr/,,,,
https://www.planity.com/la-serenite-de-lame-77100-meaux,,,,
https://www.planity.com/ying-centre-bien-etre-77100-meaux,,,,
https://www.essentiel-therapie.com/,,,,
https://www.emiliebottollier.fr/,,,,
https://www.planity.com/kimberly-brow-77124-villenoy,,,,
http://www.irripiscine.fr/,,,,
http://www.lesecuriesderutel.com/,,,,
http://zenetsens.com/,,,,
https://www.wakeandgliss.com/,,,,
https://www.cc-clermontais.fr/centre-aquatique/,,,,
https://www.tourisme-sens.com/,,,,
https://www.magicspanails.fr/,,,,
http://www.sofun-village.com/?utm_source=google&utm_medium=wix_google_business_profile&utm_campaign=9843156091626131186,,,,
https://www.centreloisirs-villeneuvesuryonne.com/,,,,
http://www.hl-villeneuve.fr/,,,,
https://beautysc.fr/,,,,
http://www.espacezen47.com/,,,,
https://www.planity.com/espace-beaute-bien-etre-47300-villeneuve-sur-lot-i4a,,,,
https://www.vertigopark.fr/,,,,
https://app.kiute.com/l-harmonie-des-sens/home,,,,
https://reservationbeaute.fr/beautenature/institut-villeneuve-01480,,,,
https://www.koievasion.com/,,,,
https://www.planity.com/nuage-de-douceur-31270-villeneuve-tolosane,,,,
https://artetmassage.fr/,,,,
http://www.estheticienne-lydie.fr/,,,,
http://www.aurythmedesponeys.com/,,,,
https://www.lecocondemelanid.com/,,,,
http://www.maisondubienetre-lons.fr/,,,,
https://www.institut-lonslesaunier.marycohr.com/,,,,
https://www.fresha.com/book-now/relaxyin-bien-etre-a-domicile-ce3yq3wm/all-offer?share=true&pId=2561549,,,,
http://jdsvitalitebienetre.site-solocal.com/,,,,
http://www.89auxpetitssoins.com/,,,,
https://monalisaglow.fr/,,,,
http://catherine-mailliard-luxopuncture.fr/,,,,
http://www.relaxevasion.com/,,,,
http://sarahnailart.com/,,,,
https://neomi-massage-suedois.fr/,,,,
http://www.le-corps-en-conscience.fr/,,,,
http://andreabienetre.com/,,,,
http://anissa-massages.fr/,,,,
https://www.corinneholistic.com/,,,,
https://www.planity.com/royaume-du-head-spa-japonais-06800-cagnes-sur-mer,,,,
http://www.sudline.fr/,,,,
https://infusiondelumiere.my.canva.site/,,,,
http://www.aquazilla.com/,,,,
https://www.montpellier-tourisme.fr/decouvrir/au-coeur-de-la-nature/profiter-de-la-mer/villeneuve-les-maguelone-la-plage-autrement/,,,,
http://www.les-rochers-de-maguelone.com/,,,,
http://aquacentre34.fr/,,,,
http://www.carabel-bienetre.fr/,,,,
https://www.institut-villeneuvelesmaguelone.marycohr.com/,,,,
https://www.massage-villeneuve.fr/,,,,
http://nayane-institut.fr/,,,,
https://siamellemassage.fr/,,,,
http://www.zenthaimassage.fr/,,,,
http://wellnesshome.fr/,,,,
https://www.linstantnaitsens.fr/,,,,
https://benledoula.fr/,,,,
https://spa.accor.com/fr/hotels/1294,,,,
https://www.planity.com/kensoa-centre-de-bien-etre-34000-montpellier,,,,
http://planity.com/estelle-zurano-institut-81500-lavaur,,,,
https://symphonyzen81.wixsite.com/my-site-19,,,,
https://bienetre-onaturel.fr/?fbclid=IwVERDUAQewj1leHRuA2FlbQIxMABzcnRjBmFwcF9pZAwzNTA2ODU1MzE3MjgAAR6zzhK03cx6G2WkNhCi8-WPNNtyL4ZQNlnTeMCplOaypEXlq5nEnWLHZyGbMw_aem_2IPym8_jn-6ZK9qWVI0Lig,,,,
http://www.juliedousset.fr/,,,,
http://linstantreve.booksy.com/a/,,,,
http://www.relaxance.fr/,,,,
https://www.jessicaleduc.com/,,,,
https://letempsduneescale.com/,,,,
https://www.planity.com/so-de-lange-31620-bouloc,,,,
https://www.decathlon.fr/fr/store?store_id=PS_58,,,,
http://www.ap-institut.fr/,,,,
http://www.beziersaventure.com/,,,,
http://aroma-zen.e-monsite.com/pages/coordonnees.html,,,,
http://www.elandeviemassage.fr/,,,,
http://www.piratland.fr/,,,,
http://www.avignon.fr/les-equipements/les-piscines/,,,,
https://www.planity.com/sweet-luxury-beauty-30133-les-angles,,,,
https://www.avignonmassagebienetre.com/,,,,
https://linaturel.fr/,,,,
http://www.carpezen.com/,,,,
http://www.aroma-bien-etre.com/?utm_source=gmb,,,,
https://www.padmargaux.com/,,,,
https://www.planity.com/serenity-head-spa-84000-avignon,,,,
https://www.zocobienetre.fr/,,,,
https://www.lescapade-massage.com/,,,,
http://www.le-spa-de-beaute.net/,,,,
https://www.babyzenspa94.fr/,,,,
https://www.planity.com/new-life-beauty-center-94250-gentilly,,,,
https://www.planity.com/linstitut-demeline-94290-villeneuve-le-roi,,,,
https://www.planity.com/escale-harmony-77174-villeneuve-le-comte,,,,
https://www.likesun92.fr/,,,,
http://aqua92.ucpa.com/,,,,
https://www.ville-gennevilliers.fr/397/sortir-et-bouger/vie-sportive/centre-nautique.htm,,,,
http://www.luxolution.net/,,,,
https://www.rdv360.com/seraphyne,,,,
https://www.santalliees.fr/,,,,
http://www.leauredessens.com/,,,,
https://www.spacapila.fr/,,,,
https://www.institut-castelnaudary.guinot.com/,,,,
https://institut-triaire.com/,,,,
https://studiobienetre.app/p/hair-serenite,,,,
https://www.patriciadilmi-massageadomicile.fr/,,,,
http://www.ccvannepaysothe.fr/,,,,
https://www.planity.com/naiades-headspa-14730-giberville,,,,
https://www.pornic.com/,,,,
http://flotsbleuspaysderetz.wordpress.com/,,,,
https://www.kalendes.com/site/belesprit/welcome,,,,
https://www.la-spa.fr/grandrefuge,,,,
http://solveignauroy.fr/,,,,
https://www.planity.com/selyzen-61000-alencon,,,,
http://eric-maros.fr/,,,,
http://www.votre-bien-etre.fr/,,,,
http://www.la-papaye-verte.com/,,,,
https://mspdumas.fr/,,,,
http://www.tourisme-landesdarmagnac.fr/,,,,
http://sophierobisson.fr/,,,,
https://magasin.gammvert.fr/611760-gamm-vert-de-villeneuve-de-marsan,,,,
https://www.le-domaine-de-la-gahe.fr/,,,,
https://bulle-debienetre.fr/,,,,
http://www.love-room-perpignan.fr/,,,,
https://www.tourisme-pyreneesorientales.com/destination/site-du-lac-de-la-raho-villeneuve-de-la-raho-fr-5742794/,,,,
https://www.ledepartement66.fr/dossier/le-site-du-lac-de-la-raho/,,,,
https://sites.google.com/view/sirinanmassagethai,,,,
https://www.entreterreetciel66.fr/,,,,
https://www.planity.com/maili-cases-massages-et-bien-etre-66100-perpignan,,,,
https://www.planity.com/maison-lucette-66000-perpignan,,,,
https://lecocondesfleurs.fr/,,,,
https://www.fresha.com/fr/book-now/otant-pour-soi-wffzwvut/all-offer?share=true&pId=2657195,,,,
https://cevalmarie.fr/,,,,
https://www.cevalmarie.fr/,,,,
http://www.vitaleo.fr/,,,,
http://www.horsesandco66.fr/,,,,
https://naturopathiepertutti.fr/,,,,
https://www.planity.com/institut-elle-et-le-poudrier-47120-duras,,,,
https://alauredubienetre.fr/,,,,
https://www.instantduras.fr/?fbclid=IwZXh0bgNhZW0CMTEAAR2pHMyCn8LEPg33XU4ajzWmgAvM75GzUlaAgyUAkATDye4d9bqfRNWNAQ8_aem_rLy8jwf110MTw5o1WMGEqw,,,,
https://lacazeamassage.fr/,,,,
https://koezio.co/koezio-lille,,,,
https://asnapio.villeneuvedascq.fr/,,,,
https://bodyfloat.fr/centre-de-flottaison-a-villeneuve-dascq/,,,,
http://www.odouxbercail.com/,,,,
https://www.sabai-lespritbienetre.fr/,,,,
https://www.secret-du-bien-etre.com/,,,,
https://www.amavida.fr/,,,,
https://www.planity.com/adikt-spa-33140-villenave-dornon,,,,
https://www.planity.com/institut-almea-33170-gradignan,,,,
https://www.mlmassage.fr/,,,,
https://moment-detente.e-monsite.com/,,,,
https://www.planity.com/le-mahana-33140-villenave-dornon,,,,
https://www.sublime-ton-essentiel.com/,,,,
https://soinsoria.fr/,,,,
https://xn--formo-esa.com/,,,,
https://muse-bien-etre.com/,,,,
http://jlmassagebienetre.webador.fr/,,,,
https://madelinebienetre.fr/,,,,
https://acorpsmassage.wixsite.com/website,,,,
https://remaidebienetre.com/,,,,
https://www.lisa-couronne.fr/,,,,
https://www.planity.com/sensibelle-head-spa-massage-et-bien-etre-33000-bordeaux,,,,
https://du-massage-au-bien-etre.com/,,,,
https://www.planity.com/latelier-ange-b-33140-villenave-dornon,,,,
https://massagebordeaux.fr/?utm_source=gmb,,,,
https://www.cocktailbienetre31.fr/book-online,,,,
https://www.bricomarche.com/magasin/villemur-sur-tarn/01874?store=01874&utm_source=gmb,,,,
https://www.auxplaisirsvictorieux.fr/,,,,
http://www.cliniquevernhes.fr/,,,,
https://atelier-serenite-marilyne-lortet.jimdosite.com/,,,,
https://www.acasamassage.fr/,,,,
http://le-temple-du-bien-etre.fr/,,,,
http://secrets-de-soins.fr/,,,,
http://lepoudrierdelisa.com/,,,,
https://www.bertheauxpaquerettes.fr/,,,,
http://issanthai11.free.fr/,,,,
https://www.hervelopez-magnetiseur.fr/?utm_source=gmb,,,,
https://www.sumupbookings.com/nathanails,,,,
https://widget.treatwell.fr/salon/belle-audoise-esthetique/,,,,
https://piscinesdelacote.wixsite.com/site,,,,
https://beautyline-relooking.fr/,,,,
https://www.planity.com/beaute-compagnie-91310-longpont-sur-orge,,,,
http://www.campingcarpark.com/,,,,
http://canopeebymarie.fr/,,,,
http://www.douxreflex.fr/,,,,
https://wefit.club/club/salle-de-sport-le-louroux-beconnais-val-derdre-auxence/?utm_source=google&utm_medium=organic&utm_campaign=gbp-listing&utm_content=le%20louroux%20beconnais,,,,
https://www.laparenthese.info/,,,,
https://www.planity.com/beautiful-lp-academy-10800-villemereuil,,,,
http://www.sortilegedelune.com/,,,,
https://www.zenheadspa.fr/,,,,
http://www.acorpsmassage.com/,,,,
https://www.nassofia-bienetre.fr/,,,,
https://csp-esthetique-spa.com/,,,,
https://www.delta-energies-villemandeur.fr/?utm_source=Google_My_Business&utm_medium=Organic&utm_campaign=GMB,,,,
https://energiedetre.com/,,,,
https://www.decathlon.fr/store-view/magasin-de-sports-montargis-amilly-0070065200652,,,,
https://www.jmd-piscine.fr/,,,,
https://www.tourisme-pyrenees-mediterranee.com/site-naturel/lac-de-villelongue,,,,
http://www.tsjwakepark.com/,,,,
http://www.espace-aquatique.com/,,,,
http://institutvanessam.fr/,,,,
https://www.planity.com/institut-olivia-84530-villelaure,,,,
http://www.harasduboiscourtin.fr/,,,,
https://www.onet.fr/ingenierie-services-nucleaires/formations-onet-technologies/,,,,
http://cerepharm.com/,,,,
http://www.idealsun.fr/,,,,
https://sites.google.com/view/lionel-masseur,,,,
http://www.cvdshiatsu.com/,,,,
https://app.rdvesthetique.fr/chrysbeaute94,,,,
http://www.maisonemeraude.fr/,,,,
http://www.larecredespirates.fr/,,,,
http://etangdesfontenils.fr/,,,,
https://hostelfr.click/lilas-sarl-lo4sjj,,,,
http://www.plandeaudesaintgenou.fr/,,,,
https://nicolas-massagespouretre.com/,,,,
https://www.planity.com/leveil-des-sens-33141-villegouge,,,,
https://obienetresensoria.fr/,,,,
http://www.flo2mains.fr/,,,,
https://www.planity.com/bulle-en-brenne-36300-pouligny-saint-pierre?utm_source=gmb,,,,
http://www.les-sens-de-bach.fr/?utm_source=gmb,,,,
https://clim-vitalenergie11.fr/,,,,
https://www.camping-parc-aquatique.fr/,,,,
http://www.institutdebeaute-yolande.com/,,,,
https://www.sens-mag.fr/,,,,
http://institutdivineo.fr/,,,,
https://romainbequignon.com/,,,,
https://escapadedetenteetbienetre.kalendes.com/,,,,
https://accpsycorpo.fr/,,,,
http://www.instant-zen.net/,,,,
https://eloisebienetre.fr/?utm_source=gmb,,,,
https://www.naturopathe-marine-tezier.com/,,,,
https://acalo.fr/,,,,
https://www.babynaiss.fr/,,,,
https://www.espace-mieux-etre.fr/,,,,
http://beauty-derm.fr/,,,,
http://lacitadellevsm.fr/,,,,
https://www.planity.com/le-joyau-dindochine-massage-bien-etre-asiatique-06230-villefranche-sur-mer,,,,
http://www.dauphin-mediterranee.com/,,,,
http://www.evasionspa.com/,,,,
https://parc-en-ciel.com/,,,,
https://www.campingpascher.fr/,,,,
http://hammam-loreli.fr/,,,,
http://www.pause-bien-etre.com/,,,,
https://maison-pivona.fr/,,,,
https://www.chouchoutvous.com/,,,,
http://cocoandco12.wixsite.com/salondouceheure,,,,
https://www.lappel-du-bien-etre.com/,,,,
https://www.ch-villefranche-rouergue.fr/,,,,
https://villefranche-de-rouergue.fr/centre-aquatique-aqualudis/,,,,
https://www.passionbeaute.fr/magasins/villefranche-de-rouergue,,,,
https://www.dordogne.fr/que-faire-en-dordogne/les-incontournables/lac-de-gurson,,,,
http://www.soleneyogadoula.com/,,,,
https://www.meharvan.fr/,,,,
http://www.mutualite31.fr/index.php/les-centres-de-sante-medicaux/,,,,
http://www.terres-du-lauragais.fr/fr/index.html,,,,
https://www.kalendes.com/site/alohaspa/welcome,,,,
https://www.masselia.fr/?utm_source=google&utm_medium=wix_google_business_profile&utm_campaign=5084493649938147133,,,,
https://filorient.com/,,,,
https://www.laparenthesebeaute31.fr/,,,,
https://www.villefranchedeconflent.fr/tourisme/les-remparts/,,,,
http://www.ex-pyr.com/,,,,
https://www.villefranche-de-conflent.com/savonnerie-de-villefranche-produits-naturels/,,,,
https://www.le-monde-de-dinopedia.fr/nos-parcs/dinopedia-experience-villefranche-de-conflent/,,,,
https://www.grand-albigeois.fr/vivre-ici/espaces-aquatiques/,,,,
https://linstitutalbi.kalendes.com/,,,,
http://massagesnomades.com/,,,,
https://www.planity.com/namjai-head-spa-38090-villefontaine,,,,
https://www.planity.com/head-spa-therapy-38540-heyrieux,,,,
http://www.holicare-group.com/,,,,
https://sites.google.com/view/evasion-intuitive/accueil,,,,
https://clemana-massages.fr/,,,,
https://art-des-sens.fr/fr_FR/,,,,
http://charlynebls-hair-makeup.fr/,,,,
https://head-spa-38290-la-verpilliere.my.canva.site/warda-s-beauty-head-spa-institut-de-beaute-38290-la-verpilliere,,,,
https://www.sentuitiv.fr/,,,,
http://physeal.jimdo.com/,,,,
https://www.laboiteacabots.com/,,,,
https://piscines.agglo-larochelle.fr/etablissements/piscine-lucien-maylin,,,,
https://swimngo.fr/,,,,
https://laminoteriedubour.wixsite.com/monsite,,,,
https://www.villedieutourisme.com/,,,,
http://www.surunnuage-relaxation.fr/,,,,
https://www.planity.com/lilo-bien-etre-50800-villedieu-les-poeles-rouffigny,,,,
https://www.energie-robine.fr/,,,,
https://mps.villedieu-les-poeles.fr/,,,,
http://www.bullonsbien86.com/,,,,
http://www.massage-ayurvedique-86-17.fr/,,,,
https://www.eauxdevienne.fr/,,,,
https://lei-cigales.fr/,,,,
https://www.planity.com/nature-bien-etre-lilie-83690-villecroze,,,,
https://www.clinique-villecresnes.com/fr/,,,,
https://www.hynaesens.fr/,,,,
http://christine-dumont.com/,,,,
http://www.pilatesvillecresnes.fr/,,,,
https://www.bricomarche.com/magasin/villecresnes/20101?store=20101&utm_source=gmb,,,,
http://www.barbararosa.com/,,,,
https://www.planity.com/defi-beaute-94440-villecresnes,,,,
https://www.planity.com/linstitut-de-marie-94440-villecresnes,,,,
http://www.chateaudevilleconin.fr/,,,,
http://www.letredanssabulle.fr/,,,,
https://www.gers-sante.fr/le-centre-departemental-de-sante-du-gers/les-centres-de-sante/antenne-territoriale-de-sante-de-villecomtal-sur-arros,,,,
http://www.bluebox-troyes.fr/,,,,
http://www.womba-parc.fr/,,,,
https://lestroiscorps.webnode.fr/,,,,
http://etrierdevillebret.wixsite.com/allier,,,,
https://www.laetitiaolivier.com/,,,,
http://www.langeduheadspa.fr/,,,,
https://lesmomentsheureux-91.lovable.app/,,,,
https://www.decathlon.fr/store-view/magasin-de-sports-villebon-sur-yvette-essentiel-0070112501125?utm_campaign=fr_nc-cta-siteweb_f-aw_&utm_medium=organic&utm_source=googlelocal,,,,
https://www.marionnaud.fr/magasin/marionnaud-villebon,,,,
https://www.planity.com/be-by-manuela-91140-villebon-sur-yvette,,,,
https://www.trampolinepark.fr/paris-palaiseau/?utm_source=google&utm_medium=gmb&utm_campaign=gmb_website_paris_palaiseau,,,,
http://salon.mengshi.fr/,,,,
http://www.maalyaanmassages.com/,,,,
http://www.massages-nogido.fr/,,,,
https://aucoeurdulien.wordpress.com/,,,,
https://harmoderm.fr/,,,,
http://www.leffetzen.fr/,,,,
https://www.fitnesspark.fr/club/villebon-sur-yvette-aushopping/?utm_medium=Local_Inventory&utm_source=GMB&utm_campaign=Villebon-sur-Yvette-Aushopping&utm_content=Yext,,,,
https://www.nocibe.fr/fr/l/villebon-sur-yvette/parfumeries/02560545?utm_source=google&utm_medium=organic&utm_campaign=local,,,,
https://www.villebon-sur-yvette.fr/a-tout-age/enfance-vie-scolaire/1448-centre-de-loisirs-du-bois-des-gelles-old-2,,,,
http://oplaisirdessoins.fr/,,,,
https://www.lespadespins-salaise.fr/,,,,
https://www.thalasseo.com/,,,,
http://chateaudevilleboislavalette.com/,,,,
https://sylinaspa.fr/,,,,
http://www.demainsapieds.com/,,,,
http://www.ness-institut.com/,,,,
https://www.youpiparc.com/parc/youpi-parc-saumur-49/,,,,
http://saumuractionformation.com/,,,,
http://gaultier-horticulture.fr/,,,,
http://www.saumur-equipassion.com/,,,,
https://www.newjump.com/saumur,,,,
https://www.ch-saumur.fr/,,,,
https://www.planity.com/institut-bien-etre-41000-villebarou,,,,
http://www.decathlon.fr/fr/store?store_id=PS_195,,,,
http://www.agglopolys.fr/1692-la-pataugeoire-du-parc-des-mees.htm,,,,
https://www.qipao.fr/salons/blois-cora-247?utm_source=GoogleMaps&utm_medium=organic&utm_campaign=Ficheblois-cora,,,,
https://www.uneheurepoursoi.com/institut/uhps-blois/,,,,
http://seigneurie-jarnioux.com/,,,,
http://www.parcdeseynauds.com/,,,,
https://www.ville-la-grand.fr/,,,,
http://www.lesjardinsdelavire.com/,,,,
https://www.gulli-parc.com/nos-parcs/la-ville-du-bois/?utm_source=google&utm_medium=organic&utm_campaign=mybusiness-website,,,,
https://maison-du-bien-etre.reservio.com/booking,,,,
https://www.bricomarche.com/magasin/la-ville-aux-dames/04775?store=04775&utm_source=gmb,,,,
http://www.cc-valdamboise.fr/centre-aquatique-du-val-damboise/,,,,
http://www.apa37.com/?utm_source=gmb,,,,
http://www.boisdesreves.be/,,,,
https://www.boisdesreves.be/activites/spray-park/,,,,
http://www.chateaudevilleauval.fr/,,,,
https://www.maison-sante-villars.fr/kinesitherapeute/centre-de-balneotherapie/,,,,
https://www.maison-sante-villars.fr/,,,,
https://www.corinne-esthetique-villarslesdombes.com/,,,,
https://parc-aventure-fontdouce.com/,,,,
https://www.verdontourisme.com/,,,,
https://rocknbeervalfrejus.wixsite.com/darjeeling-club,,,,
http://www.parc-laventure.fr/,,,,
http://www.institutlartdevivre.com/,,,,
https://www.lesensdeleau-jura.fr/,,,,
http://www.esf-villard-reculas.com/,,,,
https://www.villard-reculas.com/,,,,
https://www.decathlon.fr/store-view/magasin-de-sports-villard-de-lans-0070354203542,,,,
http://www.villarddelans.com/,,,,
https://residence-le-diamant.com/,,,,
https://www.bricomarche.com/magasin/villard-de-lans/01823?store=01823&utm_source=gmb,,,,
http://www.kidparc.com/,,,,
http://www.chateaudevillandraut.fr/,,,,
http://www.accordeau.com/contact.htm,,,,
https://tourisme-isleperigord.com/visiter/chateau-de-barriere/,,,,
https://www.centrebaanthai.fr/,,,,
http://musee-vanneries.fr/,,,,
https://www.planity.com/a-fleur-de-peau-53700-villaines-la-juhel,,,,
http://hopitalvillaines.com/,,,,
https://www.hopitalvillaines.com/,,,,
https://www.malp.fr/,,,,
http://lacpaladru.com/,,,,
https://www.terresdelac.com/fr/rentals/610634-seeblick-chalet-romantique-spa-vue-lac,,,,
https://institutindigo.fr/,,,,
https://www.eveilaquatiquebeaune.com/,,,,
http://www.md-zen.fr/,,,,
http://www.jet7propriano.com/,,,,
http://www.mairie-propriano.com/,,,,
https://naturopathe-ayurveda-massage.fr/,,,,
http://massenaturo.my.canva.site/,,,,
https://cta-thur.fr/,,,,
https://auniddamour.fr/,,,,
https://frmapsy.com/business/la-paillote-ardennaise-GkypYAuc,,,,
https://panoramakreyol.fr/,,,,
https://www.tourismefrance.info/2023/07/thermes-des-bains-jaunes-971.html,,,,
https://www.iguanehouse.com/,,,,
https://www.lsbadeline.fr/,,,,
https://guadeloupe.tourismefrance.info/bassin-de-morne-%C3%A0-leau-971,,,,
https://www.meretgolf.com/mon-sejour/108-vieux-boucau-residence-le-boucanier.html,,,,
https://sites.google.com/view/parcdattractionmessangessud/accueil,,,,
https://www.lexperienceappartements.fr/nos-logements/laventurier,,,,
http://oreposdessens.com/,,,,
https://nuagebeauty.fr/,,,,
https://www.institut-riviera-vierzon.com/,,,,
https://www.bricomarche.com/magasin/vierzon/20118?store=20118&utm_source=gmb,,,,
http://lembusque-omaha.com/,,,,
https://www.hyatt.com/de-DE/spas/Arany-Spa/home?src=prop_vieph_de_misc_gmb_website_x,,,,
https://www.wien.gv.at/umwelt/parks/anlagen/wasser.html,,,,
http://lacdeviennay.com/,,,,
http://jardins-vielsmaisons.net/,,,,
https://www.lilyland.fr/,,,,
https://www.planity.com/linstitut-de-beaute-marion-averous-81570-vielmur-sur-agout,,,,
https://www.gites64.com/,,,,
https://www.lesbordoceanes.fr/,,,,
https://www.maisonbalneo.fr/,,,,
https://www.spa-lacourdesconsuls.com/,,,,
https://magasin.irripiscine.fr/normandie/eure/le-vieil-evreux/irripiscine-by-irrijardin-evreux,,,,
https://hameaudegitesdelachassagne.ellohaweb.com/,,,,
https://le-comptoir-du-massage.jimdosite.com/,,,,
https://aquazen-taradeau.sumupstore.com/,,,,
https://www.planity.com/cananga-jetpeel-twin-slim-radiofrequence-rejulight-83550-vidauban,,,,
https://www.bernaqua.ch/,,,,
http://www.lessports.ch/,,,,
http://www.gite-laserenne.com/,,,,
http://www.pyrenees-ariegeoises.com/,,,,
http://www.montcalm-aventure.com/,,,,
http://www.montcalmaventure.com/,,,,
https://www.cascadesdelartigue.fr/,,,,
https://www.groupe-ugecam.fr/ugecam-centre-alpc,,,,
https://le-w-spa.webnode.fr/,,,,
http://www.frontignan-tourisme.com/,,,,
https://www.residences-perche-sarthois.fr/,,,,
https://www.planity.com/eden-institut-95270-viarmes,,,,
http://www.massagesotop.fr/,,,,
http://www.sherwoodparc.com/,,,,
http://www.cafe-marronniers.com/?utm_medium=referral&utm_source=gmb&utm_campaign=lnk-gmb,,,,
https://www.communedeviam.fr/loisir/lac-de-viam/,,,,
https://www.communedeviam.fr/patrimoine/le-barage/,,,,
https://cevennescanyoning.com/,,,,
http://www.valerierossi.fr/,,,,
https://www.herondesraspes.fr/fr-fr/restaurant-au-bord-de-leau,,,,
https://tour-du-viala.com/,,,,
https://www.biendansmonetre.fr/,,,,
https://www.tourismefrance.info/2024/10/cascade-de-la-terrisse-15.html,,,,
https://www.bricomarche.com/magasin/vescemont/07874?store=07874&utm_source=gmb,,,,
https://www.hoteldeshorlogers.com/,,,,
https://grinyland.com/,,,,
https://www.mb-agglo.com/le-pole-aquatique/,,,,
https://yogathierache.jimdofree.com/,,,,
https://www.popcornlabyrinthe.fr/berck,,,,
http://dearbody63.reservio.com/,,,,
https://naturalparc.com/?utm_source=google&utm_medium=ficheGBP,,,,
http://www.termedigiunone.it/,,,,
https://www.planity.com/centre-de-beaute-et-bien-etre-27200-vernon,,,,
https://www.asljmauriac.com/base-nautique-longayroux,,,,
https://usvckfr.wordpress.com/,,,,
https://www.wampark.fr/base/frejus-le-muy/,,,,
https://www.autre-parenthese.com/,,,,
http://www.aquaverdon.com/,,,,
https://www.massagemrauk-u.com/,,,,
https://www.planity.com/beauty-sud-x-lashesartist-30310-vergeze,,,,
http://oliviabeaute.blogspot.com/,,,,
http://www.etretat.fr/index.php/Viesportiveetloisirs?idpage=83&idmetacontenu=259&iddossiercontenu=38,,,,
https://www.piscines-de-france.fr/,,,,
http://aquaverdon.com/,,,,
https://www.planity.com/just-et-maison-maela-83560-saint-martin-de-pallieres,,,,
https://aquacentreaunelle.fr/,,,,
https://detente-corporelle.fr/,,,,
https://www.google.com/url?sa=t&source=web&rct=j&opi=89978449&url=https://www.parknauticverberie.com/&ved=2ahUKEwja477ogNyUAxWIQaQEHe6MMfkQFnoECCIQAQ&usg=AOvVaw039BPaBtOrnCs7wkDu2hGq,,,,
https://www.hotel-le-castel.com/spa-phytomer/,,,,
https://www.fitswimfamily.fr/,,,,
http://www.corse-canyoning-parc.com/,,,,
https://campingsauguesgeva.wixsite.com/base-loisirs-seuge/nautique,,,,
http://masdessousbois.fr/,,,,
http://www.les2alpes.com/,,,,
https://www.hammam-argana.com/,,,,
http://www.melinacenter.com/,,,,
https://www.hammam-larabesque.com/,,,,
https://www.bain-dorient.com/,,,,
https://www.agglo-compiegne.fr/nous-contacter,,,,
https://speedpark.fr/jaux-compiegne/,,,,
https://www.agglo-compiegne.fr/le-parc-de-bayser,,,,
https://www.bricomarche.com/magasin/venerque/02425?store=02425&utm_source=gmb,,,,
https://www.mairie-eaunes.fr/votre-ville/aqua-elna/,,,,
https://presdulac.net/,,,,
http://www.estellelambert.fr/,,,,
https://www.sawasdee-venelles.fr/,,,,
http://www.espacevenelles-medecinedouce.fr/,,,,
http://www.bien-etre-venelles.com/,,,,
https://www.spavendomois.com/,,,,
https://www.decathlon.fr/store-view/magasin-de-sports-decathlon-lens-vendin-le-vieil-0070009600096?utm_campaign=fr_nc-cta-siteweb_f-aw_&utm_medium=organic&utm_source=googlelocal,,,,
https://www.vortex-experience.com/,,,,
https://www.trampolinepark.fr/strasbourg-mundolsheim/?utm_source=google&utm_medium=gmb&utm_campaign=gmb_website_mundo,,,,
https://www.vendays-montalivet-tourisme.fr/,,,,
https://laurore-des-sens.com/,,,,
http://www.ventouxprovence.fr/,,,,
https://www.terredebeaute85.fr/,,,,
https://www.institut-venansault.guinot.com/,,,,
http://lapetitefermeduparadis.fr/,,,,
http://www.zenattitude-echevanne.fr/zen-attitude.pdf,,,,
https://www.planity.com/ocoeur-de-letre-13880-velaux,,,,
http://www.anais-esthetique.com/,,,,
https://www.foretgoupil.fr/,,,,
http://www.aventures-velaine.fr/,,,,
https://www.planity.com/kallista-74140-veigy-foncenex,,,,
https://www.institut-veigne.marycohr.com/,,,,
https://www.planet-park.com/parcdejeuxindoor/parc/vedene/12/,,,,
https://www.royalkids.fr/parcs/vedene,,,,
http://www.weeky-parc.fr/,,,,
https://au-cedre-vayres.eatbu.com/,,,,
https://www.pays-de-blain.com/sport-tourisme-culture/centre-aquatique-canal-foret/,,,,
http://www.centre-nautique-saint-palais.fr/,,,,
https://www.bourgenbresse.fr/265-bouvent.htm,,,,
http://www.medicisvauxandigny.com/,,,,
http://c-reflexo.com/,,,,
https://circuskids.fr/,,,,
http://cergy-pontoise.iledeloisirs.fr/,,,,
http://butte-vauquois.fr/,,,,
https://www.aubergelasobronade.fr/?utm_source=gmb,,,,
https://www.sisteron-buech.fr/saventurer/loisirs-et-activites-de-plein-air/lieux-de-baignade/plan-deau-des-marres-a-sisteron/,,,,
https://www.grenoble-tourisme.com/fr/ou-dormir/tous-les-hebergements/detail/chambres-et-gites/serenity-suite-uriage-6720104/,,,,
http://urlr.me/qS9hZ4,,,,
https://casacocoonspa.com/,,,,
https://www.cnjtourisme.fr/,,,,
http://www.gitelesorchidees.com/,,,,
https://www.tourismefrance.info/2023/04/pointe-du-vauclin-972.html,,,,
https://martinique.airlocal.com/fr/decouvrir/faire-voir/activites-locales/randonnees/boucle-vauclin-trou-cochon/,,,,
http://www.boulikibio.com/,,,,
http://www.villa-victoria.fr/?utm_source=gmb,,,,
https://www.tourismefrance.info/2023/04/plage-pointe-faula-672.html,,,,
http://ranch-anse-macabou.com/?utm_medium=referral&utm_source=gmb&utm_campaign=lnk-gmb,,,,
https://mspaloevera.fr/,,,,
http://www.mayabeachclub.com/,,,,
http://vauclindecouverte.fr/,,,,
https://www.tourismefrance.info/2023/04/plage-danse-macabou-972.html,,,,
https://www.minstitut49.fr/,,,,
https://www.vercors-experience.com/espace-ludique-du-lac-de-la-combe-oursiere.html,,,,
https://www.moutonvillage.fr/,,,,
http://www.chateauvascoeuil.com/,,,,
https://www.vars.com/ete/envies/activites/piscine/,,,,
http://www.bainsdevars.com/,,,,
http://badaboum-parc.fr/,,,,
http://www.chateaudelongpre.fr/,,,,
https://ch-nevers.fr/fr,,,,
http://www.hammam-lesbainsdelorient-77.com/,,,,
https://leposeidonloisirs.com/,,,,
https://www.decathlon.fr/store-view/magasin-de-sports-varennes-sur-seine-0070054900549,,,,
https://www.planet-park.com/parcdejeuxindoor/parc/varennes-sur-seine/17/?utm_source=gmb,,,,
http://www.parc49-saumurforestaventures.fr/,,,,
https://www.bricomarche.com/magasin/varennes-sous-dun-la-clayette/04309?store=04309&utm_source=gmb,,,,
http://www.passylestours.fr/,,,,
http://le-grand-varennes.gaqo.net/,,,,
https://ville.varennes.qc.ca/activites/complexeaquatique,,,,
http://www.vasterival.fr/,,,,
https://shamrock-varengeville.com/,,,,
https://www.chateaudevarengevillesurmer.com/,,,,
http://www.restaurant-varengeville.com/,,,,
https://www.boisdesmoutiers.com/,,,,
https://www.varces.fr/au-quotidien/cadre-de-vie-et-environnement/parcs-et-aires-de-jeux/215-le-parc-beylier,,,,
http://visiteminedevarangeville.com/,,,,
https://www.lavoluptedessens.fr/,,,,
https://www.institut-kinesitherapie.paris/instituts/ik-vanves/?utm_source=google&utm_medium=organic&utm_campaign=gmb-IKVanves,,,,
http://www.jardindacclimatation.fr/,,,,
https://www.seineouest.fr/,,,,
https://www.vitaleau.fr/,,,,
https://luniversdo.fr/,,,,
http://www.yakapark.fr/,,,,
https://www.foretadrenaline.com/vannes/,,,,
https://www.nancy-tourisme.fr/offres/jardin-deau-nancy-fr-2036973/,,,,
https://sites.google.com/view/balaruc-les-bains-locations/appartement-2-pieces,,,,
https://www.dorchestercollection.com/paris/le-meurice/wellness,,,,
https://www.valmeinier.com/,,,,
http://www.chalets-armera.com/,,,,
https://cdn.prod.website-files.com/622a2d15d504be72e4d7d832/695e4c673e73ead9bfa34786_CARTE%20MENU%20ALPIN.pdf,,,,
https://pullup-cerdanya.com/,,,,
https://www.yourtebienetre.com/,,,,
https://www.passionviaferrata.fr/via-ferrata-de-la-cascade-de-berard/,,,,
http://www.haute-savoie-tourisme.org/nature/grottes/5826291-grotte-a-farinet,,,,
http://www.lecafecomptoir.com/,,,,
http://www.vallorcine.com/,,,,
https://ardeche.one/karst-arche-du-pont-d-arc-ardeche/,,,,
https://www.grottechauvet2ardeche.com/,,,,
https://www.leboncoin.fr/locations_saisonnieres/2346635144.htm,,,,
https://museecanaldeberry.fr/evenements/location-de-bateaux-electriques/,,,,
http://www.valloire.com/,,,,
http://www.domainedevalliquerville.fr/,,,,
http://www.bulles-and-body.fr/,,,,
https://www.bricomarche.com/magasin/vallet/01264?store=01264&utm_source=gmb,,,,
https://labaignade-valleroy.toolix.fr/,,,,
https://www.chateau-de-valleroy.fr/,,,,
https://www.sport-bien-etre-corse.com/sports-aquatiques-corse/en-mer-camping-merendella.php,,,,
https://corsicacamping.com/,,,,
https://www.vallauris-golfe-juan.fr/annuaire/547212/19309-base-nautique.htm,,,,
https://www.cannes.com/fr/sport/piscines/piscine-montfleury.html,,,,
https://www.planity.com/les-moments-zen-83160-la-valette-du-var,,,,
http://www.kiddyparc.com/,,,,
http://creteil.iledeloisirs.fr/,,,,
http://www.limeil-brevannes.fr/,,,,
https://creteil-iledeloisirs.diptick.fr/,,,,
https://marseille-peypin.leboisdeslutins.com/fr/parc-loisirs/index,,,,
https://eclairdebienetre.fr/,,,,
https://www.decathlon.fr/store-view/magasin-de-sports-montbeliard-0070023100231,,,,
https://pizzaqualita.fr/,,,,
https://www.jump-street.fr/,,,,
https://www.durance-luberon-verdon.com/valensole/route-de-la-lavande-du-plateau-valensole.html,,,,
https://www.lavandes-angelvin.fr/,,,,
https://www.durance-luberon-verdon.com/,,,,
http://www.emotion-elle.fr/,,,,
https://terresdoc.vyv3.fr/CRPA,,,,
https://www.valencayberryvaldeloire.fr/,,,,
https://www.institutesprit-beaute.fr/,,,,
http://www.les-barons-perches.com/,,,,
https://avovaldoie.fr/,,,,
https://lesbullesdeclo.my.canva.site/,,,,
http://www.institutdebeaute-cybele.fr/,,,,
https://www.spasophia.fr/home,,,,
http://www.aventure-floreval.fr/?utm_source=gmb,,,,
http://www.lery-poses.fr/activites/teleski-nautique,,,,
https://www.piscinelarchipel.com/,,,,
https://www.gorgesdufier.com/,,,,
http://www.evolution2.com/val-cenis,,,,
https://sportsloisirsdesmontagnes.com/le-family-park/,,,,
http://www.institutvaldanast.com/,,,,
https://www.beautedessens.com/,,,,
https://www.provenceromaine.com/,,,,
https://www.vaison-ventoux-provence.com/,,,,
https://www.franceloc.fr/camping-france-provence_alpes_cote_d_azur-malissonne-FR.html,,,,
http://www.vaison-ventoux-provence.com/,,,,
http://massage-vaires-sur-marne.com/?utm_source=gmb&utm_medium=referral,,,,
http://www.bio-form-spa.com/,,,,
https://www.planity.com/chamess-essence-34570-vailhauques,,,,
https://www.planity.com/maison-avea-laser-34570-vailhauques,,,,
https://lepavillondelevidence.com/,,,,
http://www.indy-parc.com/,,,,
http://www.aventure-parc.fr/?utm_source=gmb,,,,
http://www.park-eau.com/,,,,
https://www.oform.net/,,,,
http://laroutedulin.com/,,,,
https://www.eliospa.fr/spas/eliospa-marmotel-et-spa/,,,,
http://www.mairie-huttenheim.fr/,,,,
http://www.junglewakepark.fr/,,,,
https://www.puremontagne.fr/fr/a-voir/parc-alpha#regdl=categories,,,,
https://www.ecomusee-usson-en-forez.fr/,,,,
http://www.parc-usson-aventures.fr/,,,,
https://www.natyv-zen.fr/,,,,
https://lesfleuvesdelessentiel.fr/,,,,
http://www.horizonbien-etre.fr/,,,,
https://magasin.aquilus-piscines.com/111-aquilus-piscines-et-spas-ussel?utm_source=gmb,,,,
https://www.tourisme-hautecorreze.fr/,,,,
http://www.ussel19.fr/,,,,
http://www.blanchemaison.com/,,,,
https://nacqueville.com/,,,,
http://www.villa-chanteclerc-cotentin.fr/,,,,
https://www.en-pays-basque.fr/territoires-et-destinations/le-pays-charnegou-ou-xarnegu/urt/,,,,
https://www.en-pays-basque.fr/territoires-et-destinations/cote-basque/urrugne/,,,,
https://www.decathlon.fr/store-view/magasin-de-sports-urrugne-saint-jean-de-luz-0070319203192,,,,
https://www.lepleindenature.com/canyon-en-eau-chaude,,,,
https://www.zooupie.com/fr/,,,,
https://www.mamabali-spa.com/?utm_source=google&utm_medium=gmb,,,,
http://parc-jeux-paysbasque.com/,,,,
https://lesbainsdesbois.com/,,,,
http://www.barcelonnette.com/,,,,
http://www.sauze.com/,,,,
http://www.la-madeleine-perigord.com/,,,,
https://eauvive.fr/,,,,
http://ocharmesdelaforetdorient.com/,,,,
https://institutturbie.bonkdo.com/fr,,,,
https://www.menton-riviera-merveilles.fr/,,,,
https://www.bricomarche.com/magasin/la-turballe/04597?store=04597&utm_source=gmb,,,,
https://www.campingleschardonsbleus.com/,,,,
https://alopiscine.fr/,,,,
http://www.ajust-tif-coiffure-laturballe.fr/,,,,
http://ile-aux-pirates.wixsite.com/ileauxpirates,,,,
http://www.lavilladespagne.fr/,,,,
http://www.ch-tulle.fr/,,,,
https://www.decathlon.fr/store-view/magasin-de-sports-tulle-essentiel-0070111601116?utm_campaign=fr_nc-cta-siteweb_f-aw_&utm_medium=organic&utm_source=googlelocal,,,,
https://www.contreesvertes.com/,,,,
https://tugeras-st-maurice.fr/vie-pratique/salle-polyvalente,,,,
http://www.aubergedelabbaye72.com/,,,,
http://abbaye-tuffe.blogspot.fr/,,,,
https://lelointain.fr/,,,,
https://app.kiute.com/so-wellness/category/5769940544389120,,,,
https://www.suhaspa-institut.fr/,,,,
http://www.maywildpb.com/,,,,
http://www.truchtersheim.fr/fr/information/69709/le-parc-eco-pedagogique,,,,
https://www.bourges.infoptimum.com/pro/trouy-nord/massages-bien-etre-relaxation/voyage-des-sens-1036.html,,,,
https://www.villedetrouy.fr/ma-ville/service-enfance-scolaire/centre-de-loisirs/,,,,
https://www.decathlon.fr/store-view/magasin-de-sports-grenoble-la-tronche-0070003000030,,,,
https://www.lerelaisdelavoiesacree.fr/,,,,
https://www.cc-serreponconvaldavance.com/,,,,
https://www.authenticwakepark.com/,,,,
http://soinsdecamargue.fr/,,,,
https://www.planity.com/spavana-78510-triel-sur-seine,,,,
https://www.harmoniabienetre.fr/,,,,
https://zalona.fr/,,,,
https://osensk.fr/,,,,
https://beauty-maria78.squarespace.com/,,,,
http://sangaia-samsa.kalendes.com/,,,,
http://spotoncentre.com/,,,,
https://www.decathlon.fr/store-view/magasin-de-sports-decathlon-essentiel-trie-chateau-0070112601126?utm_campaign=fr_nc-cta-siteweb_f-aw_&utm_medium=organic&utm_source=googlelocal,,,,
https://www.cdson.org/,,,,
https://www.dinan-agglomeration.fr/activites-et-loisirs/pleine-nature/base-de-loisirs-de-betineuc/,,,,
https://www.institut-naturelle.fr/,,,,
https://www.mbesmassages.com/,,,,
https://www.planity.com/jb-centre-esthetique-13530-trets,,,,
https://www.trets.fr/office-de-tourisme/,,,,
https://www.bricomarche.com/magasin/trets/02013?store=02013&utm_source=gmb,,,,
https://www.spa-bien-etre.fr/soins-energetique,,,,
https://www.massagesdumonde-aixlesbains.fr/,,,,
https://www.masnatura.fr/,,,,
https://linadesthetique.bookinbeautiful.fr/r/NVNZO1,,,,
https://www.pays-bergerac-tourisme.com/fr,,,,
https://parc-tremblay.fr/,,,,
http://www.laetitiamorin.com/,,,,
https://oasalis.fr/,,,,
http://www.youpiland-lapalmyre.fr/,,,,
https://www.kreiz-breizh.fr/base-daccueil-et-de-loisirs-de-pen-ar-hoat/,,,,
https://www.decathlon.fr/store-view/magasin-de-sports-perigueux-boulazac-0070019900199,,,,
https://le-petit-caruso.eatbu.com/?lang=fr,,,,
https://annuaire-sante.vyv3.fr/etablissements/pays-de-la-loire/maine-et-loire-49/trelaze/soins-medicaux-et-de-readaptation/centre-de-soins-medicaux-et-de-readaptation-saint-claude-groupe-vyv,,,,
https://www.decathlon.fr/store-view/magasin-de-sports-angers-les-ponts-de-ce-0070055300553,,,,
https://www.tourismecorreze.com/fr/tourisme_detail/lac_des_bariousses.html,,,,
http://sportsnature-correze.com/,,,,
https://www.destination-broceliande.com/office-de-tourisme-ploermel-josselin-trehorenteuc/,,,,
https://www.tourismebretagne.com/offres/plage-de-la-baleine-tregunc-fr-2573390/,,,,
https://www.toutendouceur-tregunc.com/,,,,
https://o-paradis.fr/,,,,
https://www.decathlon.fr/store-view/magasin-de-sports-saint-brieuc-tregueux-0070019800198,,,,
https://www.bricomarche.com/magasin/tregueux/20254?store=20254&utm_source=gmb,,,,
https://apaa-tregrom.com/,,,,
https://www.planity.com/mirabelle-56250-trefflean,,,,
https://lamaisondncoiffureinstitut.fr/,,,,
http://www.revesdemer.com/,,,,
http://entrepreneurs.cae22.coop/-isabelle-henriot-.html,,,,
http://www.levillagegaulois.org/,,,,
https://www.centrenautique-tredrezlocquemeau.bzh/,,,,
http://www.chateau-tredion.fr/,,,,
http://www.lesjardinsdekerdalo.com/,,,,
http://www.amourdegites.com/,,,,
https://www.bretagne-cotedegranitrose.com/mon-sejour/visites-et-decouvertes/les-espaces-naturels/decouverte-du-gouffre-de-plougrescant/,,,,
https://www.soleillevantmassage.fr/,,,,
http://www.evasion-indienne.fr/,,,,
https://www.grand-carcassonne-tourisme.fr/la-destination/les-beaux-villages/trebes/,,,,
https://www.bricomarche.com/magasin/trebes/03561?store=03561&utm_source=gmb,,,,
https://www.traubach-le-haut.fr/salle-la-traubachoise--1602236961.html,,,,
http://www.auparadisdesenfants.fr/,,,,
https://www.foretadrenaline.com/saint-pere/,,,,
https://www.tourisme-marchesdebretagne.com/decouvrir/recrenature-et-la-foret-de-villecartier/,,,,
https://www.decathlon.fr/store-view/magasin-de-sports-draguignan-trans-en-provence-0070017100171,,,,
https://easyrendezvous.fiducial.fr/lorientalspacoiffure-latranchesurmer?fbclid=IwdGRjcANONdRjbGNrA041xmV4dG4DYWVtAjExAAEe3OUW58nAlXEx4CHOUVgjp7B8ecVhH_ss92J4R3gWhOs3uCbnYTpazqWmUCg_aem_Rf5rVWCbJCzAGcKp0FIBuA,,,,
http://www.waterfun.fr/,,,,
https://pitouparc58.wixsite.com/hivegamespitouparc,,,,
http://www.touverac.fr/articles.php?lng=fr&pg=147&tconfig=0,,,,
https://bedanne.com/,,,,
https://www.coutainville-plaisance.fr/,,,,
https://www.decathlon.fr/store-view/magasin-de-sports-rouen-tourville-la-riviere-0070008900089?utm_campaign=fr_nc-cta-siteweb_f-aw_&utm_medium=organic&utm_source=googlelocal,,,,
https://espace360.net/rouen/,,,,
https://museesetcentresdart.caprovenceverte.fr/musee-des-gueules-rouges/,,,,
https://www.la-provence-verte.net/activites/patrimoine-tourves-chateau-de-valbelle_186.html,,,,
http://www.gites-la-roussiere.fr/,,,,
http://ch-ple.fr/,,,,
https://www.planity.com/nature-et-sens-head-spa-14130-pont-leveque,,,,
https://frloc.click/espace-spa-trois-ablyjz,,,,
https://www.lacsdelagermanette.fr/,,,,
http://lafontaineessentielle.fr/,,,,
http://www.ccregionfrevent.fr/,,,,
http://www.pilat-tourisme.fr/,,,,
https://monumentum.fr/chateau-pa00105359.html,,,,
https://cavalkid.fr/,,,,
http://www.terraltitude.com/,,,,
https://partners.doctolib.fr/centre-de-sante/sedan/centre-de-vaccination-covid-ars-ardennes?pid=practice-167625&enable_cookies_consent=1,,,,
http://piscines.grand-cubzaguais.fr/,,,,
https://rca-charleroi.be/piscines/centre-aquatique-marcinelle,,,,
http://www.lecheneperche.com/,,,,
http://www.musee-eau.fr/,,,,
https://www.pontenroyans.com/,,,,
https://www.pontenroyans.fr/,,,,
http://www.pontenroyans-vercors.fr/3634-refuge-camping.htm,,,,
https://giteofr.click/camping-municipal-sereines-nsbuq5,,,,
https://massage-et-energetique.com/,,,,
https://musee-eau.fr/les-actualites,,,,
https://www.chsjura.fr/offre-de-soins/poles-et-structures/poles-adultes/,,,,
https://cinderellaformation.fr/,,,,
https://www.chateauduperron.com/,,,,
http://www.alligator-bay.com/?utm_source=gmb,,,,
http://lejardindemireille.fr/,,,,
http://www.lesjardinsdewesserling.org/,,,,
http://www.aquasud-differdange.lu/,,,,
https://www.moulin-baine.com/carte-et-menus/,,,,
https://suong-bienetre.com/,,,,
https://www.nat-et-a.com/,,,,
https://iremiacentredesoins.fr/,,,,
https://www.centerparcs.nl/,,,,
https://vin-vouvray-cathelineau.com/,,,,
http://www.chateaudevalmer.com/,,,,
http://www.domaineparis-pereetfils.com/,,,,
http://www.aixlesbains-rivieradesalpes.com/,,,,
https://www.mgen.fr/etablissements/centres-de-soins-de-suite-et-de-readaptation/chanay-01/,,,,
https://proximite.mgen.fr/172-etablissement-de-sante-pour-adolescents?utm_source=gmb,,,,
https://www.korian.fr/maisons-retraite/pays-de-la-loire/mayenne-53/l-huisserie-53970/ehpad-korian-le-castelli?utm_source=MAPS&utm_medium=organic&utm_campaign=Google_local_business&at_medium=Google_maps&at_campaign=Google_my_business_local,,,,
https://www.chamrousse.com/,,,,
http://spachamrousse.fr/,,,,
http://synergym-blois.fr/,,,,
http://www.grottedeglace.com/,,,,
http://fermedugrandchemin.fr/,,,,
https://www.ninjaantibes.fr/,,,,
https://www.domaine-de-pierretaillade.fr/,,,,
https://www.institut-lapommeraye.marycohr.com/,,,,
https://www.cevennes-gorges-du-tarn.com/meyrueis,,,,
https://www.lesartsduvide.com/,,,,
http://www.binicetablessurmer.com/,,,,
https://www.planity.com/hermine-institut-beaute-et-spa-22680-binic-etables-sur-mer,,,,
https://www.binicetablessurmer.com/essentiel/les-plages/,,,,
https://www.baseloisirsfavieres.fr/,,,,
http://royalkids.fr/parcs/perpignan,,,,
https://www.sources-lac-annecy.com/,,,,
https://www.filieris.fr/nos-implantations/centre-de-sante-billy-montigny,,,,
http://www.hopitalmeximieux.org/,,,,
http://caroline-nerani.com/,,,,
https://www.bricomarche.com/magasin/meximieux/20381?store=20381&utm_source=gmb,,,,
http://www.etangdumoulinbleu.fr/,,,,
http://linstitut-sas.fr/,,,,
http://www.loisirs-ocean.com/,,,,
https://cnpoissy.fr/,,,,
https://www.tourisme-terresduvaldeloire.fr/,,,,
http://www.jparkaventures.fr/,,,,
http://www.oceanopolis.com/,,,,
http://www.ocearium-croisic.fr/,,,,
https://www.viessmann.fr/,,,,
http://www.gitesdelavie.com/,,,,
https://www.vie-et-boulogne.fr/,,,,
http://poneyclub-lepoiresurvie.fr/,,,,
http://www.obienetredolivier.fr/,,,,
http://gadawi-park.fr/,,,,
http://www.gadawi-park.fr/,,,,
https://www.tourismefrance.info/search/label/Pointe-%C3%A0-Pitre?&max-results=12,,,,
https://www.tourisme-metabief.com/,,,,
http://www.la-taverne-comtoise.fr/,,,,
https://www.station-metabief.com/fr/luge-sur-rails-metabief,,,,
http://www.parcaventure-malbuisson.fr/,,,,
https://www.auxpetitssoins36.fr/,,,,
http://www.chateaukids.fr/,,,,
http://www.chateauroux-metropole.fr/sport/piscines-221.html,,,,
https://ecopark-adventures.com/parc/la-castille-var-83/,,,,
http://www.lesjardinsduzen.com/,,,,
https://www.hyatt.com/fr-FR/hotel/france/hotel-du-palais-biarritz/biqub/home/Spa-Imperial,,,,
https://jeune.ilurria.com/,,,,
http://www.parc-aventures.com/,,,,
http://www.canyoning-paysbasque.fr/,,,,
https://www.esku-massage.fr/,,,,
https://la-frayse.ufcv.fr/,,,,
http://www.residenceducloslafitte.com/,,,,
https://www.mysticwoodspark.com/,,,,
http://spadium-langon.fr/,,,,
https://www.lagrangedelabatone.com/,,,,
http://www.ledomainedesbiches.fr/,,,,
https://e-sens-ciel.fr/,,,,
http://www.spa-messigny.fr/,,,,
https://www.cauvaldor.fr/mes-sorties-mes-loisirs/activites-et-equipements-sportifs/piscines/piscine-de-biars-sur-cere/,,,,
https://unehistoirevraie-institut.fr/,,,,
https://www.ladouceurdheloise.com/,,,,
https://www.voile-grandest.fr/directory/entry/54-base-nautique-et-de-plein-air-de-messein,,,,
http://www.champsaur-valgaudemar.com/,,,,
https://www.aquariumbiarritz.com/,,,,
http://www.biarritz-paysbasque.com/cote_detente/parc-mazon.php,,,,
http://volet-abri-pac-piscine-64.fr/,,,,
https://spadole.wordpress.com/,,,,
https://www.vallonsenbretagne.fr/,,,,
https://www.ghbs.bzh/residents/nos-etablissements/hopital-le-faouet-640.html,,,,
https://www.tourismepaysroimorvan.com/,,,,
http://www.del-o.com/,,,,
https://www.lescar.fr/vivante/sport/piscine-municipale,,,,
https://mainsdorient.wixsite.com/les-mains-d-orient,,,,
http://www.museeduprotestantismedauphinois.com/,,,,
http://www.masdesvignaux.com/,,,,
https://www.chateaudupoetcelard.fr/mariages?utm_source=google&utm_medium=organic&utm_campaign=gmb,,,,
https://etangs-mesnils-iton.fr/,,,,
https://www.interview.fr/salons/rn-113-33720-podensac?utm_campaign=gbp_siteweb_W0027&utm_id=gbp_siteweb&utm_medium=siteweb&utm_source=gbp,,,,
https://www.relaxsens.fr/contact,,,,
https://www.bricomarche.com/magasin/poce-sur-cisse/20119?store=20119&utm_source=gmb,,,,
https://www.planity.com/a-la-source-deden-01300-belley,,,,
https://untempspoursoi56.wixsite.com/untempspoursoi,,,,
https://www.sportwellnesslesbelleville.com/lieux/le-break/,,,,
https://www.sportwellnesslesbelleville.com/lieux/le-board/,,,,
http://www.institutdivineo.fr/,,,,
https://www.bricomarche.com/magasin/belleville/20211?store=20211&utm_source=gmb,,,,
http://puymary.fr/,,,,
https://www.sa-relax-institut.fr/,,,,
http://www.promenet-piscine.com/,,,,
https://www.pnr-foret-orient.fr/fonctionnement-du-parc/maison-du-parc/,,,,
https://www.parcemeraude.com/,,,,
http://www.falaise-suissenormande.com/,,,,
https://www.bricomarche.com/magasin/falaise/20213?store=20213&utm_source=gmb,,,,
http://www.maisondupiage.fr/,,,,
https://www.decathlon.fr/fr/store?store_id=PS_202,,,,
https://www.bricomarche.com/magasin/bar-le-duc/20199?store=20199&utm_source=gmb,,,,
https://www.lemesnilsaintdenis.fr/vie-associative/equipements-sportifs,,,,
https://natation-pluduno.com/,,,,
https://proxiconfort.fr/magasin/proxi-confort-plozevet,,,,
http://www.destination-paysbigouden.bzh/,,,,
http://www.refuge-acpa.com/,,,,
https://www.decathlon.fr/store-view/magasin-de-sports-decathlon-chalons-fagnieres-0070049600496,,,,
http://www.institut-beaute-plouzane.com/,,,,
http://www.gitehappycure.fr/,,,,
https://www.plouvorn.com/aire-de-camping-cars/,,,,
https://www.hisse-et-ho.fr/,,,,
http://www.nautisme.pays-iroise.bzh/,,,,
http://www.restaurant-rolland.fr/,,,,
https://www.jardinexotique-eze.fr/,,,,
https://grotte-grand-roc.fr/fr/,,,,
http://www.sites-les-eyzies.fr/,,,,
http://www.lascaux-dordogne.com/,,,,
http://www.aquariumperigordnoir.com/,,,,
http://www.eyzahut.fr/pages/tourisme/piscine/informations-generales/,,,,
http://www.giteleshautsdebelcastel.fr/,,,,
https://www.mairie-belcastel.fr/camping-francais.html,,,,
https://www.tourisme-pays-rignacois.com/,,,,
https://www.rando-pyreneesaudoises.com/pic-des-rives/,,,,
https://www.revesdemer.com/nos-etablissements/centre-nautique-de-plouneour-trez/,,,,
https://www.revesdemer.com/nos-etablissements/centre-dhebergement-la-maison-de-la-baie/,,,,
http://www.meneham.bzh/,,,,
http://voyagessurlapeau.fr/,,,,
https://annuaire-sante.vyv3.fr/etablissements/bretagne/cotes-darmor-22/ploumagoar/personnes-agees/ehpad-residence-ti-an-heol-groupe-vyv,,,,
http://www.moulinafouler.fr/,,,,
https://www.bambous-en-provence.com/le-jardin/,,,,
http://www.piscine-helioseane.com/,,,,
https://valleedeyne.wordpress.com/,,,,
https://e-llo.fr/,,,,
https://cc-portesdevassiviere.fr/,,,,
https://www.visitlimousin.com/portes-de-vassiviere/,,,,
http://lebateaupirate.fr/,,,,
https://www.foretadrenaline.com/carnac/,,,,
https://www.mobilboard.com/fr/gyroparc/,,,,
https://www.saintbrieuc-armor-agglo.bzh/sortir-et-decouvrir/faire-du-sport/les-piscines/la-piscine-goelys,,,,
http://www.yourte.bzh/,,,,
http://www.ahbretagne.com/,,,,
http://www.levasionspa-esthetique-domicile.fr/,,,,
https://www.abers-tourisme.com/,,,,
https://ecopark-adventures.com/parc/forbach-moselle-57/,,,,
https://www.istres.fr/index.php?id=531,,,,
http://www.salondeprovence.fr/index.php/equipements-sportifs,,,,
https://www.hawai-piscines.com/,,,,
http://contactlarchedemeo.wixsite.com/arche-de-m,,,,
http://www.tourismebretagne.com/a-voir-a-faire/plages-et-activites-nautiques/plages/plage-du-trez-hir,,,,
http://www.funpark.bzh/,,,,
https://lapausebienetre29.wixsite.com/my-site?utm_source=gmb,,,,
https://www.le-clodelice.fr/,,,,
https://www.brest.fr/sport-et-nautisme/les-equipements-sportifs/le-service-du-nautisme-de-brest-metropole-2095.html,,,,
http://institutdebeaut-plougasnou.site-solocal.com/?utm_source=gmb,,,,
https://www.baiedemorlaix.bzh/,,,,
http://www.lechateaudesable-primeltregastel.com/,,,,
https://exoudun.wixsite.com/carae,,,,
http://www.auxportesduyoga.com/,,,,
https://annuaire-sante.vyv3.fr/etablissements/bretagne/cotes-darmor-22/ploufragan/soins-medicaux-et-de-readaptation/centre-mutualiste-smr-les-chatelets-groupe-vyv,,,,
https://www.uneheurepoursoi.com/institut/ploufragan/,,,,
https://www.kalendes.com/platform/welcome?utm_source=ig&utm_medium=social&utm_content=link_in_bio&fbclid=PAZXh0bgNhZW0CMTEAc3J0YwZhcHBfaWQPNTY3MDY3MzQzMzUyNDI3AAGnAMUIcE7f7XVnWt8jT6BW_GdVBIy2LirQV4GsX-03tB4bpnZILDxVYE2i1ow_aem_g3SA6VXUM30B-kL-4P7JrA,,,,
http://www.chateaudutaureau.bzh/,,,,
http://www.moulindecraca.fr/,,,,
https://www.plouescat-nautisme.fr/,,,,
https://www.institut-quelaines-meslay.fr/,,,,
http://lacaledubienetre.fr/,,,,
https://lacale22490.wixsite.com/monsite-1,,,,
http://www.eloiszen.com/,,,,
https://chaplainetgautier.fr/,,,,
https://www.fondationbonsauveur.com/,,,,
https://www.bricomarche.com/magasin/begard/04944?store=04944&utm_source=gmb,,,,
https://piscine-lebrindeau.fr/,,,,
https://www.bordeaux.fr/piscine-galin,,,,
https://www.bordeaux.fr/piscine-judaique-jean-boiteux,,,,
https://www.piscinedumirail.fr/,,,,
https://www.bordeaux.fr/piscine-tissot-bacalan,,,,
http://keryanti.fr/,,,,
http://keryanti.wix.com/yanti,,,,
https://www.guide-du-perigord.com/fr/tourisme/decouvrir/sites-touristiques/chateaux/excideuil-121/chateau-d-excideuil-2274.html,,,,
http://www.hopitallocal-evron.fr/,,,,
https://bluetabu.com/dive-center-in-france/aqua-beffes-club,,,,
https://z-animoland.com/zoo-de-mescoules/,,,,
https://grottesduregulus.com/,,,,
https://www.espacedespossibles.eu/,,,,
https://www.nautisme.pays-iroise.bzh/?utm_source=gmb,,,,
http://www.ploubezre.fr/Location-de-salles,,,,
http://mary-naturo-estheticienne.fr/,,,,
https://www.elopirate.fr/,,,,
https://www.arbrenciel.com/fr/,,,,
https://www.bedoin-mont-ventoux.fr/vie-locale/culture-loisirs/piscine-municipale.html,,,,
https://www.aromeantique.fr/,,,,
http://latelierpilatesbienetre.fr/,,,,
https://kuryenet.co/cynails-plouay-2/,,,,
https://www.lorientbretagnesudtourisme.fr/,,,,
https://www.korian.fr/maisons-retraite/normandie/calvados-14/evrecy-14210/ehpad-korian-les-rives-de-l-odon?utm_source=MAPS&utm_medium=organic&utm_campaign=Google_local_business&at_medium=Google_maps&at_campaign=Google_my_business_local,,,,
https://xn--ocoeurdubientre-2nb.fr/,,,,
http://www.mesanger.fr/,,,,
https://phares-iroise.bzh/,,,,
http://www.kerveatoux.fr/,,,,
https://www.nautisme.pays-iroise.bzh/base-nautique-de-plouarzel-porsman/,,,,
http://www.labonneetoile.bzh/,,,,
https://www.merysuroise.fr/le-chateau,,,,
https://www.randonneespourpetitsetgrands.com/index.php/tourisme/en-corse/42-les-cascades-d-aitone,,,,
http://www.abracadabra84.fr/,,,,
https://www.menezhom-atlantique.bzh/,,,,
https://www.bedarieux.fr/Bouger/Vie-sportive/Piscine-d-ete/1/777.html,,,,
https://www.planity.com/le-charme-de-lhetre-29530-plonevez-du-faou,,,,
http://vakantieleparc.nl/,,,,
http://www.quimper-bretagne-occidentale.bzh/208-piscines.htm#par11579,,,,
http://www.charavoileduboutdumonde.com/,,,,
https://www.bricomarche.com/magasin/plomeur/01416?store=01416&utm_source=gmb,,,,
https://www.planity.com/institut-nadege-14810-merville-franceville-plage,,,,
http://massages-du-monde29.fr/,,,,
http://www.kapoupakap.fr/,,,,
https://www.vendee-maraispoitevin.com/,,,,
http://www.plombieres-les-bains.fr/fr/piscines.html#.Wab_5PNJY_4,,,,
https://www.institut-naturobeaute.fr/,,,,
http://www.capsizuntourisme.fr/,,,,
https://www.jardinjungle.com/,,,,
https://www.centerparcs.fr/fr-fr/france/fp_LG_vacances-domaine-les-landes-de-gascogne,,,,
https://agesetvie.com/maisons-partagees/bretagne/cotes-d-armor-22/pl-uc-l-hermitage-22150/maisons-partagees-ploeuc-l-hermitage?utm_source=gmb,,,,
https://www.vitrecommunaute.org/listes/piscine-aquatide-a-argentre-du-plessis/,,,,
https://domainelemezo.fr/studio-yoga-ploeren/,,,,
https://www.holidaygitesdekerlividicbretagne.com/,,,,
https://pharmacie-guily.fr/,,,,
https://www.baronnies-tourisme.com/patrimoine-culturel/merindol-les-oliviers/,,,,
https://www.lemasdurocher.com/,,,,
http://unap-plobsheim.clubeo.com/,,,,
https://bioobs.fr/a-la-decouverte-dun-bio-site-la-graviere-de-plobsheim/,,,,
https://www.mairiesaintgermainlesvergnes19.com/salles-chalets,,,,
https://www.domaineduboislescure-gite-correze.com/,,,,
https://chateaudetrabonne.com/,,,,
http://massage-energetique.org/,,,,
http://horaires-piscine.info/horaires-piscine-de-pleyber-christ/,,,,
https://anne-gourven.fr/,,,,
https://www.visitlimousin.com/briance-sud-haute-vienne/,,,,
https://www.sejours-pep22.com/Domaine-cap-frehel_125.html,,,,
https://www.intramuros.org/chateauchervix/decouvrir/1603,,,,
http://www.ch-arpajon.fr/,,,,
https://www.desjoyaux.fr/boutiques-desjoyaux/91180-st-germain-les-arpajon/,,,,
http://techcare-esthetique.fr/,,,,
https://reflexo-fleurs.fr/,,,,
http://www.lilotcinqsens.fr/,,,,
https://www.paulbaillypiscines.com/?utm_medium=referral&utm_source=gmb&utm_campaign=lnk-gmb,,,,
http://www.dairetdeau.fr/,,,,
https://www.decathlon.fr/store-view/magasin-de-sports-dinard-pleurtuit-0070112001120?utm_campaign=fr_nc-cta-siteweb_f-aw_&utm_medium=organic&utm_source=googlelocal,,,,
https://www.la-mericourtoise.fr/,,,,
https://www.zoobeauval.com/?utm_source=google&utm_medium=organic&utm_campaign=gmb&utm_content=zooparc,,,,
http://www.parcduradome.com/,,,,
https://www.chateau-etoges.com/index.php?idp=10,,,,
http://www.atelier-etoges.fr/,,,,
https://www.revesdemer.com/nos-etablissements/centre-dhebergement-le-baly/,,,,
https://www.pleumeur-bodou.com/Le-Menhir-de-Saint-Uzec.html,,,,
http://www.vivons-perches.bzh/,,,,
http://www.ecocentre-tregor.fr/,,,,
http://sept-iles.lpo.fr/,,,,
https://www.bricomarche.com/magasin/pleumeleuc/20212?store=20212&utm_source=gmb,,,,
http://www.divertyparc.fr/,,,,
https://randonature.parc-haut-jura.fr/fr/trek/202684-Les-lacs-d-Etival,,,,
https://linstitutmarina.fr/,,,,
https://golf.etiolles.com/,,,,
https://cnplessisrobinson.comiti-sport.fr/,,,,
http://www.mairie-ax.fr/index.php?option=com_content&view=article&id=50&Itemid=56,,,,
https://www.gulli-parc.com/nos-parcs/sainte-genevieve-des-bois/?utm_source=google&utm_medium=organic&utm_campaign=mybusiness-website,,,,
https://speedpark.fr/bretigny/,,,,
http://complexe-le-colombier.lany.io/,,,,
https://www.institut-beausoleil.guinot.com/,,,,
https://www.chrysalide-beausoleil.com/,,,,
https://www.quentis.fr/,,,,
https://clair-lune.now.site/,,,,
https://www.forme-et-bien-etre.com/rdv,,,,
https://miglekairyte-shiatsu.fr/,,,,
https://www.planity.com/espace-beaute-mary-cohr-91150-etampes,,,,
http://www.la-spa.fr/etalondes,,,,
http://plouharmor.com/,,,,
http://www.cnaturellementbon.com/,,,,
http://www.aep63150.com/,,,,
http://vacances-hautsvents.fr/,,,,
https://www.tourisme-charentelimousine.fr/visiter/chateaux/#widget-details-offre-5656147,,,,
https://www.groupesos-seniors.org/,,,,
https://www.fort-de-bertheaume.bzh/,,,,
https://www.piscine37.fr/?utm_source=gmb,,,,
https://www.la-recreation.com/,,,,
http://www.terresdeloireetcanaux.com/,,,,
https://station-location-loisirs.com/,,,,
https://www.elanducoeur.fr/,,,,
http://www.plouaret.fr/fr/equipements-municipaux,,,,
http://ambretlumiere.com/,,,,
https://www.desjoyaux.fr/boutiques-desjoyaux/38780-estrablin/,,,,
https://eau-divine.fr/,,,,
http://www.eden-villages.fr/,,,,
http://www.domainedubienvivre.fr/,,,,
https://www.accro-52.fr/,,,,
https://mairie-louveciennes.fr/,,,,
http://www.encheneetfrene.fr/,,,,
https://www.bricomarche.com/magasin/saint-romain-en-viennois/01596?store=01596&utm_source=gmb,,,,
https://www.allier-auvergne-tourisme.com/equipement/bourbon-l-archambault/piscine-municipale-de-bourbon-l-archambault/4708947?resultats=listing,,,,
https://delapierresarl.wordpress.com/,,,,
http://www.matilo-massage.com/,,,,
https://www.planity.com/instant-bien-etre-76430-saint-romain-de-colbosc-n9s,,,,
https://app.flexybeauty.com/la-joliesse-1,,,,
https://www.planity.com/institut-sophie-b-76430-saint-romain-de-colbosc,,,,
https://www.decathlon.fr/store-view/magasin-de-sports-saint-gaudens-0070193701937,,,,
https://www.denismateriaux.com/nos-agences/agence-le-breuil-en-bessin?utm_source=gmb,,,,
https://www.destinationluberon.com/,,,,
http://www.lemanoirdemunas.fr/,,,,
https://www.rodezagglo.fr/loisirs/sports-equipements-sportifs/le-pole-aquatique/la-piscine-geraldini/,,,,
http://www.maocentrebienetreducorpsetdelespris.fr/,,,,
https://www.massage-audrey-minier.fr/,,,,
https://www.massagesbienetre56.fr/,,,,
https://www.mezencloiremeygal.com/enneigements/domaine-alpin-des-estables/,,,,
https://www.mezencloiremeygal.com/,,,,
https://www.parcours-aventure-tarzan.com/,,,,
http://cimeetsens.fr/,,,,
https://www.domaine-peulven.com/,,,,
http://www.gites-bretagne-plestin.com/,,,,
http://www.centrenautiqueplestin.com/,,,,
http://www.lenidlouppy.com/,,,,
https://trampolineparkcaen.com/,,,,
http://www.brettevillesurodon.fr/,,,,
http://www.leplessistrevise.fr/,,,,
https://www.judo-jujitsu-club-plesseen.fr/,,,,
https://www.decathlon.fr/store-view/magasin-de-sports-decathlon-essentiel-chateau-thierry-0070111501115?utm_campaign=fr_nc-cta-siteweb_f-aw_&utm_medium=organic&utm_source=googlelocal,,,,
http://www.restaurantcotesud.com/,,,,
https://magasin.vm-materiaux.fr/30-vm-materiaux-bretteville-du-grand-caux?utm_source=gmb,,,,
http://www.normande-des-eaux.com/,,,,
http://www.mairie-essey-les-nancy.fr/,,,,
https://www.esseylesnancy.fr/infos/parc-maringer,,,,
http://www.esseylesnancy.fr/infos/haut-chateau-0,,,,
http://www.auvergne-livradois-forez.fr/,,,,
https://www.saint-remy-sur-creuse.fr/tourisme/sites,,,,
http://piscine-municipale-brette-les-pins.gaqo.net/,,,,
https://www.planity.com/institut-bien-etre-du-monde-28380-saint-remy-sur-avre,,,,
https://www.bricomarche.com/magasin/la-loupe/06586?store=06586&utm_source=gmb,,,,
http://gymnase-la-loupe.gaqo.net/,,,,
https://www.institut-equilibre.com/,,,,
https://www.raymond-devos.org/,,,,
https://www.bretoncelles-patrimoine-nature.fr/,,,,
https://www.decathlon.fr/store-view/magasin-de-sports-bretigny-sur-orge-0070022500225,,,,
http://www.aubergelayotte.com/,,,,
http://clubnautiqueloulay17.fr/,,,,
https://monumentum.fr/dolmen-bajouliere-pa00109289.html,,,,
http://www.saint-remy77.fr/,,,,
http://www.plateaupicard.fr/,,,,
https://www.leplessiersursaintjust.fr/,,,,
https://www.evasionspacorreze.com/,,,,
https://www.brive-tourisme.com/?utm_source=google&utm_medium=seo&utm_campaign=google_my_businesshttps://www.brive-tourisme.com/,,,,
https://pole-sante-breteuil.lna-sante.com/,,,,
https://www.bricomarche.com/magasin/breteuil/07339?store=07339&utm_source=gmb,,,,
https://lafertemace.fr/activites/,,,,
http://castelnau-bretenoux.fr/,,,,
https://www.gedimat.fr/?magDest=1669,,,,
https://www.sensiti.fr/,,,,
https://www.commune-de-plesse.com/,,,,
http://www.terredesoi.fr/,,,,
http://www.petit-train-guerande.fr/,,,,
https://www.le-saint-remy.fr/fr/hotel-spa-saint-remy-de-provence?utm_source=Google&utm_medium=MyBusiness&utm_campaign=spa,,,,
http://www.maurienne.fr/fr/il4-equipement_i36735-base-de-loisirs-du-lac-bleu.aspx,,,,
https://www.decorsjardins.fr/,,,,
http://www.lescalotsverts.com/,,,,
http://www.lessecretsdedemeter.fr/,,,,
https://ch-tullins.fr/,,,,
https://www.labaiedessens.com/,,,,
https://spa.accor.com/fr/hotels/B795,,,,
https://sioule-loisirs.com/,,,,
https://espacesanteetsocial.wixsite.com/monsite,,,,
http://www.oceania-club.fr/,,,,
https://www.montdemarsan.fr/sortir-bouger/piscine-municipale/,,,,
http://laressourciere.com/,,,,
https://www.hydramat.fr/,,,,
https://www.planity.com/flore-et-sens-22190-plerin?utm_source=gmb,,,,
https://www.planity.com/ma-pause-en-ville-22000-saint-brieuc-tni,,,,
http://www.hydro-ouest-services.fr/,,,,
https://www.spaphytomer.com/spa-emeraude,,,,
https://www.gamespark.bzh/,,,,
https://www.ch-centre-bretagne.fr/annuaire-des-services/soins-medicaux-readaptation-loudeac/,,,,
https://www.basic-fit.com/fr-fr/clubs/basic-fit-bressuire-rue-jean-giono-039fa114d59d44b1852f6bcf4b2ac9cc.html?utm_medium=yext&utm_source=gmb,,,,
https://www.sanitherm-bressuire.com/,,,,
http://www.tourisme-bocage.com/,,,,
http://chateau-esquelbecq.com/,,,,
http://www.plenee-jugon.fr/cadre-de-vie/ephad/,,,,
http://www.piscine-de-la-tourelle.com/,,,,
http://www.ch-centre-bretagne.fr/,,,,
http://www.ch-centre-bretagne.fr/?page_id=318,,,,
https://cers-saint-raphael.ramsaysante.fr/,,,,
https://www.frejus.fun-city.fr/,,,,
http://lunaparkfrejus.fr/,,,,
https://www.terredessens88.fr/,,,,
http://www.tourisme-broceliande.com/,,,,
https://www.institut-bresles.guinot.com/,,,,
http://www.mondial-piscine.eu/,,,,
https://linstitutdeclaire.bookinbeautiful.fr/r/X6MTT9,,,,
https://www.bricomarche.com/magasin/pleine-fougeres/20142?store=20142&utm_source=gmb,,,,
https://www.papybnb.com/liste-ehpad/cotes-d-armor,,,,
https://www.planity.com/fanny-la-fee-beaute-22960-pledran,,,,
http://www.halteduvolcan.net/,,,,
https://www.linstitutbaindebretagne.fr/,,,,
https://www.althea-nova.fr/,,,,
https://auxterrasses38.fr/,,,,
https://aco-natation-triathlon.fr/,,,,
http://www.l-embarcadere71.com/,,,,
https://aventureparcmassignac.fr/,,,,
http://www.lesterres-blanches.com/,,,,
https://www.troyeslachampagne.com/,,,,
http://www.ussap.fr/,,,,
https://www.pommayrac.com/canoekayakcouiza,,,,
http://www.familyaventure.com/,,,,
http://horaires-piscine.info/piscine-gymnase-couhe/,,,,
https://www.popcornlabyrinthe.fr/labyrinthe/yvelines/,,,,
https://www.dordogne.fr/que-faire-en-dordogne/les-incontournables/grand-etang-de-saint-estephe,,,,
https://pole-medical-marne-la-vallee.fr/,,,,
https://www.visitsealife.com/paris/,,,,
http://www.planity.com/histoires-de-coiffure-35230-saint-erblon?utm_source=gmb,,,,
https://www.planity.com/aloha-esthetique-44220-coueron,,,,
http://www.ville-coueron.fr/sports/piscine-baptiste-lefevre/,,,,
https://www.trampolinepark.fr/nantes-atlantis/?utm_source=google&utm_medium=gmb&utm_campaign=gmb_website_nantes,,,,
https://www.vortex-experience.com/centre-realite-virtuelle-nantes,,,,
http://www.saint-emilion-tourisme.com/,,,,
https://nolimit-aventure.com/parcs/nolimit-coudray,,,,
http://www.chateau-coucy.fr/,,,,
https://www.montagnedardeche.com/,,,,
https://www.planity.com/mcao-spa-69330-jonage,,,,
http://www.tepacap-coubron.fr/,,,,
https://c3coublevie.fr/,,,,
https://www.mottes-castrales-de-l-an-mil.fr/,,,,
http://le-grenier.slue.io/,,,,
https://www.kalendes.com/institutdouceuretserenite/#/welcome,,,,
https://www.basic-fit.com/fr-fr/clubs/basic-fit-neuville-de-poitou-all%C3%A9e-jean-monnet-507e156b1cd54de2bac6c5f7a28a46d7.html?utm_medium=yext&utm_source=gmb,,,,
http://auxpetitssoins45.com/,,,,
https://www.dordogne.fr/que-faire-en-dordogne/les-incontournables/grand-etang-de-la-jemaye,,,,
http://chateau-de-neuvicq-le-chateau.com/,,,,
http://www.lesterrassesdulac.fr/,,,,
https://saintdidieraumontdor.fr/project/parc-pierre-trevoux/,,,,
http://www.aquavel.fr/,,,,
https://www.labarilliere.com/,,,,
https://www.ehpadjavron.fr/,,,,
https://www.tourismefrance.info/search/label/Neuv%C3%A9glise-sur-Truy%C3%A8re,,,,
https://www.pays-saint-flour.fr/,,,,
https://truyere-evasion.fr/,,,,
https://ville-evian.fr/cadre-de-vie/parcs-jardins/jardins-de-leau-du-pre-curieux/,,,,
https://www.decathlon.fr/store-view/magasin-de-sports-decathlon-compiegne-jaux-0070003300033,,,,
http://www.aquanor.re/,,,,
https://compiegne-jaux.xperimentalpark.com/,,,,
https://www.chateaudesmagnans.net/,,,,
http://www.jausiers.com/,,,,
http://www.piscine-municipale.fr/corte/piscine-municipale/,,,,
https://www.chaletlesmoineaux.com/restaurant-suzume/,,,,
http://www.harasdegarrypierre.fr/,,,,
https://fairemescourses.fr/noyal-pontivy/secret-de-beaute-estheticienne,,,,
http://horaires-piscine.info/piscine-corsavy/,,,,
http://chateau-de-jaulny.com/,,,,
http://chateaudelisle.unblog.fr/,,,,
http://massages-jocelyne.fr/,,,,
http://www.lesbouviers.com/,,,,
http://www.beautedange.fr/,,,,
https://www.neuillysurmarne.fr/piscine-4/,,,,
https://www.neuillysurmarne.fr/,,,,
https://www.ardechedessourcesetvolcans.com/info/nos-partenaires/coulee-basaltique-312873-163736,,,,
http://csnp93.fr/,,,,
https://www.fitnesspark.fr/club/neuilly-plaisance/?utm_medium=Local_Inventory&utm_source=GMB&utm_campaign=Neuilly-Plaisance&utm_content=Yext,,,,
http://www.mairie-neuillyplaisance.com/index.php/loisirs/sport/la-piscine-muncipale/id-menu-282.html,,,,
https://www.dun-sur-auron.fr/,,,,
https://www.anjou-tourisme.com/fr/diffusio/loisirs/base-de-loisirs-de-l-etang-de-malague-jarze-villages_TFOLOI968000384,,,,
https://www.grandnancy.eu/sortir-decouvrir/piscines/piscine-de-laneuveville-devant-nancy/,,,,
https://www.ile-oleron-marennes.com/,,,,
https://www.institutrdv.com/jardindevazion37,,,,
http://www.jardin-et-objets.com/,,,,
https://www.basepleinair-cognac.fr/,,,,
http://www.saintdalmasleselvage.fr/,,,,
https://ete.auron.com/activites/petit-bois-des-lutins/,,,,
http://natanjou.org/,,,,
http://www.nids-amandine.fr/,,,,
https://monumentum.fr/restes-chateau-pa00099746.html,,,,
https://www.saint-cyr-sur-loire.com/Decouvrir-Saint-Cyr/Une-ville-jardin/Le-parc-de-la-Perraudiere-un-lieu-de-vie,,,,
https://www.chateau-hardelot.fr/,,,,
https://www.google.com/maps/@48.3742833,,,,
https://www.decathlon.fr/store-view/magasin-de-sports-decathlon-reims-cormontreuil-0070003100031,,,,
http://lecuriedesaintcyr.com/,,,,
http://www.tourisme.paysduneubourg.fr/,,,,
https://www.tourisme-saint-cyprien.com/les-incontournables/le-jardin-des-plantes,,,,
https://chateaudecormatin.com/,,,,
https://www.aventuredubugey.fr/,,,,
http://www.carlucet.com/,,,,
https://dmvelynv.com/camping-municipal-dessous-7oxuku,,,,
https://www.montpellier3m.fr/equipement/piscine-alex-jany-jacou,,,,
https://www.planity.com/mille-et-une-beaute-33450-izon,,,,
https://www.la-toscane-occitane.com/,,,,
https://www.recrea.fr/?utm_source=Google&utm_medium=SEO&utm_campaign=GMB,,,,
http://maseatlantique.fr/,,,,
https://www.terredestuaire.com/,,,,
https://www.levoyageanantes.fr/hebergements/villa-cheminee/,,,,
https://www.vosges-portes-alsace.fr/,,,,
http://www.istres.fr/,,,,
https://www.miramas.fr/surprenante/espaces-naturels-et-de-loisirs/plan-deau-saint-suspi,,,,
http://www.maora-jetgliss.com/,,,,
https://www.ville-bron.fr/culture-sport-mes-loisirs/envie-de-sport/centre-nautique-andre-sousi-bienvenue-au-grand-bleu,,,,
http://cezepark.fr/,,,,
https://www.pays-bergerac-tourisme.com/fr/diffusio/issigeac/bureau-d-information-touristique-d-issigeac-portes-sud-perigord_TFOORGAQU024FS0000I,,,,
http://www.lou-pastis.fr/salon-the-saint-cirq-gourmand-pastis.html,,,,
http://www.legourmetquercynois.com/,,,,
https://www.cahorsvalleedulot.com/eau-et-nature/baignade,,,,
https://www.vallee-amarok.com/,,,,
https://www.cc2so.fr/culture-et-loisirs/tourisme/,,,,
https://chateaudesaintcirgues.wordpress.com/,,,,
https://www.caba.fr/fr/gorges-jordanne/,,,,
http://www.vittel-sports.eu/,,,,
http://www.accrofolie.com/,,,,
https://www.naveil.fr/,,,,
https://www.cevennes-gorges-du-tarn.com/,,,,
http://www.sport-nature-gorgesdutarn.com/,,,,
https://www.cevennes-parcnational.fr/,,,,
https://www.google.com/url?sa=t&source=web&rct=j&url=https://m.facebook.com/pages/category/Amusement---Theme-Park/Luna-park-%C3%AEle-de-beaut%C3%A9-205501220228691/&ved=2ahUKEwiksLeZ6tT4AhVINRoKHa8qDs0QFnoECBEQAQ&usg=AOvVaw1vIhnVHOAGiVRsquXMjrZz,,,,
https://kizou.fr/,,,,
https://tourisme-hautvaldesevre.fr/explorer/frisson-sportif-base-de-loisirs/plan-deau-de-cherveux/,,,,
http://www.tourisme-aveyron-segala.fr/,,,,
https://www.struthof.fr/,,,,
https://www.oisans.com/saint-christophe-oisans-berarde,,,,
http://www.institut-forme-detente.fr/,,,,
https://www.lescontamines.com/,,,,
https://www.lescontamines.com/ete/activites/parc-de-loisirs-du-pontet/cote-loisirs/lac-de-baignade-1256194,,,,
https://vicente74.github.io/Accrobranche/index.html,,,,
https://www.combloux.com/profiter/eau/se-baigner/plan-eau-biotope-combloux/,,,,
https://www.lescontamines.net/musher/,,,,
http://nashgames.fr/,,,,
https://www.refuge-de-nargis.org/,,,,
https://www.kinou-parc.com/,,,,
https://www.lelovely.fr/,,,,
http://chateauconti.chez-alice.fr/,,,,
https://www.decathlon.fr/store-view/magasin-de-sports-l%C2%B4isle-adam-0070018700187,,,,
https://www.ledoublel.fr/,,,,
https://la-gardiolle.fr/,,,,
https://spa.accor.com/fr/hotels/B1K8?utm_source=google+Maps&utm_medium=seo+maps&utm_campaign=seo+maps,,,,
https://domaine-cure.fr/,,,,
http://lechateaudenantilly.fr/,,,,
http://www.ville-isbergues.fr/,,,,
http://www.ville-isbergues.fr/spip.php?rubrique92,,,,
https://www.bricomarche.com/magasin/is-sur-tille/09035?store=09035&utm_source=gmb,,,,
https://www.bricomarche.com/magasin/duneau-connerre/05357?store=05357&utm_source=gmb,,,,
https://artspa-bienetre.fr/,,,,
http://www.restaurant-irancy.fr/,,,,
https://destroisrivieres.wixsite.com/castelnau,,,,
http://www.visit-larzac.com/,,,,
http://www.grotte-saintcezaire.com/,,,,
https://refuge-terredesoleil.fr/,,,,
https://pacaadventure.com/,,,,
http://www.mansoniere.fr/,,,,
https://www.gers-armagnac.com/,,,,
https://lavillabeaute.fr/,,,,
http://www.le-duchet.com/,,,,
http://www.saintcast-aventure.com/,,,,
https://chateauduguildo.fr/,,,,
https://www.booking.com/hotel/fr/appartement-centre-village-condette.fr.html?label=gen173nr-1BCAsoTUIjYXBwYXJ0ZW1lbnQtY2VudHJlLXZpbGxhZ2UtY29uZGV0dGVIM1gEaE2IAQGYAQ24ARjIAQ_YAQHoAQGIAgGoAgS4Auzcz7oGwAIB0gIkOGE5YWVjNDMtYjI2Ni00M2M2LTk5NTYtOTg1NzIyYzY2MDMx2AIF4AIB&sid=e4dcf46dcae2676212e876f56fb6e7ed&dist=0&keep_landing=1&sb_price_type=total&type=total&,,,,
https://www.tiare-massage.fr/,,,,
https://letempledebali.fr/,,,,
https://www.activites-loisirs-aveyron.com/fr-fr/,,,,
https://lecabanonnaturo.wixsite.com/naturo,,,,
https://www.agglo-saintquentinois.fr/passionnante/les-piscines-et-espaces-aquatiques/la-piscine-de-gauchy-1149.html,,,,
http://www.ladivinefromagerie.com/,,,,
https://www.ch-saintcalais.fr/,,,,
http://www.ch-saintcalais.fr/maisonderetraite.htm,,,,
https://www.saint-calais.fr/base-de-loisirs/,,,,
https://www.grand-chatellerault.fr/sport/bassin-philippe-croizon-naintre,,,,
http://www.calme.fr/,,,,
http://www.chateaudeconde.fr/,,,,
https://www.tourisme-entrebeauceetperche.fr/,,,,
https://www.bricomarche.com/magasin/illiers-combray/02485?store=02485&utm_source=gmb,,,,
http://valerie-gauthier-bien-etre.fr/?utm_source=gmb,,,,
http://www.planity.com/neox-beauty-95350-saint-brice-sous-foret,,,,
https://www-beauty.com/atelier-52/,,,,
https://bodyminute.com/instituts/saint-brice-sous-foret-3561/,,,,
https://www.uneheurepoursoi.com/institut/saint-brice-courcelles/,,,,
https://www.planity.com/institut-cannelle-51370-saint-brice-courcelles,,,,
http://www.bayardmateriaux.fr/,,,,
https://lancieux.axyomes.com/client/index.php,,,,
http://www.amazonie-voyage.fr/,,,,
https://piscineloasisiletudy.wordpress.com/,,,,
https://fr.wikipedia.org/wiki/Titus_le_jardin_des_Nymphaeas,,,,
http://www.parc-saleccia.fr/,,,,
https://cnir25.wixsite.com/cn-ile-rousse,,,,
http://www.iledeseinnautisme.com/,,,,
https://www.mairieiledesein.com/,,,,
http://centre-arthurien-broceliande.com/,,,,
https://www.molene.fr/economie-locale/restauration-a-molene/bar-l-archipel.html,,,,
https://bke29molene.wixsite.com/bke29,,,,
http://www.moulinbrehat.fr/,,,,
https://cnbrehat.glenans.asso.fr/,,,,
https://www.jardin-georgesdelaselle.bzh/,,,,
https://www.roscoff-tourisme.com/,,,,
https://www.vendee-tourisme.com/le-port-de-la-meule,,,,
https://www.clubecoledevoiledeberck.com/,,,,
https://www.gr-infos.com/grp-houat.htm,,,,
http://lefort-iledehouat.fr/,,,,
https://pole-aquatique-nevers-agglo.fr/aquabalt/?utm_source=gmb,,,,
https://www.allier-auvergne-tourisme.com/nature/espaces-naturels/la-foret-de-troncais-222-1.html,,,,
https://www.conches-en-ouche.fr/index.php?option=com_content&view=article&id=62:mus%C3%A9e-du-pays-de-conches&catid=43:musees&Itemid=265&lang=fr-FR,,,,
http://www.conches-en-ouche.fr/index.php?option=com_content&view=category&layout=blog&id=83&Itemid=252,,,,
https://www.bricomarche.com/magasin/conches-en-ouche/04038?store=04038&utm_source=gmb,,,,
http://www.museeduverre.fr/,,,,
https://www.moukyparc.fr/,,,,
http://www.aubergedelile.fr/,,,,
http://www.piscine-spa-baden.com/,,,,
https://espaceforme-hautplateau.fr/,,,,
http://www.la-spa.fr/compiegne,,,,
https://www.chateau-montmuran.com/,,,,
https://sites.google.com/view/giteboutaventspabroceliande?usp=sharing,,,,
https://www.boutavent.com/,,,,
https://lacdetremelin.com/accrobranche/,,,,
http://www.circus-park.fr/,,,,
https://piscine.chalons-agglo.fr/,,,,
https://www.chateaudun-tourisme.fr/sports-et-loisirs/zone-de-loisirs-d-arrou-3368494,,,,
https://www.saintbonnetdemure.com/ma-ville/les-equipements/les-parcs/,,,,
http://www.zygoland.fr/,,,,
https://www.up2play.fr/tarbes/,,,,
https://www.commentry.fr/mes-loisirs/sport/la-piscine/,,,,
http://www.commarin.com/,,,,
https://fr.m.wikipedia.org/wiki/All%C3%A9e_couverte_du_Mougau-Bihan,,,,
http://www.ecomusee-monts-arree.fr/,,,,
https://hotel-spa-collections.com/fr,,,,
https://www.bsn-aventure.fr/,,,,
https://arche-desnoe-parcanimalier-53.fr/fr/page/les-animaux,,,,
http://www.etang-lesburons.fr/,,,,
http://www.sport-in-park.fr/,,,,
https://www.leuphorie-des-sens.fr/,,,,
http://neos-institut.com/,,,,
http://www.massages-thailandais.fr/,,,,
http://ticia68.wixsite.com/my-vxw-site-jl4si8,,,,
http://www.restaurant-vauban.fr/,,,,
https://www.kdbeautys.com/?utm_source=google&utm_medium=wix_google_business_profile&utm_campaign=13834414424816345315,,,,
https://www.kalendes.com/site/institutadena/welcome,,,,
https://vitalaeti.mangold.fr/,,,,
https://museedupatrimoine.fr/chateau-de-saint-benoist-sur-vanne-/19624.html,,,,
https://www.groupe-ugecam.fr/cssr-korn-er-houet,,,,
https://www.youkanda.net/,,,,
https://www.hautpaysdopale.com/,,,,
http://institut-devana.com/,,,,
https://www.decathlon.fr/store-view/magasin-de-sports-toulouse-colomiers-0070004000040,,,,
http://parcloisirscolmont.wixsite.com/gorron,,,,
https://www.ville-dunkerque.fr/laquarium-de-dunkerque,,,,
https://www.tourismeendomitienne.com/,,,,
https://smrlecolombier.capsante.fr/,,,,
https://www.bienvenue-hautemarne.fr/villes-cites-caractere/colombey-les-deux-eglises/,,,,
https://www.institut-colombes.guinot.com/,,,,
https://parcmayenne.fr/,,,,
https://www.sivomdes3vallees.fr/index.php/la-piscine-de-colombelles/,,,,
http://cocopark.fr/,,,,
http://www.linstantbymaeva.fr/,,,,
https://centre3do.wordpress.com/,,,,
http://www.chateaudesaintauvent.com/,,,,
https://www.manoa.fr/,,,,
https://www.colliasborddugardon.com/,,,,
https://www.abmc.gov/cemeteries-memorials/about-normandy-american-cemetery/,,,,
http://www.ocean-normandie.com/,,,,
https://labalanderie.com/,,,,
https://www.bricomarche.com/magasin/colleville-montgomery/20219?store=20219&utm_source=gmb,,,,
https://www.community-sauna-saint-aubin.com/,,,,
https://bit.ly/3WbCzqr,,,,
http://lacollesurloup-tourisme.com/,,,,
http://laviestbelle56.com/,,,,
https://domaine-rives-ormoy.fr/,,,,
https://www.night-and-day.fr/camping/36-camping-les-bords-de-loire,,,,
https://accrodombes.com/,,,,
http://institut-delphine60.booksy.com/i/,,,,
http://www.chloevasion.com/,,,,
https://massage-s.fr/,,,,
https://www.serreponcon.com/,,,,
https://www.planity.com/profile-coiffure-40210-labouheyre,,,,
https://www.visites-nature-vercors.com/fr/grotte-de-choranche/reservez-vos-places-grotte-de-choranche/,,,,
https://melodie-termeulen-centre-de-bien-etre.e-monsite.com/,,,,
https://www.lesjardinsiroise.fr/etablissements/ehpad-laboissiere-en-thelle-60/,,,,
https://domainerelaisdulac-aveyron.com/notre-restaurant/,,,,
http://www.la-spa.fr/cholet,,,,
http://www.carine-relax.com/,,,,
https://www.decathlon.fr/store-view/magasin-de-sports-cholet-0070014800148,,,,
https://centreaquakinerepublique.fr/,,,,
https://www.tourisme-valdemarne.com/activite/base-nautique-de-choisy-le-roi/,,,,
https://www.aigre.fr/tourisme,,,,
https://www.planity.com/tc-studio-17290-aigrefeuille-daunis?sfnsn=scwspwa,,,,
https://www.institutbelletzen.fr/,,,,
https://lesunsetaiguebelette.fr/,,,,
http://www.lacrique-aiguebelette.com/,,,,
https://www.aromaspamassage.fr/,,,,
https://www.institut-lepuyenvelay.guinot.com/,,,,
https://echonature.biocoop.net/?utm_source=google&utm_medium=Business-Profile&utm_campaign=Site-Web,,,,
https://www.pointp.fr/infos-agence/aillas-bois-6274,,,,
https://www.mileade.com/destinations/neige/village-club-la-plagne-hiver/?utm_source=google&utm_medium=uberall,,,,
https://chs-ainay.fr/,,,,
https://adesclides.wixsite.com/website,,,,
http://la-pierrine-du-bien-etre.com/,,,,
https://www.coiffandco.com/salons/centre-commercial-e-leclerc-aire-sur-l-adour?utm_campaign=gbp_siteweb_F1051&utm_id=gbp_siteweb&utm_medium=siteweb&utm_source=gbp,,,,
https://www.medecineesthetique-aire.fr/,,,,
https://brit-voyager.eu/appartement-centre-aire-sur-l-39-adour-france,,,,
https://aylaprivatespa.simplybook.it/v2/,,,,
https://www.tourisme-deux-sevres.com/activite/la-fontaine-souterraine/,,,,
http://la-minute-blonde.fr/,,,,
http://www.cc-avt.fr/,,,,
https://tabac-airvault.fr/,,,,
http://caracterecoiffure.free.fr/,,,,
https://pauserelaxation.fr/,,,,
https://www.pepcbfc.org/etablissement/centre-de-vacances-et-de-classes-de-decouvertes-daisey-et-richecourt,,,,
https://pascaline-massage.fr/,,,,
https://asbeautystudio.fr/,,,,
https://charlenevienet.com/,,,,
http://www.precy-tourisme.com/,,,,
https://wa.me/message/JC3HKB5SMGNJP1,,,,
http://www.sosaht.com/,,,,
https://www.gulli-parc.com/nos-parcs/aix-en-provence/?utm_source=google&utm_medium=organic&utm_campaign=mybusiness-website,,,,
http://www.montopoto.com/,,,,
https://www.urban-jump.com/trampolinepark/parc/aix-en-provence/10/,,,,
https://www.immersive-experience.net/,,,,
https://www.rdscoiff.fr/,,,,
https://www.massage-kobido-aix.com/,,,,
https://latelierdumassage.com/,,,,
https://www.bricomarche.com/magasin/aix-en-othe/08596?store=08596&utm_source=gmb,,,,
https://www.letangbasedeloisirs.fr/,,,,
https://sante-valdevienne.fr/,,,,
https://www.alize-beaute-spa.com/,,,,
http://www.1momentpoursoi.com/,,,,
http://www.tourisme-vie-et-boulogne.fr/,,,,
https://www.yves-rocher.fr/magasins-instituts-de-beaute/aizenay/S-FRYROC933?utm_source=google&utm_medium=gmb&utm_campaign=aizenay-fr0933,,,,
https://vikingaventure.fr/,,,,
http://otiamassagesaubenas.wixsite.com/my-site-1,,,,
https://vincentbien-etre.sumupstore.com/,,,,
https://www.planity.com/sm-renata-franca-20090-ajaccio,,,,
https://nao-massages.com/,,,,
https://www.planity.com/sculpt-8-20090-ajaccio,,,,
https://www.chateaudalba.com/,,,,
http://naturoplaisir.e-monsite.com/,,,,
http://www.corporesanomassages.fr/,,,,
https://spa-privatif-perpignan.com/,,,,
https://www.planity.com/m-vous-80300-albert,,,,
https://essencielparmarine.wixsite.com/essenciel,,,,
http://telliergregory.site-solocal.com/,,,,
http://www.massageuntempspourvous81.com/,,,,
https://spirit-et-bien-etre.com/,,,,
https://www.planity.com/ame-et-sens-82000-montauban,,,,
http://www.nymphea-corps-esprit.com/,,,,
https://www.explore-maurienne.com/stations-villages/albiez-montrond/,,,,
https://www.restaurant-lethelaitski.com/,,,,
https://location-ski.sport2000.fr/magasins/282-sport-2000-aux-deux-freres?at_medium=cta&at_campaign=google_local&at_creation=gmb,,,,
https://www.lebeau-rivage.fr/,,,,
https://www.algotherm.com/at_fr/dermo-ocean-spa-paris,,,,
http://ireneobringer.fr/,,,,
https://www.planity.com/gb-studio-07210-alissas,,,,
http://www.alix-bien-etre.fr/,,,,
https://www.planity.com/zen-et-sens-27340-pont-de-larche,,,,
https://www.kalendes.com/zenescale/#/welcome,,,,
https://centredeformation-hta.fr/,,,,
https://aumchalet.fr/,,,,
https://www.pays-saint-flour.fr/patrimoine-culturel/site-et-chateau-dalleuze/,,,,
http://www.odescimes.com/fr/spas/le-chalet-de-jouvence-1018,,,,
http://www.lacaveauxfees.com/,,,,
https://massage-benoit.wixsite.com/ayurveda/about,,,,
http://anahata-drome-ayurveda.fr/,,,,
https://www.etreetincelle.net/?utm_source=google&utm_medium=wix_google_business_profile&utm_campaign=15445704369225714395,,,,
http://www.sentierdouceur.fr/,,,,
https://massageshuileetlum.wixsite.com/website,,,,
https://www.headspafranci.fr/,,,,
https://massage-bien-etre-1.sumupstore.com/,,,,
https://suspendiss-zen-flow.base44.app/,,,,
http://www.espace-bien-etre-harmonie.fr/,,,,
https://www.planity.com/douceur-dinstant-49610-les-garennes-sur-loire?fbclid=PAT01DUAOlC6VleHRuA2FlbQIxMABzcnRjBmFwcF9pZA81NjcwNjczNDMzNTI0MjcAAacZLNMAjPrHN1ER8yqDY87kEDkD3nmHmpf6D8U1l1D5sQdf1WncqOQeAlslIA_aem_RksqjLVh4OnMvw6UpTaZAQ,,,,
https://jurassic-island.com/,,,,
http://www.lmlm971.com/,,,,
http://www.chmayotte.fr/,,,,
https://app.flexybeauty.com/jade-institut-1/home,,,,
https://www.zenetcocoon.fr/,,,,
http://waterland.yt/,,,,
https://www.ylang-esthetique.fr/,,,,
https://sublime-institut.com/,,,,
https://app.kiute.com/kwezi-beauty,,,,
https://app.kiute.com/institut-cannelle-passamainty./category/5672749318012928,,,,
https://sophrologienaturopathie976.wordpress.com/,,,,
http://www.corsenatureevasion.com/,,,,
https://www.zenergie-martinique.com/,,,,
https://martinique.francetourisme.info/ancienne-station-thermale-dabsalon-972,,,,
http://www.edengilspa.fr/,,,,
https://tropicalspa.try.be/,,,,
https://www.gardeniatopbeaute.com/,,,,
http://www.parcdelaluge.re/,,,,
https://www.aquaforme-reunion.com/,,,,
http://www.aquabob.re/,,,,
http://m2o-centre-aquatique-des-avirons.jimdosite.com/,,,,
https://www.reunionest.fr/carnets-de-voyage/le-parc-du-colosse-a-saint-andre.html,,,,
http://www.cilaosparc.com/,,,,
https://www.saintpierre.re/sport-et-loisirs/equipements-sportifs/centre-aqualoisirs-de-terre-sainte,,,,
http://www.mairie-saintpaul.fr/campaigns/piscines-municipales/#1467959866856-35c35c62-4b26,,,,
http://lagonbienetre974.jimdofree.com/,,,,
https://www.lasphere.re/,,,,
https://www.soazenmassage.re/,,,,
https://akoya-hotel.com/spa-bien-etre/,,,,
https://massage-sur-eau-reunion-974.fr/,,,,
https://solkyna.re/,,,,
http://www.omondedessens.re/,,,,
https://www.calinaissance.com/,,,,
http://rituelbien-etre.fr/,,,,
https://www.commeuneplumesophro.com/,,,,
http://www.danslesbrasdhelene.com/,,,,
http://www.lodysseedubiennaitre.com/,,,,
http://www.doulamalia.com/,,,,
https://www.hammam-yasmine.fr/hammam-chalon-sur-saone/?nocache=1757266943521,,,,
https://www.alleauturquoise.ch/?utm_source=google&utm_medium=wix_google_business_profile&utm_campaign=4050145950841235126,,,,
http://www.mandala-spirit.com/,,,,
https://www.lesbainsdalma.fr/,,,,
https://babyspareims.fr/?fbclid=PAZXh0bgNhZW0CMTEAAabl87aTeR3C3z5PXYqNPTURkD2jUzld13uhpAl7qAPDqcQE7MFPV1dD29g_aem_rKPYG0aKC9oGGkCXso-RCw,,,,
https://www.laparenthesebebe.fr/,,,,
http://bebekoala95.wixsite.com/website,,,,
https://www.espace-beaute-thalgo.fr/,,,,
https://www.instantbiennaitrebebe.com/,,,,
https://www.laitfeemere.fr/,,,,
http://www.modelagesdumonde2.com/,,,,
https://www.pailin-thai-spa.fr/,,,,
https://www.grand-monarque.com/fr/reservation/rendez-vous-en-ligne.html?,,,,
https://www.nerolihammam.com/,,,,
https://experience-silence.com/grenoble/,,,,
http://www.lesjardinsdamakrys.fr/,,,,
https://massageserrechevalier.com/,,,,
https://laure-benceny.odoo.com/,,,,
https://www.sagessecentre.com/?utm_source=google&utm_medium=wix_google_business_profile&utm_campaign=682003382144424913,,,,
https://florentbombart85.wixsite.com/massagebientre,,,,
https://fun-parc-aventure.fr/,,,,
https://www.lesbainsdenolea.fr/,,,,
http://www.lheuredubienetre.be/,,,,
http://www.parc-animalier-pyrenees.com/,,,,
http://www.marine-aquadetente.fr/,,,,
https://www.osoinsdmarina.com/,,,,
http://www.aquabeaute.fr/,,,,
https://www.atelierdetente.com/,,,,
http://www.centre-rejudermie-vienne.fr/,,,,
https://www.planity.com/laura-bm-my-self-beauty-69360-ternay,,,,
https://www.salonsagesse.com/,,,,
https://www.anantara.com/en/palais-hansen-vienna/spa,,,,
https://www.annelaure-ville.fr/,,,,
http://www.famille-o-naturel.com/,,,,
https://www.evidenceperinatalite.fr/,,,,
http://www.pranature.fr/,,,,
http://www.aquavertu.fr/home,,,,
http://www.enviedebiennaitre.com/,,,,
https://www.maisonsoabessieres.com/,,,,
http://www.anahata-creuse.fr/,,,,
https://www.engyholistiquemassage.fr/,,,,
https://earthriviera.wixsite.com/earthrivieramassage,,,,
http://www.salvana-spa.fr/,,,,
https://nascentia.eu/,,,,
http://www.ozone-aqua-centre.com/,,,,
https://nao-clfd.fr/,,,,
https://www.massage-narbonne.com/,,,,
https://spa.laplumeverte.com/,,,,
http://lo2larenaissance.hubside.fr/,,,,
https://www.planity.com/spa-nhow-marseille-13008,,,,
http://www.spacantal.com/,,,,
https://cocon-de-vie.com/,,,,
https://emsthek.kalendes.com/,,,,
https://pur-et-zen.com/,,,,
https://mesmainssurvospieds.com/,,,,
https://www.luberon-drainage.fr/,,,,
http://www.sammasati.fr/,,,,
https://www.est-ensemble.fr/centre-nautique-jacques-brel-bobigny,,,,
http://www.nesspa.fr/,,,,
http://serenityspanoemiesaddier.fr/,,,,
https://www.ambaresetlagrave.fr/urba/espaces-verts/,,,,
https://www.piscine.ambaresetlagrave.fr/ELISATH_RESERVATION_WEB/FR/PAGE_RA_Planning.php,,,,
https://www.valleedutarn-tourisme.com/fr,,,,
http://www.amelie-les-bains.com/,,,,
https://happy-city.fr/rouen/,,,,
https://www.parcoacquatico.info/,,,,
https://www.ancourtevillesurhericourt.fr/%22http://www.ancourtevillesurhericourt.fr/250-la-commune.html/%22,,,,
https://www.nouvelle-normandie-tourisme.com/decouvrir-nouvelle-normandie/chateau-gaillard-le-medieval/,,,,
http://www.nouvelle-normandie-tourisme.com/,,,,
https://www.bricomarche.com/magasin/les-andelys/20357?store=20357&utm_source=gmb,,,,
http://giteleclosduchateau.fr/,,,,
https://remuemeningesaneres.org/,,,,
http://planity.com/flowzen-49100-angers,,,,
http://www.aupaysdescarrioles.com/,,,,
http://www.gout-aventure.fr/,,,,
http://www.complexeaquatiquesaint-leonard.ca/,,,,
https://montreal.ca/lieux/centre-aquatique-de-riviere-des-prairies,,,,
https://montreal.ca/lieux/parc-chenier,,,,
https://montreal.ca/lieux/piscine-du-parc-chenier-0,,,,
https://montreal.ca/lieux/piscine-du-complexe-sportif-de-lecole-secondaire-danjou,,,,
https://montreal.ca/lieux/piscine-du-parc-des-roseraies,,,,
https://montreal.ca/lieux/piscine-du-parc-lucie-bruneau-0,,,,
https://montreal.ca/lieux/piscine-du-parc-de-verdelles,,,,
https://montreal.ca/lieux/piscine-du-parc-roger-rousseau,,,,
https://montreal.ca/lieux/pataugeoire-du-parc-du-bocage,,,,
http://www.natationcafaanjou.com/,,,,
https://lacremaillere-restaurant-dordogne.my.canva.site/,,,,
https://www.aquamarchenordiqueannecy.com/contact/,,,,
https://www.decathlon.fr/store-view/magasin-de-sports-annemasse-0070011900119?utm_campaign=fr_nc-cta-siteweb_f-aw_&utm_medium=organic&utm_source=googlelocal,,,,
https://www.tourismefrance.info/2023/06/plage-de-la-chapelle-971.html,,,,
https://www.tourismefrance.info/2023/08/ravine-sable-971.html,,,,
https://www.tourismefrance.info/2023/06/plage-danse-laborde-971.html,,,,
https://www.tourismefrance.info/2023/05/plage-de-grande-anse-darlet-972.html,,,,
https://www.planity.com/spa-nature-esthetique-97229-les-trois-ilets,,,,
http://www.lafermeattitude.com/,,,,
https://www.tourismefrance.info/2023/06/grotte-de-lanse-dufour-972.html,,,,
https://www.tourismefrance.info/search/label/Les%20Anses%20d%27Arlet?&max-results=12,,,,
https://www.parkadonf.com/,,,,
https://base-loisirs-martinique.fr/,,,,
https://www.superparc.fr/,,,,
http://www.chateauansouis.fr/,,,,
https://50nuancesdeplaisir.fr/,,,,
http://domainedestriades.fr/,,,,
https://appoigny-fitness.jimdosite.com/,,,,
https://contact.cheminees-philippe-calmus.fr/,,,,
https://www.bricomarche.com/magasin/apprieu/07358?store=07358&utm_source=gmb,,,,
https://appyparc.wixsite.com/appyparc,,,,
https://www.vie-et-boulogne.fr/plage-dapremont/,,,,
https://www.tourisme-vie-et-boulogne.fr/chateau-apremont/,,,,
http://www.luberon-apt.fr/,,,,
https://www.decathlon.fr/store-view/magasin-de-sports-oyonnax-arbent-0070065800658,,,,
https://oyoxygene.com/,,,,
https://www.en-pays-basque.fr/territoires-et-destinations/cote-basque/arcangues/,,,,
http://www.arzantique.com/,,,,
https://guestworldfr.cyou/rvepourdeuazi6l,,,,
https://www.arcismaillyramerupt.fr/,,,,
https://www.decathlon.fr/store-view/magasin-de-sports-alencon-arconnay-0070024200242,,,,
https://www.planity.com/un-temps-pour-soi-72610-arconnay,,,,
https://votreespacebienetreaargentan.kneo.me/,,,,
https://www.decathlon.fr/store-view/magasin-de-sports-argentan-sarceaux-0070048100481,,,,
https://www.j-schmitt-reflexologie.fr/,,,,
https://www.bricomarche.com/magasin/argentan/03023?store=03023&utm_source=gmb,,,,
http://www.vallee-dordogne.com/,,,,
http://www.esthetique-argentat.fr/,,,,
https://book.squareup.com/appointments/ugscw529pugss0/location/LCRBAWXTPZ82Q/services?fbclid=PAZXh0bgNhZW0CMTEAAaYgntndMZF_5GX_vHGbTXGm8cTp_xppq_Mf7ik52L8ujj35fXGPyd4AyIQ_aem_0yOu_ylsnmOX6bMQspN1-A,,,,
https://termascacheuta.com/,,,,
http://termaschajari.tur.ar/,,,,
http://www.turismoconcordia.com.ar/termas.htm,,,,
http://www.victoriadelagua.com/,,,,
http://www.aquafan.com.ar/,,,,
https://www.valleencantado.com.ar/,,,,
https://destinationvalleedelacreuse.fr/,,,,
https://www.planity.com/esprit-beaute-53210-argentre,,,,
http://argonay.fr/,,,,
https://www.institutdebeautenaturelle.fr/,,,,
https://www.planity.com/beautys-19230-arnac-pompadour,,,,
https://pharmaciedepompadour.fr/,,,,
http://www.malia-coiffure-esthetique.fr/,,,,
https://fort-aventures-dunkerque.fr/,,,,
https://notremaison39.pagesperso-orange.fr/index_retraite.htm,,,,
https://www.spa-lodges.fr/,,,,
https://www.decathlon.fr/store-view/magasin-de-sports-decathlon-saint-omer-longuenesse-0070024900249,,,,
https://spa-lodges.fr/,,,,
https://www.arrens-marsous.fr/,,,,
https://bayeux-bessin-tourisme.com/fr/,,,,
https://www.molartaix.fr/artaix-mol-molartaix-decouvrir/loire/bac,,,,
http://espacebeautedetente.fr/,,,,
http://www.musee-theatre-forain.fr/,,,,
http://www.dons.animaux-secours.fr/,,,,
http://www.base-nautique-artignosc.fr/,,,,
https://www.institut-czen.fr/,,,,
http://perledospatahiti.fr/,,,,
https://www.hilton.com/en/hotels/ppthihh-hilton-hotel-tahiti/spa/?SEO_id=GMB-AMER--S-PPTHIHH-1,,,,
https://www.hinamassages.com/,,,,
http://www.studyogatahiti.com/,,,,
https://www.projet-deau.com/,,,,
https://www.espacetherapiesnaturelles.fr/,,,,
http://www.restaurant-al-authentique.fr/,,,,
https://spas-wellis.com/?utm_source=google&utm_medium=wix_google_business_profile&utm_campaign=13400168333827946127,,,,
https://chateau-arvieu.fr/,,,,
http://www.arvieu-pareloup.fr/,,,,
https://lequeyras.com/,,,,
https://www.allevard-les-bains.com/sejourner/infos-pratiques/loffice-de-tourisme/,,,,
https://volupte.setmore.com/,,,,
https://www.naturopam.com/,,,,
https://centredaccueil.arzacq.com/project/visite-guidee/,,,,
https://www.aufildeseaux.com/,,,,
http://www.lacorneducerf.com/,,,,
https://lacaleseche.wixsite.com/lacaleseche,,,,
https://www.altezzarando.fr/,,,,
http://www.ecoparc-vallee-asco.fr/,,,,
https://www.tourisme-creully.fr/,,,,
https://asnieres-sur-seine.fr/sortir-a-asnieres/sport/piscines-municipales,,,,
https://www.m-marie.fr/,,,,
http://www.reiki-eeme.fr/,,,,
https://loisirs44.monkeyforest.fr/,,,,
https://www.parcofolies.com/,,,,
http://www.chateau-assier.fr/,,,,
http://www.villagecastigno.com/,,,,
http://www.domainedesassis.com/,,,,
http://www.hopital-le-montaigu.fr/,,,,
http://www.manoirdelavigneraie.com/,,,,
http://alysorient.fr/,,,,
http://natesens.net/,,,,
http://www.ccloise.com/,,,,
https://www.decathlon.fr/store-view/magasin-de-sports-decathlon-aubagne-0070001000010?utm_campaign=fr_nc-cta-siteweb_f-aw_&utm_medium=organic&utm_source=googlelocal,,,,
https://www.mayaventure.fr/,,,,
https://www.cryo07.fr/,,,,
https://www.fondationpartageetvie.org/fpv/le-domaine-d-aubert-fpv_7804,,,,
https://singhjashan434.wixsite.com/sasu-baba-institut,,,,
http://ehpad-aubeterre.fr/,,,,
http://www.cap-piscines.com/,,,,
https://www.activ-energies.fr/,,,,
https://institutbelleetzen.smartbooker.fr/,,,,
http://planity.fr/?utm_source=gmb,,,,
http://www.aubigny-sologne.com/,,,,
http://www.parc-aventure.ch/,,,,
https://www.planity.com/saida-zen-room-31140-aucamville,,,,
https://www.calmeetserenite.com/,,,,
https://www.pevelecarembault.fr/site-principal/loisirs/equipements-sportifs/piscine-orchies,,,,
https://www.mairie-lanton.fr/le-bassin-de-baignade-est-ouvert/,,,,
https://www.andernoslesbains.fr/la-piscine-municipale-franck-cazenave/,,,,
https://www.capsizuntourisme.fr/,,,,
https://www.gulli-parc.com/nos-parcs/audincourt/?utm_source=google&utm_medium=organic&utm_campaign=mybusiness-website,,,,
http://www.lesdeuxcaps.fr/,,,,
https://leventdunord.shop/,,,,
http://www.lesmargatsderaoul.eu/,,,,
http://www.terredes2capstourisme.fr/,,,,
https://www.decapencap.fr/,,,,
https://www.mariegalanteaudresselles.fr/,,,,
http://www.leloupdemer.eu/,,,,
https://app.kiute.com/centre-de-beaute-l_ideal,,,,
http://lesbainsduparc.esch.lu/,,,,
https://xn--escalebientre-yhb.fr/,,,,
https://www.familynest57.fr/,,,,
https://www.trampolinepark.fr/metz/?utm_source=google&utm_medium=gmb&utm_campaign=gmb_website_metz,,,,
http://www.montigny-les-metz.fr/,,,,
https://www.aubergedaugy.com/,,,,
https://www.decathlon.fr/store-view/magasin-de-sports-decathlon-aulnoy-lez-valenciennes-0070015400154?utm_campaign=fr_nc-cta-siteweb_f-aw_&utm_medium=organic&utm_source=googlelocal,,,,
https://www.bricomarche.com/magasin/aulnoye-aymeries/04310?store=04310&utm_source=gmb,,,,
https://www.santeaups.com/,,,,
https://www.planity.com/la-pause-bien-etre-83630-aups?utm_source=gmb,,,,
http://www.lacs-gorges-verdon.fr/,,,,
http://maisondelatruffe-verdon.fr/,,,,
https://www.lacs-gorges-verdon.fr/index.html,,,,
https://www.gites-de-france-morbihan.com//cgi.php?ACC=G&FICHE=O&INSTANCE=gites56&NUM=56G717&OPE=PARTOO&ORI=PARTOO&utm_campaign=partoogmb&utm_medium=partoo&utm_source=fichegmb,,,,
https://www.bricomarche.com/magasin/auray/20176?store=20176&utm_source=gmb,,,,
https://www.gorgesdelaloire.fr/,,,,
http://landesaventure.fr/,,,,
https://www.paysaurillactourisme.com/,,,,
http://www.leonoresoulier.com/,,,,
http://www.chic-cm.fr/,,,,
https://www.haute-maurienne-vanoise.com/hiver/aussois,,,,
http://www.aussois-booking.com/,,,,
https://www.haute-maurienne-vanoise.com/winter/offers/le-refuge-de-lortet-aussois-en-winter-2305759/,,,,
http://www.esf-aussois.com/,,,,
http://bassinauterivain-tourisme.com/,,,,
http://www.auterive31.fr/,,,,
https://www.ccba31.fr/,,,,
https://chez-antoine-restaurant.com/,,,,
http://latabledesartistes31.eatbu.com/,,,,
https://www.laplageautet.com/,,,,
https://widget.treatwell.fr/salon/ban-aromdee/,,,,
https://aqua-by.com/?utm_source=google&utm_medium=organic&utm_campaign=gmb+boulogne,,,,
http://www.lerandonneure.com/,,,,
http://www.autoire.fr/,,,,
https://www.vercors-experience.com/,,,,
https://www.etangdesheronnieres.com/,,,,
http://www.chateau-auvers.fr/,,,,
https://billetterie-valdoise.oxygeno.fr/maison-gachet.html,,,,
https://www.planity.com/yohanna-beauty-95430-auvers-sur-oise,,,,
http://www.auvillar.museum/,,,,
https://www.officedetourismedesdeuxrives.fr/,,,,
https://www.planity.com/ellebore-82340-auvillar,,,,
http://www.villa-lenoir.com/,,,,
https://www.ville-auzances.fr/parc-de-coux-auzances_fr.html,,,,
https://globalpowerled.com/aire-camping-car-wifvjc,,,,
https://gratuit-3970891.webador.fr/,,,,
https://www.sakura-headspa-avallon.fr/,,,,
http://natetsens.com/,,,,
https://www.valmorelactivitesoutdoor.com/,,,,
https://avanne-aveney-nautic.fr/,,,,
https://lolita-ongles-esthetique.fr/,,,,
http://www.avanton.fr/,,,,
http://www.lesavenieres.fr/,,,,
https://www.decathlon.fr/store-view/magasin-de-sports-moulins-avermes-0070138401384?utm_campaign=fr_nc-cta-siteweb_f-aw_&utm_medium=organic&utm_source=googlelocal,,,,
https://batiazur.odoo.com/,,,,
https://lp76.gournay-en-bray.fr/,,,,
https://www.latelier-massage.com/,,,,
http://cazbienetre.com/,,,,
http://www.poleaeronautiqueavord.fr/,,,,
https://www.aussois360.com/basedeloisirs/#base-de-loisirs-la-buidonniere,,,,
http://www.station-beaute49.com/,,,,
http://www.aydat.fr/,,,,
https://www.clermontauvergnevolcans.com/,,,,
http://altiparc-aydat.fr/,,,,
http://www.laforetdesarboris.fr/,,,,
http://www.sauna-atlantis.com/,,,,
https://cd08.fr/le-fort-des-ayvelles,,,,
http://www.chateau-azay-le-ferron.com/,,,,
https://www.azay-le-rideau.fr/,,,,
http://www.troglodytedesgoupillieres.fr/,,,,
http://azhotels.dz/aquapark/,,,,
http://www.spa65.fr/,,,,
http://www.dinosauresparc.fr/,,,,
https://adventurepark.fr/,,,,
https://www.planity.com/la-bellesthetique-baccarat-54120,,,,
http://www.ccvc54.fr/piscine_jean_marie_feve.html,,,,
https://www.energyzen77.fr/,,,,
http://caux-sante.fr/,,,,
https://www.davidheriche.fr/,,,,
https://www.planity.com/eyelash-ephemere-30140-bagard,,,,
https://www.basenautique-preclaou.com/,,,,
https://www.okwide.fr/eco-beach,,,,
https://www.bagnolssurceze.fr/visiter-la-ville/parcs-et-espaces-verts/,,,,
https://www.bagnolssurceze.fr/vie-sportive-et-loisirs/la-piscine-guy-coutel/,,,,
http://www.appartement-fermettes-du-lac.fr/,,,,
https://app.kiute.com/centre-majaya-and-spa/home,,,,
https://www.lesamisdelanatation.org/,,,,
https://www.discountgarden.gp/,,,,
https://www.planity.com/cyrine-k-institut-95560-baillet-en-france,,,,
http://www.ch-bailleul.fr/?utm_source=gmb,,,,
https://ecrindesmonts.com/,,,,
https://www.decathlon.fr/store-view/magasin-de-sports-decathlon-bailleul-0070047900479,,,,
http://aquago-snow.fr/,,,,
https://www.lacdebairon.fr/,,,,
https://aqua-turtle.fr/,,,,
https://www.babyleau.fr/balaruc,,,,
https://www.centrenautique-balaruc.com/,,,,
http://www.ville-balaruc-les-bains.com/,,,,
https://patrimoine.agglopole.fr/,,,,
http://www.ludikparc.com/,,,,
https://www.vitrecommunaute.org/listes/base-de-loisirs-de-la-haute-vilaine/,,,,
http://www.balaze.com/public/minisite_accueil.php?site=54,,,,
https://www.balazuc.fr/,,,,
https://www.bestwestern-chevalblanc.com/,,,,
http://www.eurolac-ardres.com/,,,,
http://www.grandaquariumdetouraine.com/,,,,
https://soeclat.booksy.com/,,,,
https://www.fitnessmov.com/,,,,
http://www.donjondeballon.fr/,,,,
https://www.tourisme-mainecoeurdesarthe.fr/,,,,
https://www.institutlouma.com/,,,,
http://cite-espace.com/,,,,
http://www.grotteslabalme.com/,,,,
https://www.centre-nature-osca.com/?utm_source=gmb,,,,
http://www.paix-du-coeur.fr/,,,,
https://www.institut-nature-et-bien-etre.com/,,,,
http://www.santeenfrance.fr/etablissement/53785-ch-bapaume,,,,
http://www.tourisme-cotedesbar.com/,,,,
https://www.bricomarche.com/magasin/baratier/03565?store=03565&utm_source=gmb,,,,
http://www.centreloisirs-barboux.com/,,,,
https://www.ladrometourisme.com/fiches/la-tour-de-barcelonne/,,,,
https://www.marineland.es/catalunya,,,,
https://www.encotentin.fr/barfleur,,,,
http://www.centre-nautique-est-cotentin.fr/,,,,
https://www.ffagh.org/visite/audioguide-33.html,,,,
https://bargemon.fr/,,,,
http://www.restaurantlefrancis.fr/,,,,
http://pharedecarteret.fr/,,,,
https://www.encotentin.fr/barneville-carteret,,,,
https://www.camping-lesvikings.com/,,,,
https://www.ecnbc.fr/,,,,
https://www.leclosdebaronsurodon.com/,,,,
http://www.rochebaron.org/,,,,
https://www.tourismefrance.info/search/label/Bas-en-Basset,,,,
http://www.restaurant-la-camargue.fr/,,,,
https://www.tourismefrance.info/2023/07/thermes-de-bouillante-971.html,,,,
https://www.institut-secrets-de-beaute.fr/,,,,
http://www.cnrbtgp.com/,,,,
http://canoe64.wixsite.com/paysbasque,,,,
https://la-couronne-battenheim.metro.rest/,,,,
http://www.ot-batzsurmer.fr/,,,,
https://www.bricomarche.com/magasin/batz-sur-mer/20240?store=20240&utm_source=gmb,,,,
http://www.aquattitude.com/,,,,
http://www.bauduen.fr/,,,,
https://www.manoirdeclairefontaine.com/,,,,
https://www.anjou-tourisme.com/fr/diffusio/loisirs/piscine-de-bauge-en-anjou-bauge-en-anjou_TFOLOI671140059,,,,
https://doubsbaumois.org/mes-services/piscine-intercommunale-doubs-baumois/,,,,
https://www.ot-doubsbaumois.fr/,,,,
https://planity.com/,,,,
http://www.lechenois.fr/,,,,
http://lechtifaitout.fr/,,,,
https://www.sahara-beaute-spa-bronzage.com/,,,,
https://institut-lessentielles.fr/,,,,
https://www.bricomarche.com/magasin/bazas/06986?store=06986&utm_source=gmb,,,,
http://www.latabledefompeyre.com/,,,,
https://liamlovestotravel.com/au-p-tit-cosy-france,,,,
https://jean-monnet.europa.eu/,,,,
http://www.aquafluvial.fr/,,,,
https://www.helloasso.com/associations/eau-vie-et-peche,,,,
https://www.tourisme-marchesdebretagne.com/,,,,
https://lescapadetiffanyma.wixsite.com/mysite,,,,
https://royalkids.fr/beauchamp/,,,,
https://www.urbanjumpbeauchamp.com/,,,,
http://www.lacharpenterie.nl/adres,,,,
https://www.decathlon.fr/store-view/magasin-de-sports-angers-beaucouze-0070007400074,,,,
https://www.institutharmony.fr/,,,,
http://massagesbienetre45.wixsite.com/massage-bien-etre/blank-4,,,,
http://www.destination-beaujolais.com/,,,,
http://www.domainelechatel.com/,,,,
https://www.le-turenne-restaurant-beaulieu-sur-dordogne.fr/,,,,
https://hotel-flotsbleus.com/,,,,
https://aquarus49.wixsite.com/aquarus,,,,
http://www.beaulieusurlayontourisme.fr/,,,,
https://www.lessoinsdelael.fr/,,,,
https://www.campingcarpark.com/fr_FR/camping-car/centre-val-de-loire/45-loiret/beaulieu-sur-loire?areaType=camping,,,,
http://www.aquabike06.com/,,,,
http://www.ecoleequitationdudicosa.fr/,,,,
http://caussesaigoualcevennes.fr/maison-de-leau,,,,
https://www.ecurieduboisdemont.fr/,,,,
https://preciosa.eklablog.com/dordogne-sceau-saint-angel-a182314504,,,,
https://www.sortir-en-bretagne.fr/visiter-2755/saint-launeuc/etang-de-la-hardouinais.html,,,,
https://www.haute-vienne.fr/nos-actions/tourisme/les-lieux-touristiques-departementaux/letang-de-la-pouge,,,,
http://aappmadieppe.free.fr/,,,,
https://saintgermier79.com/,,,,
https://www.etangdetintury.fr/,,,,
https://fr.wikipedia.org/wiki/Fichier:%C3%89tang_du_fond_de_la_garde_oise.JPG,,,,
http://www.evasion-canoe.com/,,,,
http://www.overdon.fr/,,,,
http://3bpiscine.fr/,,,,
http://www.abbayedetroisfontaines.com/,,,,
http://www.accropassion.com/index.php/fr,,,,
https://www.sainteassiseaventure.fr/,,,,
https://www.centerparcs.fr/fr-fr/accrobranche_ms?utm_source=google&utm_medium=Maps&utm_campaign=Maps_FR_Accrobranche,,,,
https://www.accroland.com/,,,,
http://www.accroroc.fr/,,,,
http://www.nuillesurvicoin.mairie53.fr/,,,,
https://acrojungle.fr/,,,,
http://www.acropark-alsace.fr/,,,,
https://www.actieauxvives.fr/,,,,
http://www.oasis-village.com/,,,,
https://www.aire-service-camping-car-panoramique.fr/calvados/14-merville-franceville,,,,
https://grandpicsaintloup.fr/vivre-ici/sports-et-loisirs/base-nature/,,,,
https://www.visiterlyon.com/sortir/parcs-jardins-et-lieux-de-balade/parc-du-haut-de-la-combe,,,,
https://www.anjou-tourisme.com/fr/diffusio/loisirs/aire-de-pique-nique-et-plan-d-eau-de-la-fontaine-de-boisdon-saint-paul-du-bois_TFOLOIPDL049V502SRY,,,,
http://www.planetair43.fr/,,,,
https://reunion.francetourisme.info/anciens-thermes-de-salazie-974,,,,
https://www.activites-loisirs-millau.com/fr-fr/,,,,
https://www.aquaberrypiscine.fr/,,,,
https://aqua-by.com/?utm_source=google&utm_medium=organic&utm_campaign=gmb+reaumur,,,,
https://www.aquagames.net/,,,,
https://www.aquaprourba.com/,,,,
https://www.moreleisure.com/aquasplash/,,,,
https://www.aquaclub-lepecq-marly.com/,,,,
https://aquafireousse.com/,,,,
https://lasallequetigny.readdy.co/?source=gmb,,,,
https://www.aquaform69.com/,,,,
https://caplaugreg.wixsite.com/website?fbclid=IwAR3DJhk8vrbhf4x9TcE0FZKLQJahkgLrDGCqTwQDiHR_rc8JjIMMM1vjD1U,,,,
https://www.centerparcs.be/be-vl/belgie/fp_VM_vakantiepark-de-vossemeren/aqua-mundo?utm_source=google&utm_medium=Maps&utm_campaign=Maps_BE_De_Vossemeren,,,,
https://aquapic.fr/,,,,
https://aquariumleclub.com/,,,,
https://www.aquarium-larochelle.com/,,,,
https://www.aquarium-tropical.fr/,,,,
http://wallengo.fr/,,,,
https://assatenforme.fr/espace-forme/aquassat/,,,,
https://www.aquatecfitnessclub.fr/,,,,
https://aquaticshape-chartrons.fr/,,,,
https://aquatiquedelamoine.com/,,,,
http://www.aquatic-show.com/,,,,
http://www.archipel-piscine.fr/,,,,
https://www.atlanticform.fr/,,,,
https://www.atlantisloisirs.fr/,,,,
https://www.domaine-de-meilhac.fr/,,,,
https://www.authentikcanada.com/,,,,
https://www.azureva-vacances.com/fr/residence/la-mongie,,,,
http://www.sportsnature-millau-gorgesdutarn.com/,,,,
https://www.baignadenaturelledelorette.fr/,,,,
https://bambou-canyon.com/,,,,
https://www.ecoledevoile-portbail.fr/,,,,
http://espaceeauxvives.com/accueil/,,,,
https://www.serreponcon.com/campings/camping-de-reallon-base-de-loisirs-de-liscle-226187/,,,,
https://www.capsn.org/,,,,
https://seinesaintdenis.fr/La-base-de-loisirs-departementale-de-Champs-sur-Marne,,,,
https://www.la-ferte-bernard.fr/sports-loisirs-vie-associative/base-de-loisirs/,,,,
http://toulouse.fr/,,,,
https://lacdemolieres.com/,,,,
http://sejour-pissos.fr/,,,,
https://www.basedeloisirsdelavalette.fr/,,,,
https://www.ville-challesleseaux.fr/decouvrir-et-bouger-au-quotidien/cadre-de-vie-mobilite-et-environnement/plan-deau,,,,
https://www.basedeloisirs.tarnetgaronne.fr/,,,,
https://www.moustiers.fr/fiche/base-nautique-la-cadeno/,,,,
https://base-de-loisirs.pontdouilly-loisirs.com/,,,,
https://base-de-loisirs-vere-gresigne.fr/,,,,
https://tomsouville.fr/,,,,
https://www.basenautiqueverdon.fr/,,,,
http://www.loeuilly-canoekayak.com/,,,,
https://www.labasenautique.fr/,,,,
http://www.voileasciez.fr/,,,,
https://www.lesrousses.com/activites/activites-plein-air/lacs-de-montagne-jura-station-des-rousses/,,,,
https://basenautiqueduparroude.com/,,,,
http://letolerme.fr/,,,,
https://www.ville-saumur.fr/sport-et-loisirs/base-nautique-et-de-loisirs-millocheau,,,,
https://basenautiquedelongages.fr/,,,,
http://www.blob-broceliande.fr/,,,,
http://www.bnsm-nautic-monteynard.fr/,,,,
https://www.bretagnecentre.bzh/information/annuaire-des-services/base-sports-nature-de-bosmeleac-3-5646,,,,
http://www.orleansmetropolis.com/etablissement/221-baf-saint-jean-le-blanc,,,,
http://bateaux-monteynard.com/?utm_source=google&utm_medium=wix_google_business_profile&utm_campaign=14629717631801203419,,,,
https://www.davidbergougnoux.com/,,,,
http://www.bodyvip-draguignan.com/,,,,
https://bookandmoove.com/,,,,
https://www.sejouraquiberon.fr/,,,,
https://www.kalendes.com/site/bullededetente/welcome,,,,
http://www.activitesgorgesdutarn.com/,,,,
http://www.ot-baieducotentin.fr/,,,,
http://www.lozere-accrobranche.com/,,,,
https://gdscatalogueur.ccas.fr/centre/546,,,,
http://sandcalypso.fr/,,,,
https://www.camping-paulhaguet.fr/,,,,
http://location-roumegou.com/,,,,
https://www.camping-peyrelevade.fr/,,,,
https://www.campingboisducouvent.ch/,,,,
http://www.camping-escourby-ardeche.com/,,,,
https://www.campingcarpark.com/fr_FR/camping-car/pays-de-la-loire/49-maine-et-loire/segre-en-anjou-bleu-nyoiseau?areaType=camping,,,,
https://www.campingcarpark.com/fr_FR/recherche/aires/liste?query=Recey%20sur%20Ource%20%2821%29,,,,
http://www.fol74.org/ocean-piriac-sur-mer-le-razay,,,,
http://www.hebergementmjm.ca/,,,,
http://labrugere.info/,,,,
https://www.camping-kervilor.com/?utm_source=google&utm_medium=local&utm_campaign=fiche_google,,,,
https://www.dromeprovencale.fr/camping/camping-le-parc/,,,,
https://campingdechaumard.weebly.com/,,,,
http://www.campinglespins.com/,,,,
http://www.campingpinet-domainecezanne.com/,,,,
https://www.entre-ouche-et-montagne.fr/campings/camping-municipal-de-sainte-marie-sur-ouche-HPABOU02100091.html,,,,
https://www.bourgognefranchecomte.com/campings/camping-entre-les-deux-ponts,,,,
http://www.campingsaintnicolas.com/,,,,
https://campusaquae.it/,,,,
http://canalkayak.fr/,,,,
http://www.canoekayakgorgesdutarn.com/,,,,
http://www.canoe-aventure.fr/,,,,
https://www.canoelerozier.fr/,,,,
http://www.kayakavranches.fr/,,,,
https://canoe-accrobranche.pontdouilly-loisirs.com/,,,,
http://www.canoekayak-pontdunavoy.com/?utm_medium=referral&utm_source=gmb&utm_campaign=lnk-gmb,,,,
https://www.canopyparc.com/,,,,
http://www.canyoc.com/,,,,
https://www.canyonaventure.re/,,,,
http://via.ferrata.alpes.free.fr/,,,,
https://isula-canyon.com/,,,,
https://aucoeurdeleau.fr/,,,,
https://www.azurcanyoning.com/,,,,
http://www.canyoningverdon.fr/,,,,
http://cap-canoe.com/,,,,
https://www.saint-etienne.fr/d%C3%A9couvrir-sortir/sports/base-nautique-saint-victor-sur-loire/base-nautique-saint-victor-sur-loire,,,,
https://voyages.carrefour.fr/agence/saran/114?utm_campaign=gmb&utm_content=agence_saran&utm_medium=organic&utm_source=google,,,,
http://www.cascades-du-herisson.fr/,,,,
https://www.joa.fr/casinos/saint-brevin,,,,
https://www.cash-piscines.com/?regionId=U1cjY3BoYWd1ZW5hdQ==&whitelabelSeller=cphaguenau,,,,
http://www.cassba.fr/,,,,
https://trootourisme.jimdofree.com/sites-visites-expositions-et-randos/cave-yuccas/,,,,
http://www.cdld.fr/,,,,
https://centrebelairpark.fr/?utm_source=google&utm_medium=wix_google_business_profile&utm_campaign=5444766862152614858,,,,
http://www.plouescat-nautisme.fr/,,,,
https://www.revesdemer.com/nos-etablissements/centre-nautique-de-lile-de-batz/,,,,
https://www.villedieu-intercom.fr/famille/centres-de-loisirs-3-12-ans/,,,,
https://www.rouffiac-loisirs.fr/fr,,,,
https://cmvsb.com/,,,,
http://centre-saint-auban.gaqo.net/,,,,
https://www.revesdemer.com/nos-etablissements/centre-dhebergement-bon-vent/,,,,
https://www.revesdemer.com/nos-etablissements/centre-nautique-de-saint-pol-de-leon/,,,,
http://www.cnplerin.com/,,,,
http://www.stadelouis2.mc/,,,,
https://copcbesancon.wixsite.com/website,,,,
https://www.paris.fr/equipements/centre-sportif-jacqueline-auriol-ex-beaujon-17906,,,,
http://www.cessinas-verger-punk.fr/,,,,
https://gorgesdutarncanyoning.net/,,,,
https://nossites.vendee.fr/chateau-de-tiffauges?utm_source=gmb,,,,
http://www.chateau-fort-manoir-chateau.eu/chateaux-aisne-chateau-a-oigny-en-valois-chateau-de-oigny.html,,,,
http://www.chateaudauphin.com/,,,,
http://www.auvergnevacances.com/visiter-auvergne/chateau-de-chalencon-saint-andre-de-chalencon/,,,,
https://www.ladiana.com/la-diana/sites-archeologiques/le-chateau-de-couzan/,,,,
https://chateaudecrussol.com/,,,,
https://tourisme.hanau-lapetitepierre.alsace/fiche/lieux-caves-idees-de-visites/chateau-de-la-petite-pierre-maison-du-parc/,,,,
http://www.chateau-medavy.com/,,,,
https://monumentum.fr/monument-historique/pa00093642/saint-julien-de-toursac-chateau-fort-de-naucase-ou-naucaze,,,,
http://chateau-pesteils-cantal.com/,,,,
https://www.ecomusee-bresse71.fr/musees-et-sites/chateau-pierre-de-bresse-71/,,,,
http://www.chateaudeponce.com/,,,,
https://regniereecluse.wordpress.com/,,,,
https://monumentum.fr/monument-historique/pa00113004/saint-leger-de-fougeret-chateau-de-saint-leger,,,,
https://www.lisieux-normandie.fr/culture-loisirs/culture/reseau-des-musees/chateau-musee-de-saint-germain-de-livet/,,,,
http://www.chateau-saint-victor.com/,,,,
https://www.chateaudesauchay.com/,,,,
https://www.bienvenue-hautemarne.fr/visites-activites/plus-beaux-chateaux/grand-jardin/,,,,
http://www.chateau-pirou.fr/,,,,
https://www.cevennes-tourisme.fr/je-prepare/a-voir-a-faire/chateau-du-castellas-saint-bonnet-de-salendrinque-fr-3922626/,,,,
https://www.chateau-saint-denis.fr/,,,,
http://www.chateau-saint-cirgues-sur-couze.fr/,,,,
https://www.chamonixbellevue.com/,,,,
http://www.chanteleux.fr/,,,,
http://www.chateaudeclinzeau.com/,,,,
https://sites.google.com/site/chouettelandcom/,,,,
https://chouetteparc.fr/,,,,
https://www.ckpontderoide.fr/,,,,
http://www.ckc-saintvicturnien.fr/,,,,
https://www.clubaquatiquepossession.com/,,,,
http://clubaquatiqueparcieux.jimdo.com/,,,,
https://voileasciez.fr/aviron,,,,
https://www.seclin-natation.fr/?utm_source=google&utm_medium=wix_google_business_profile&utm_campaign=15037416327051573442,,,,
http://www.cvthouxstcricq.fr/,,,,
https://www.clubdesdauphins.net/,,,,
https://cnpo.re/,,,,
http://www.clubfitneo.com/salle-de-sport-pornichet-fitneo/,,,,
https://www.club-nautique-merville-franceville.fr/,,,,
https://gymaquatiqueparis.fr/,,,,
https://skinautique-wakeboard-rochebut.jimdofree.com/,,,,
http://cn-pontarlier.fr/,,,,
http://www.cnportet.fr/,,,,
http://www.c-o-ulis.fr/,,,,
http://voile-franceville.asso.fr/,,,,
http://coconingmassage.fr/,,,,
https://vosges-tourisme.net/randonnee-familiale-colline-de-sion-vaudemont/,,,,
https://www.saint-lin-laurentides.com/divertir/sports-et-loisirs/complexe-aquatique,,,,
http://spadium-salles.fr/,,,,
http://www.sjsr.ca/baignade,,,,
http://www.ville-lepoiresurvie.fr/,,,,
http://www.saint-calais.fr/infrastructures-sportives/,,,,
http://www.canoes-dordogne.fr/,,,,
https://corserandocanyon.com/,,,,
https://www.costa-verde-aventure.corsica/,,,,
http://parc.annecy-lacrique.com/,,,,
http://ctgarden.fr/,,,,
https://www.cvsae.org/,,,,
https://www.dahu-canyon.com/,,,,
https://www.swt.de/swt/Integrale?SID=89993713600EEAF7C9B11CB99C05492E&ACTION=ViewPageView&MODULE=Frontend&PageView.PK=5&Document.PK=7974,,,,
http://www.goverdon.com/,,,,
http://www.accrobranche47.com/,,,,
https://www.coach-sportif-video.fr/,,,,
https://www.dolce-via.com/fr/,,,,
https://larochejagu.fr/,,,,
https://www.rumilly-peche.fr/,,,,
https://www.xn--domaine-des-les-wpb.com/,,,,
https://domainedesnaiades.com/,,,,
https://www.domainedugrandbeaulieu.com/?utm_source=google&utm_medium=wix_google_business_profile&utm_campaign=7146853881314414214,,,,
https://domaine-saint-michel.com/,,,,
https://www.domainesaintjean.com/,,,,
http://www.amisdeseptmonts.net/,,,,
http://www.dragopark.fr/,,,,
http://www.dudiparc.fr/,,,,
http://www.eaubonheurdeleau.sitew.fr/,,,,
http://www.eauclairepiscine.com/,,,,
http://www.esf-porte-puymorens.com/,,,,
http://www.srtz.com/,,,,
https://biosphere-iroise.pnr-armorique.fr/,,,,
https://www.ecomuseeportdesbarques.net/,,,,
https://ecopark-adventures.com/parc/penze-finistere-29/,,,,
http://www.sejour-en-corse.org/,,,,
https://ecovillagestecamelle.fr/,,,,
http://www.la-venise-verte.com/,,,,
http://natation-pierrelatte.fr/,,,,
https://www.centerparcs.de/de-de/deutschland/fp_HE_ferienpark-park-eifel/aqua-mundo?utm_campaign=Maps_DE_Park_Eifel&utm_medium=Maps&utm_source=google,,,,
http://www.esfndb.com/,,,,
https://www.leplessistrevise.fr/,,,,
http://www.lapalombiere.fr/,,,,
https://www.espace-bleu.fr/,,,,
http://www.espaceeauxvives.com/,,,,
https://www.gastonchaissac-sainteflorence.fr/,,,,
http://www.maudeane.com/,,,,
http://espacenatureevasion.fr/,,,,
https://www.etangdepeyrilhac.com/,,,,
http://www.tamnies.fr/letang/,,,,
http://www.pecquencourt.fr/cadre-de-vie/sites-a-visiter/etang-des-nonettes/,,,,
https://www.la-piscine-de-vos-reves.fr/,,,,
http://www.evalocation.com/,,,,
http://www.basenautiqueducoteau.com/,,,,
https://www.everblue.com/concessionnaires/everblue-saint-cergues/,,,,
https://www.gorgesduverdon-canyoning.com/,,,,
http://aquaponienormandie.com/,,,,
https://www.ilemadame.com/,,,,
http://www.fermedemagne.com/?utm_source=gmb,,,,
http://fermemenehy.wordpress.com/,,,,
http://www.fermepedagogique.net/,,,,
https://www.confituresdelacledeschamps.com/,,,,
https://ferme-musee.manche.fr/,,,,
https://www.ferte-piscines.fr/,,,,
https://www.fitnesspark.fr/club/les-pavillons-sous-bois/?utm_medium=Local_Inventory&utm_source=GMB&utm_campaign=Les-Pavillons-sous-Bois&utm_content=Yext,,,,
https://www.fitnesspark.fr/club/pollestres/?utm_medium=Local_Inventory&utm_source=GMB&utm_campaign=Pollestres&utm_content=Yext,,,,
https://www.fitnesspark.fr/club/saint-parres-aux-tertres/?utm_medium=Local_Inventory&utm_source=GMB&utm_campaign=Saint-Parres-aux-Tertres&utm_content=Yext,,,,
https://www.fitnesspark.fr/club/saint-pierre-les-elbeuf/?utm_medium=Local_Inventory&utm_source=GMB&utm_campaign=Saint-Pierre-les-Elbeuf&utm_content=Yext,,,,
http://www.flore-aquatique.com/,,,,
https://www.fontaine-conception.fr/,,,,
http://www.foretvasion.com/,,,,
https://www.foretadrenaline.com/rennes/,,,,
https://www.centerparcs.fr/fr-fr/france/fp_VN_vacances-domaine-villages-nature-paris/foret-des-legendes?utm_source=google&utm_medium=Maps&utm_campaign=Maps_FR_Villages_Nature_Paris,,,,
http://forestarena77.fr/,,,,
http://www.ecomuseeportdesbarques.net/,,,,
https://www.fun-park.fr/,,,,
https://www.booking-somme.com/location-Gite-Saint-leger-les-authie-80G91006.html,,,,
https://www.gites-67.alsace/fr/,,,,
http://www.gitesdelafutaie.fr/,,,,
http://www.galaxie-kids.fr/,,,,
https://www.gamesinforest.com/,,,,
http://www.cf-charentelimousine.fr/,,,,
http://www.gioiadinatura.com/,,,,
https://www.gitedelatuilerie.org/,,,,
https://www.domaine-foret-orient.com/golf-hotel-restaurant-spa-troyes-rouilly-sacey,,,,
http://www.gouffre-de-la-fage.com/,,,,
https://www.lagranderouederoyan.fr/,,,,
https://www.museeprehistoire.com/toute-lactualite/decouverte-de-la-grotte-de-la-baume-bonne,,,,
https://grottedubosc.com/,,,,
https://trootourisme.jimdofree.com/sites-visites-expositions-et-randos/grotte-p%C3%A9trifiante/,,,,
https://www.gulli-parc.com/nos-parcs/le-havre/,,,,
https://www.gulli-parc.com/nos-parcs/le-mans/?utm_source=google&utm_medium=organic&utm_campaign=mybusiness-website,,,,
https://www.gulli-parc.com/gulli-parc-cap-malo/decouvrez-votre-gulli-parc?utm_source=google&utm_medium=organic&utm_campaign=mybusiness-website,,,,
https://www.gulli-parc.com/nos-parcs/toulouse/?utm_source=google&utm_medium=organic&utm_campaign=mybusiness-website,,,,
http://www.saint-calais.fr/culture-et-sport/infrastructures-sportives/,,,,
https://www.rivesduhautallier.fr/sports-loisirs,,,,
http://harmony-forme.fr/,,,,
https://www.hotel-sauna-store.com/?utm_source=google&utm_medium=wix_google_business_profile&utm_campaign=5106033914273227005,,,,
http://hydrofibi.fr/,,,,
https://www.iksir-sportclub.com/,,,,
https://www.tiktok.com/@ilesplash_pnr?_t=ZM-8uyoVirTe3r&_r=1,,,,
https://magasin.irripiscine.fr/grand-est/moselle/phalsbourg/irripiscine-by-irrijardin-phalsbourg,,,,
https://magasin.irripiscine.fr/auvergne-rhone-alpes/rhone/saint-bonnet-de-mure/irripiscine-by-irrijardin-st-bonnet-de-mure,,,,
http://www.jardindelacitadelle.com/,,,,
https://jardindumoulinventin.fr/,,,,
https://www.anjou-tourisme.com/fr/diffusio/visites/jardin-mediterraneen-clos-des-vignes-sainte-gemmes-sur-loire_TFOPCUUCLOSVIGNES,,,,
http://www.jumpfun78.com/,,,,
https://jungle-aventure.fr/?utm_source=local&utm_term=gmb,,,,
https://www.junglepark.fr/,,,,
http://www.kaymancanoes.com/,,,,
https://lile-aux-pirates.fr/,,,,
https://www.liledebresse.fr/,,,,
http://www.laccrobrancherie.fr/,,,,
https://www.leaucost-piscine.fr/,,,,
http://www.weekend-romantique.fr/,,,,
http://www.hacienda-piscine.fr/,,,,
http://www.loasis-boutique.com/,,,,
https://www.zoobeauval.com/spectacles-et-activites/spectacle-d-otaries-l-odyssee-des-lions-de-mer?utm_source=google&utm_medium=organic&utm_campaign=gmb&utm_content=zooparc,,,,
http://colos.laligue12.fr/,,,,
https://durandrobert09-droid.github.io/oasis-des-delices/,,,,
https://www.canoekayak-gorgesdutarn.com/fr/accueil/,,,,
http://www.quimper.fr/502-l-accueil-de-vos-enfants.htm,,,,
http://www.fermedudomaine.fr/,,,,
http://lagrangederenneville.fr/,,,,
http://www.lesfousdelaglisse.fr/,,,,
https://lalocdulac.fr/,,,,
https://lalouveraie.fr/,,,,
http://www.maisondubocage.com/,,,,
http://www.tourismeaudruicq-oyeplage.fr/,,,,
https://www.canyoning-speleo-lozere.com/,,,,
http://www.kananas.com/associationacdelagardonnenque3123/,,,,
https://www.savignacleseglises.com/copie-de-les-associations-2,,,,
http://www.rochedutresor.com/,,,,
https://www.la-spa.fr/tilloy-les-mofflaines,,,,
http://www.lateteauloup.fr/,,,,
http://www.labyrinthesaux1000fleurs.fr/,,,,
https://lacaventure.com/,,,,
https://www.lacsdespyrenees.com/lac-1808-Plan%20d%E2%80%99eau%20d%E2%80%99Oss%C3%A9ja.html,,,,
https://www.ville-seilhac.com/index.php/site-de-bournazel,,,,
https://www.bourgdoisans.com/decouvrir-et-bouger/en-mode-repos/pique-nique/#buclet,,,,
https://fr.wikipedia.org/wiki/Arcades_du_Lac,,,,
http://lacdemissy.com/,,,,
https://www.durance-luberon-verdon.com/le-lac-de-montpezat.html,,,,
https://www.dordogne.fr/que-faire-en-dordogne/les-incontournables/base-de-loisirs-de-rouffiac,,,,
https://basenautiquedelongages.fr/conseils-pour-une-journee-agreable-a-la-base-nautique-du-lac-de-sabatouse/,,,,
https://rando-trekking.fr/,,,,
http://www.vacances-lagrange.com/vacances-location-mer-montagne,,,,
http://www.lagunaparktrasimeno.it/,,,,
https://lanes-aventures.fr/,,,,
https://www.lannion-tregor.com/,,,,
http://www.larcher.fr/,,,,
http://www.lecabanonenchante.com/,,,,
http://www.campdelaforge-moisdon.fr/,,,,
https://lespierresjaumatres.fr/,,,,
https://cozee.holidayfuture.com/listings/220460,,,,
https://coloradoprovencal.fr/,,,,
http://www.ledomainedurochernoir.fr/,,,,
https://www.lesetangsdesaintjeanvrin.com/,,,,
https://www.jura-tourism.com/patrimoine-naturel/la-vallee-et-les-cascades-du-herisson/,,,,
http://lejardindelapellerine.com/,,,,
http://www.lejardinretire.fr/,,,,
https://www.bordeaux.fr/accueil-agenda,,,,
https://premiumfr.cyou/lemoulindej1na9,,,,
https://polenautiquedesaumur.com/,,,,
https://tenup.fft.fr/club/58610782?utm_source=gmb,,,,
https://www.gites-de-france.com/fr/nouvelle-aquitaine/haute-vienne/le-presbytere-de-thiat-87g1390,,,,
https://troo.fr/,,,,
http://www.reptilarium-larzac.com/,,,,
https://www.lesaulebleu85.fr/,,,,
http://soleildenoe.jimdofree.com/,,,,
http://le-spot-nautique.bzh/fr/pages/Les_spots/PLERIN/,,,,
https://janstraveltips.com/le-tourbillon-france,,,,
https://www.pontchateau.fr/le-vallon-des-butineurs-2/,,,,
https://www.tortupole.com/,,,,
http://www.camping-les-canardieres.fr/?utm_medium=referral&utm_source=gmb&utm_campaign=lnk-gmb,,,,
http://www.lery-poses.fr/hebergement-restauration/les-chalets-du-lac,,,,
https://etangs-de-marnay.fr/,,,,
https://lesgitesduchastel.fr/,,,,
https://www.vallespir-tourisme.fr/decouvrez/nos-incontournables/les-lacs-de-saint-jean-pla-de-corts/,,,,
https://www.lesptitsfous.fr/,,,,
https://www.charenbaie.fr/activites/kayak,,,,
http://lesparcsdupassage.bzh/,,,,
https://locationcanoe.com/,,,,
https://www.lespiscinesdurhin.com/?utm_source=Google&utm_medium=My%20Business,,,,
http://www.bungalowporcelaines.com/,,,,
https://www.lesportesdesaintgilles.fr/,,,,
https://lesserresdumeriot.com/,,,,
http://www.leszaccroches.fr/,,,,
http://www.pierre-fabre.com/fr,,,,
http://www.libertycable.fr/,,,,
https://ckcp86.fr/,,,,
http://www.location-bateaux-verdon.com/,,,,
https://www.pierreetvacances.com/fr-fr/fp_RUD_location-locations-maeva-particuliers-le-rouret,,,,
https://www.valdebonnieure.fr/logis-de-saint-amant,,,,
https://www.loon-piscines.fr/?utm_source=gmb,,,,
http://www.loopiland.fr/,,,,
http://www.lorientnatation.com/,,,,
http://location-insolite.com/,,,,
https://ludeaupaddlekayak.my.canva.site/,,,,
https://www.ludykid.com/,,,,
https://maikaponatural.com/,,,,
http://www.maparentheseastchristo.fr/,,,,
https://www.piscines-magiline.fr/pisciniste-magasin-piscines/fr-normandie-eure-distributeur-piscines-magiline-ste-colombe-la-commanderie/?utm_source=Google&utm_medium=MyBusiness,,,,
https://www.saintbonnetlesallier.fr/,,,,
http://mairiesaintgeorgesmotel.fr/,,,,
https://sanrysurnied.fr/,,,,
http://www.lacsaintpardoux.com/,,,,
http://www.aquarium-maison-du-saumon.com/,,,,
https://www.manche.fr/patrimoine/maison-jacques-prevert-n.aspx,,,,
https://www.manoirdelaforme.com/,,,,
https://www.aktif-sport.fr/,,,,
https://mickaeldesrues64.wixsite.com/marcheaquatique,,,,
http://www.residence-marea.corsica/,,,,
http://www.margeride-aventure.com/,,,,
http://marienoellemonferran.com/,,,,
https://martinique-wakepark.guidap.co/fr,,,,
https://maxaventure-oytierstoblas.fr/,,,,
https://www.tourismefrance.info/search/label/Mendive?&max-results=12,,,,
https://lorient.metropolisfunparc.com/,,,,
http://meusecanoe.fr/,,,,
https://www.minotopia.com/,,,,
https://www.missionh2o.com/,,,,
https://moissacskinautique762990425.wordpress.com/,,,,
http://www.moulinbegeot.eu/,,,,
https://www.mountainkart-lesorres.com/,,,,
http://www.musee-balzac.fr/,,,,
http://www.museedelafourme.com/,,,,
https://www.ville-molay-littry.fr/tourisme/musees,,,,
http://www.nomad-sport-nature.com/,,,,
https://bnbofr.click/natacha-delhaye-p96dxz,,,,
https://www.nature-canyon-ardeche.com/,,,,
https://www.natureetvacances.fr/,,,,
https://nausicaa-asel.fr/,,,,
http://www.nuit-nature.fr/,,,,
http://opaddledolt.fr/,,,,
http://www.o-park.fr/,,,,
https://www.arizonagrandresort.com/oasis-water-park/,,,,
https://www.destination-broceliande.com/officedetourisme-broceliande/,,,,
https://www.leman-mountains-explore.com/,,,,
http://www.tourisme-bearn-gaves.com/,,,,
http://otpaysmelois.fr/,,,,
http://www.pontchateau-saintgildasdesbois.com/,,,,
http://www.haut-jura-grandvaux.com/,,,,
https://causses-gorgesaveyron.com/,,,,
http://www.tourisme.hanau-lapetitepierre.alsace/,,,,
https://ot-ouessant.fr/,,,,
http://www.quad-ardeche.fr/,,,,
http://www.club-de-plage-la-trinite-sur-mer.com/,,,,
http://www.orcieresloisirs.com/,,,,
https://ouessant-kayak.fr/,,,,
https://oupaparcs.fr/oupa-oupa-aventures/,,,,
http://www.polenautique.guingamp-paimpol-agglo.bzh/,,,,
http://www.polenautiquesudgoelo.fr/,,,,
https://www.palauaventures.fr/,,,,
https://www.palinespacesverts.com/?utm_medium=referral&utm_source=gmb&utm_campaign=lnk-gmb,,,,
https://www.akrobranchdorlu.com/,,,,
http://www.parcanimalierlabarben.com/,,,,
https://www.onf.fr/vivre-la-foret/activites-et-loisirs-en-foret/+/1c0e::parc-animalier-de-la-foret-domaniale-de-roumare.html,,,,
https://www.levallondeskangourous.com/,,,,
https://www.domainederevert.com/,,,,
http://www.gravite-86.com/,,,,
http://reallon-aventure.fr/,,,,
http://cub33.parcs-et-jardins.eu/ficheparc/152,,,,
https://decoloisir.fr/,,,,
https://www.ccl-valleedoree.fr/horaires-tarifs-et-plan-dacces/,,,,
https://mairie-opio.fr/parc-de-loisirs-622,,,,
https://www.reims.fr/qualite-de-vie-environnement/parcs-et-jardins-de-la-ville-de-reims/les-parcs-et-jardins-de-la-ville/le-parc-de-champagne,,,,
https://www.ramonville.fr/pratique/parcs-aires-de-jeux-et-de-loisirs/,,,,
http://www.parcdelarche.fr/,,,,
https://www.saillat.fr/lieux-touristiques-saillat-sur-vienne_fr.html,,,,
https://poudrerie-royale.com/,,,,
https://parc-aquavagues-millau.fr/,,,,
https://www.agglo-pvm.fr/information-transversale/annuaire-des-structures-ou-des-equipements/parc-de-noisiel-422,,,,
https://www.tourisme-paraylemonial.fr/votre-pelerinage/parc-des-chapelains.html,,,,
https://tourisme.lisieux-normandie.fr/offres/parc-des-loisirs-dorbec-orbec-fr-5360939/,,,,
https://www.ville-troyes.fr/sortir-bouger/parc-des-moulins,,,,
http://www.ville-briancon.fr/,,,,
http://www.lagny-sur-marne.fr/,,,,
http://www.natureadventure.fr/,,,,
https://www.anjou-tourisme.com/fr/diffusio/visites/parc-de-pignerolle-saint-barthelemy-d-anjou_TFOPCUUPARCPIGNEROLLE,,,,
https://www.quincy-voisins.com/,,,,
https://www.ville-sens.fr/lieux-equipements/moulin-a-tan/,,,,
http://www.tourisme-paraylemonial.fr/parc-et-jardins/parc-du-moulin-liron-PCUBOU071148141.html,,,,
https://lacoursdaron.com/wordpress,,,,
https://www.offranville.fr/2019-05-28-11-57-57/parc-floral-william-farcy,,,,
https://www.saintpaulmontpenit.fr/,,,,
https://www.paris.fr/lieux/parc-monceau-1804,,,,
http://www.saintgeorgesdereneins.fr/fr/information/77194/parc-monchervet,,,,
http://www.fermelesjoursheureux-65.com/,,,,
https://destination.parc-oise-paysdefrance.fr/,,,,
https://www.ppnm.fr/,,,,
https://www.prldenogentel.com/,,,,
https://www.parc-saint-leger.com/,,,,
https://www.psl-cevennes.com/,,,,
https://www.quillan.fr/equipements-sportifs-municipaux/parc-saint-bertrand/,,,,
https://naturecanoeperigord.fr/base-de-canoe-kayak-a-parcoul/,,,,
https://www.saintvictorlacoste.com/equipements-sportifs-et-de-loisirs/,,,,
https://www.pierreetvacances.com/fr-fr/fp_26L_location-residence-les-embruns,,,,
http://www.pasdesoucy-gorgesdutarn.fr/,,,,
https://www.payzanes.com/?utm_source=google&utm_medium=wix_google_business_profile&utm_campaign=3125319111234943598,,,,
https://www.iledere.com/organiser-activites-et-loisirs/sites-de-visites-patrimoine-culture/musees-et-monuments/phare-des-baleineaux-saint-clement-des-baleines-fr-5416012/,,,,
http://pignans-plage-natationazur.fr/,,,,
https://piroufunbeach.wixsite.com/jetski,,,,
https://www.pisciculturedelandelle.fr/,,,,
https://www.pisciculture-pont-authou-eure.fr/,,,,
http://www.ville-mehun-sur-yevre.fr/Sports,,,,
https://www.saint-lambert.ca/fr/piscine-interieure,,,,
http://www.paulhan.fr/,,,,
http://piscine-ecole.fr/,,,,
https://pass.orcieres.com/fr/palais-des-sports/aquaparc?gad_source=1&gad_campaignid=23904667884&gbraid=0AAAAADfiTn8g_NaDwvWGlNdiPWr0up2Ak&gclid=Cj0KCQjwguLSBhDLARIsAH-yPrFZ9rY8QYSIu8KWKvZy2Qhxfw5v_mfEICURERhutDp8AI4T0XO7s5IaAgkTEALw_wcB,,,,
https://www.saint-lambert.ca/fr/piscines-exterieures,,,,
http://www.montpellier3m.fr/equipement/piscine-amphitrite,,,,
https://www.chalonnes-sur-loire.fr/sports-loisirs/loisirs/piscine/,,,,
https://www.paris.fr/lieux/piscine-catherine-lagatu-5041,,,,
https://www.berreletang.fr/piscine,,,,
https://www.chinon-vienne-loire.fr/sport/horaires-de-la-piscine-du-veron/horaires-de-la-piscine-avoine/,,,,
https://www.piscine-sportive-chambery.fr/,,,,
http://usses-et-rhone.fr/,,,,
https://www.cc-giennoises.fr/centre-aquatique-du-giennois/,,,,
https://www.cergypontoise.fr/piscine-de-laxe-majeur,,,,
https://www.lehavre.fr/annuaire/piscine-de-la-mare-rouge,,,,
http://www.cc-mimizan.fr/fr/loisirs/piscine.html,,,,
https://www.ville-pouguesleseaux.fr/piscine-municipale_fr.html,,,,
https://www.paris.fr/equipements/piscine-des-amiraux-2944,,,,
https://www.cergypontoise.fr/piscine-des-louvrais,,,,
https://www.mairie-auch.fr/index.php/vie-culturelle-et-sportive-auch/sports/piscine,,,,
https://www.saint-herblain.fr/annuaire-des-parcs-et-lieux-publics/piscine-ernest-renan/,,,,
https://www.ka-europabad.de/home.html,,,,
https://www.paris.fr/equipements/piscine-georges-drigny-2920,,,,
https://www.paris.fr/equipements/piscine-georges-rigal-2924,,,,
https://www.paris.fr/equipements/piscine-hebert-2943,,,,
https://www.saintbrieuc-armor-agglo.bzh/sortir-et-decouvrir/faire-du-sport/les-piscines/la-piscine-helene-boucher,,,,
https://www.roissypaysdefrance.fr/Vivre/Sports/Les-piscines-intercommunales/Piscine-intercommunale-a-Goussainville,,,,
http://www.piscinedefongravey.fr/,,,,
https://www.roissypaysdefrance.fr/annuaires/equipements/detail/piscine-intercommunale-a-mitry-mory,,,,
https://www.paris.fr/lieux/piscine-jacqueline-auriol-17349,,,,
http://www.cahorsagglo.fr/larchipel,,,,
http://www.agglo-paysdaix.fr/sports/piscines/etablissements/detail/p/piscine/detail/piscine_liourat_de_vitrolles.html#&panel1-1,,,,
http://lou-castellas-pool.gaqo.net/,,,,
https://www.mairie-cazeres.fr/,,,,
https://www.guide-piscine.fr/dordogne/piscine-de-gardonne-1565_P,,,,
http://piscine-municipale-lisle-sur-tarn.gaqo.net/,,,,
https://www.castanet-tolosan.fr/creatrice/sports-et-loisirs/piscine-municipale-347.html,,,,
https://portlanouvelle.fr/piscine-municipale/,,,,
http://www.portsaintlouis.fr/la-piscine-est-a-vous,,,,
https://www.plandecuques.fr/piscine-municipale,,,,
https://www.saint-cannat.fr/cadre-de-vie/equipements/piscine-d-ete.html,,,,
http://piscine-municipale-reichshoffen.paqe.io/,,,,
https://www.ville-clichy.fr/133-piscine-municipale-clichy.htm,,,,
http://www.fosse66.fr/activites,,,,
https://limoges.fr/,,,,
http://www.st-paul-les-dax.fr/Vie-associative-Culture-Sports/Sports/Piscine-municipale,,,,
http://pamproux.fr/fr/information/3544/piscine-municipale,,,,
http://www.marlyleroi.fr/Th%C3%A9matiques/Piscine%20municipale%20Franck%20Esposito/119/,,,,
https://www.sarlat.fr/les-equipements-sportifs/,,,,
https://www.pbl47bonneulaurent.fr/?utm_medium=referral&utm_source=gmb&utm_campaign=lnk-gmb,,,,
https://www.paris.fr/equipements/piscine-paul-valeyre-2921,,,,
https://physieau.fr/,,,,
https://www.montpellier3m.fr/equipement/piscine-poseidon-cournonterral,,,,
https://www.piscineweekend.fr/,,,,
https://www.alliancepiscines.com/le-reseau/magasin-piscine/piscines-alliance-expansion.html,,,,
https://piscines-solutions-dinan.fr/,,,,
https://piscinistes-associes-hydratheme.fr/,,,,
http://www.saint-blaise.ch/,,,,
https://www.mairie-noyensursarthe.fr/aires-de-jeux/,,,,
https://www.visit-corsica.com/fre/Mon-sejour/Patrimoine-naturel/Tout-le-patrimoine-naturel/PLAGE-D-ISOLELLA,,,,
https://www.visit-corsica.com/fre/Mon-sejour/Patrimoine-naturel/Tout-le-patrimoine-naturel/PLAGE-DE-GRIGIONE,,,,
http://www.lachapelleerbree.fr/mairie-86-le-plan-d--eau.php,,,,
https://corse.francetourisme.info/plage-de-pietracorbara-20,,,,
https://www.guide-tourisme.org/pays/france-21892-voici-pourquoi-la-crique-de-yeyew-a-belle-ile-en-mer-est-votre-prochain-havre-de-paix-secret.html,,,,
https://www.lac-annecy.com/plage-espace-de-baignade/plage-municipale-de-saint-jorioz-saint-jorioz/,,,,
http://www.sainteeulalieenborn.fr/,,,,
http://www.plaisirs-deau.fr/,,,,
http://www.planetesauvage.com/,,,,
https://www.masseret.fr/plan-deau,,,,
http://www.ville-yzeure.com/,,,,
https://www.beauvaisis.fr/loisir/plan-deau-du-canada-2/,,,,
https://www.rochepaule.fr/,,,,
https://www.anjou-tourisme.com/fr/diffusio/loisirs/plan-d-eau-de-baignade-de-grezille-gennes-val-de-loire_TFOLOILZSALPLANEAUGREZILLE,,,,
https://www.sunreva.com/,,,,
http://www.polygliss.fr/,,,,
https://resa.tourisme64.com/activites/sauveterre-de-bearn/PCUAQU064FS000OK-pont-de-la-legende/,,,,
https://www.poolsnap.fr/,,,,
https://www.portaventuraworld.com/aquatic-park?utm_campaign=My+Business&utm_medium=maps&utm_source=google,,,,
https://www.portaventuraworld.com/?utm_campaign=My+Business&utm_medium=maps&utm_source=google,,,,
http://levedrignans.com/,,,,
https://puisayepiscine.com/,,,,
http://www.quiberon-aventure.com/,,,,
https://sites.google.com/view/rdularge-location-penmarch/accueil,,,,
http://www.reglisse.fr/,,,,
https://www.pierreetvacances.com/fr-fr/fp_UBU_location-residence-arinella,,,,
https://www.locations-bretagne.net/,,,,
https://www.goelia.com/fr/residence-vacances/portiragnes/goelia-residence-sun-village.52.4.php?utm_source=GMB,,,,
https://residence-leshorizons-dhuez.top/,,,,
https://www.pierreetvacances.com/fr-fr/fp_Y2Y_location-residence-les-mouflons-i-et-ii,,,,
https://www.pierreetvacances.com/fr-fr/fp_RRL_location-residence-les-rivages-de-rochelongue?utm_source=google&utm_medium=Maps&utm_campaign=Maps_FR_Les_Rivages_de_Rochelongue,,,,
https://www.pierreetvacances.com/fr-fr/fp_IAL_location-residence-les-terrasses-d-azur,,,,
https://www.maeva.com/fr-fr/residence-le-chamois-blanc_13561.html,,,,
https://www.maeva.com/fr-fr/residence-maeva-le-port---les-hebrydes_10487.html?utm_source=google_business&utm_medium=organic&utm_content=gmb,,,,
https://www.residence-nemea.com/hiver/france/rhone-alpes/savoie/flumet/residence-vacances-les-chalets-des-evettes-38.html?utm_source=annuaire&utm_medium=seo&utm_campaign=seo-local&utm_content=gmb,,,,
https://www.pierreetvacances.com/fr-fr/fp_ADM_location-residence-les-melezes,,,,
https://juanitastraveltips.com/maeva-residence-les-oceanes-france,,,,
http://sole-e-mare.fr/,,,,
http://ulysse.sitego.fr/,,,,
https://www.revedepiscine.com/,,,,
http://www.randoaquareunion.fr/,,,,
https://correze-randopalmee.simdif.com/,,,,
http://tourisme.coeurdesavoie.fr/noesit/!/fiche/rando-croquis-lac-sainte-helene-295569,,,,
https://verdonsecret.com/randonnee-sur-le-sentier-martel/,,,,
https://enm.lillemetropole.fr/parcs/relais-nature-du-parc-de-la-deule,,,,
http://www.lequesnoy.fr/vivre-a-le-quesnoy/les-fortifications/,,,,
https://twpmodesto.com/felix-salons-kdee3t,,,,
https://www.restaurantdesdombes.com/,,,,
https://www.saint-avit-loisirs.com/,,,,
http://www.restaurant-lepointg.fr/,,,,
https://www.canyoning-escalade.com/,,,,
http://ritchi-animation.fr/,,,,
https://www.verdontourisme.com/route-des-cretes/,,,,
https://stbenoitaventure.com/,,,,
https://www.tourismefrance.info/search/label/Saint-Agnan-en-Vercors,,,,
https://www.tourismefrance.info/search/label/Saint-Amant-Roche-Savine,,,,
https://www.tourismefrance.info/search/label/Saint-Anth%C3%A8me,,,,
http://www.saintefoy-tarentaise.com/,,,,
https://parcsaintecroix-lodgesnature.com/,,,,
https://www.lafactory-receptionetgites.fr/,,,,
https://www.sandaya.fr/nos-campings/les-alicourts,,,,
https://www.aireparkreservation.com/aires-camping-cars/nouvelle-aquitaine/creuse/sannat,,,,
https://www.tourismefrance.info/search/label/Sauvain?&max-results=12,,,,
https://savanekids.fr/,,,,
https://chateaudeparnay.fr/,,,,
https://www.scelleur-paysage.fr/,,,,
http://www.seaquarium.fr/,,,,
https://www.elan-evasions.com/,,,,
https://www.preference-voyages.com/,,,,
https://cergy.sensas.top/reservation/,,,,
https://www.banyuls-sur-mer.com/tourisme/decouvrir/la-mer-et-ses-tresors/incontournables-de-la-mediterranee/sentier-sous-marin/,,,,
https://chartreuse-saintecroixenjarez.com/,,,,
http://forgesdepaimpont.fr/,,,,
http://www.lac-monteynard.com/,,,,
http://skinautiquecholetais.fr/,,,,
https://relot.fr/,,,,
https://www.sogo-loisirs.fr/accrobranche/,,,,
http://loireforez.com/noesit/!/fiche/source-d-eau-minerale-de-la-fontfort-295286,,,,
http://www.hotelsaintamand.com/fr/spa-bien-etre-nord.html,,,,
http://www.sport-nature-by-erwan.com/,,,,
http://www.sport-nature-lozere.com/,,,,
https://aravis-center.fr/activite/squash/,,,,
https://www.royalparks.org.uk/visit/parks/st-jamess-park,,,,
http://www.mairie-saintpaulsursave.fr/fr/culture-et-loisirs/equipements-sportifs.html,,,,
http://www.subaquaclubdupoitou.fr/,,,,
https://sullypiscines.fr/,,,,
https://swimstars.co/piscines/enghien-les-bains/,,,,
https://swimstars.co/folelli/,,,,
http://swimmingpole.fr/,,,,
http://www.tamaris-aquaparc.com/,,,,
https://www.tourisme-paysdecazevillois.fr/listes/terra-olt/,,,,
https://www.isere-tourisme.com/patrimoine-culturel/le-parc-des-lurons-terrain-de-padel,,,,
https://www.terredeslacs.com/,,,,
https://www.residence-silenes-allevard.com/,,,,
https://www.trampolinepark.fr/marseille?utm_source=google&utm_medium=gmb&utm_campaign=gmb_website_marseille,,,,
https://www.trampolinepark.fr/toulouse-montaudran/?utm_source=google&utm_medium=gmb&utm_campaign=gmb_website_toulouse_montaudran,,,,
https://trestelsurfclub.fr/,,,,
https://tropicarium-bonsai-la-baule.fr/,,,,
http://www.ty-circus.fr/,,,,
https://tyrovol.com/,,,,
http://www.universpiscines69.fr/,,,,
https://veloraildelasioule.fr/,,,,
https://www.vacansoleil.fr/,,,,
https://www.camping-vagues-oceanes.com/,,,,
https://www.vallee-oriege.com/,,,,
https://variationsportnature.com/,,,,
http://www.vayaform-aquabiking-esthetique-montpellier.fr/?utm_source=gmb#!,,,,
https://www.veniseverte.com/,,,,
https://www.saint-georges-le-gaultier.com/viaduc-et-tourisme/,,,,
https://www.location-mers-les-bains.com/,,,,
https://www.villagesclubsdusoleil.com/fr/nos-destinations/sejour-a-la-mer/le-reverdi?utm_source=maps&utm_medium=organic&utm_campaign=LeReverdi,,,,
https://www.mileade.com/destinations/mer/carry-le-rouet/?utm_source=google&utm_medium=uberall,,,,
https://www.mileade.com/destinations/montagne/chamonix-hiver/?utm_source=google&utm_medium=uberall,,,,
https://www.mileade.com/destinations/campagne/la-ferte-imbault/?utm_source=google&utm_medium=uberall,,,,
https://www.mileade.com/destinations/campagne/samatan/?utm_source=google&utm_medium=uberall,,,,
https://www.mileade.com/destinations/neige/tignes/?utm_source=google&utm_medium=uberall,,,,
https://www.tourismebretagne.com/destinations/les-10-destinations/baie-de-saint-brieuc-paimpol-les-caps/paimpol-et-loguivy-de-la-mer/,,,,
http://www.fol74.org/,,,,
https://www.revesdemer.com/nos-etablissements/centre-dhebergement-le-village-des-pecheurs/,,,,
https://www.oradour.org/,,,,
http://www.osteopathie-aquatique.org/,,,,
https://www.vnkinesiologue.com/,,,,
http://www.volerieduforez.fr/,,,,
https://www.wakeparkrincerie.com/,,,,
https://www.winterparc.fr/,,,,
http://www.safari-peaugres.com/,,,,
https://www.youpiparc.com/parc/youpi-parc-libourne-33/,,,,
http://www.zoodessables.fr/,,,,
https://www.centerparcs.nl/nl-nl/nederland/fp_KV_vakantiepark-de-kempervennen/aqua-mundo?utm_source=google&utm_medium=Maps&utm_campaign=Maps_NL_De_Kempervennen,,,,
https://www.vg-suedeifel.de/leben-wohnen/tourismus-freizeit/freizeit-und-erlebnisbad-aqua-fun/,,,,
https://babor-quellenhof.de/,,,,
http://www.schwerelos-aachen.de/,,,,
https://www.aiyara-thaimassage-spa.de/,,,,
http://www.legitenatureetspa.fr/,,,,
https://ville-equihen-plage.fr/,,,,
http://saint-plaisir.fr/,,,,
http://lesdauphins40.org/,,,,
https://www.tourisme-corbieres-minervois.com/plan-d-eau-les-fargues.html,,,,
https://www.linattendu63.fr/,,,,
https://www.ecoutetonetre.net/,,,,
https://xn--au-chteau-f2a.fr/,,,,
https://www.chateauversailles.fr/,,,,
http://www.hotel-noble.fr/,,,,
https://bellezza-spa.ecoif.fr/,,,,
https://www.igesa.fr/vos-vacances/recherche-sejour/reserver-mes-vacances/etablissement/vernet-les-bains-hotel-premium-du-portugal,,,,
http://www.logis-saint-francois.fr/fr/,,,,
http://www.domainedelachanterelle.com/,,,,
http://www.accro-verdon.fr/,,,,
http://sanctuairedeverdelais.fr/,,,,
https://eauloin.fr/,,,,
https://www.le-pre-de-letang.fr/,,,,
http://etang-la-voliere.com/,,,,
http://didier-ramelot.com/,,,,
http://www.ventenac.com/,,,,
http://www.escapadescocooning.com/,,,,
http://www.domainesainteanne.com/,,,,
https://chateaudevendegies.com/,,,,
http://www.hotel-restaurant-medoc.com/,,,,
https://www.parcdelaventure.com/,,,,
https://www.laforet-aventure.com/attraction/mini-golf/,,,,
http://www.kangoopark.fr/,,,,
https://www.letrianondalesia.fr/?utm_medium=referral&utm_source=gmb&utm_campaign=lnk-gmb,,,,
http://spa-lorraine.com/,,,,
https://www.mairie-veigne.com/mes-loisirs/tourisme-decouverte/visites-et-balades-veigne/manoir-de-beaupre,,,,
https://www.planity.com/flory-head-spa-84270-vedene,,,,
https://www.planity.com/el-guapa-42340-veauche,,,,
https://domainedelacour.fr/,,,,
https://www.collinedesion-vaudemont.fr/restauration,,,,
https://www.eliospa.fr/spas/eliospa-vars/,,,,
http://www.vars.com/,,,,
https://www.vars.com/hiver/a-faire-sur-place/activites/vars-mountain-kart/,,,,
https://www.vars.com/hiver/a-faire-sur-place/activites/luge-du-caribou/,,,,
https://www.ville-varilhes.fr/,,,,
http://www.les-gorges-de-l-ardeche.com/,,,,
https://www.beziers-mediterranee.com/,,,,
http://ulm-alpes-ardeche.net/,,,,
https://www.giteschateaudevalflaunes.com/,,,,
https://www.lavalette83.fr/ma-ville/patrimoine-naturel/baudouvin/baudouvin-grand-ouvert-horaires-et-tarifs/,,,,
http://www.valenton.fr/,,,,
https://www.ville-valbonne.fr/mes-loisirs/sport/piscine-municipale-cuberte/,,,,
https://www.valcenis.com/,,,,
http://www.valcenis.com/,,,,
https://www.vedaquais-72.com/,,,,
https://www.gites-de-france-sarthe.com/fr/location/chambres-hotes-vaas-la-vedaquaise-h72h023193?utm_medium=partoo&utm_source=gbp,,,,
https://www.tourismefrance.info/search/label/Ussat,,,,
https://www.ville-unieux.fr/vos-services/salles-municipales.html,,,,
https://labeautedessens.fr/,,,,
https://www.lumaeinstitut.com/,,,,
https://alexandra-peruzotti.missiontherapeute.fr/tunnel/,,,,
http://www.parc-animalier-ecouves.com/,,,,
https://www.decathlon.fr/store-view/magasin-de-sports-aubenas-0070110801108?utm_campaign=fr_nc-cta-siteweb_f-aw_&utm_medium=organic&utm_source=googlelocal,,,,
https://www.ville-aubenas.fr/actualites-et-sorties/actualites/piscine-saison-estivale,,,,
https://idl-jablines-annet.fr/,,,,
http://www.bourgogne-detente.fr/,,,,
https://www.anthy-sur-leman.fr/,,,,
http://www.anthy-sur-leman.fr/,,,,
https://www.ville-thonon.fr/decouvrir-la-ville/sport/plage-municipale/,,,,
https://www.genie-therm.com/,,,,
http://lapalmeraielodge.com/,,,,
https://www.planity.com/spa-maison-r-face-n-body-97351-matoury,,,,
https://www.lesbainsdelareine.com/,,,,
https://www.lorient-agglo.bzh/vos-services/animations/animations-grand-public/,,,,
https://www.experiapark.com/lorient,,,,
http://www.mayapark.fr/,,,,
http://www.atoutpiscines.com/,,,,
http://www.mairie-steenvoorde.fr/fr/evenement/165488/inauguration-parc-maczek,,,,
https://www.planity.com/charm-nails-27360-pont-saint-pierre,,,,
https://www.provenceoccitane.com/,,,,
http://musees.gard.fr/,,,,
https://www.pontpiscine.com/?utm_medium=referral&utm_source=gmb&utm_campaign=lnk-gmb,,,,
http://www.pontsaintesprit.fr/,,,,
http://www.swingfamilyparc.com/,,,,
http://www.ot-belle-isle-en-terre.com/patrimoine/lady-mond.php,,,,
https://www.valdarly-montblanc.com/villages-stations/notre-dame-de-bellecombe/,,,,
http://www.lamaloterie.fr/,,,,
https://www.aggloroanne.fr/ma-collectivite/sport/nauticum-de-roanne-254.html,,,,
http://www.la-boutiere.com/,,,,
http://www.domainedecoyolles.com/,,,,
https://www.chateaudelareineblanche.fr/,,,,
https://www.lagrandcour.fr/,,,,
https://www.planity.com/spa-athena-33390-cars,,,,
https://magicwellness.fr/,,,,
https://swimstars.co/piscines/montgeron/,,,,
https://www.wampark.fr/base/bordeaux-sud-baurech/,,,,
https://www.arbomagic.com/,,,,
https://www.adventurecamp.fr/,,,,
https://bemmequer.fr/,,,,
https://cpts-de-broceliande.site-sante.fr/,,,,
https://www.residencedupays.com/,,,,
https://www.papybnb.com/liste-ehpad/aube,,,,
https://www.euskadiwakepark.fr/,,,,
http://www.lapecheduparc.com/,,,,
https://www.ferrieres-sur-sichon.fr/,,,,
https://www.pisciculturemoulinpiat.com/,,,,
http://www.surlegreen.com/?utm_source=gmb,,,,
https://www.ofildeleaumarciac.fr/,,,,
http://www.coeursudouest-tourisme.com/,,,,
https://www.gulli-parc.com/nos-parcs/bry-sur-marne/,,,,
https://www.planity.com/azena-78120-rambouillet,,,,
https://www.campingcarpark.com/fr_FR/camping-car/auvergne-rhone-alpes/15-cantal/ferrieres-saint-mary?areaType=camping,,,,
https://labbechristele.wixsite.com/christelebienetre,,,,
https://www.sabai-nang-thai-massage.fr/,,,,
http://sereposer.fr/,,,,
https://www.azurpark.fr/,,,,
https://karukera.webnode.fr/,,,,
http://www.ville-bruyereslechatel.fr/actualite/192-parc-du-chateau.html,,,,
https://sportsloisirsdesmontagnes.com/aquapark-marcot/,,,,
https://www.grottederouffignac.fr/,,,,
http://www.chateaudeferrieres.com/,,,,
https://www.aqualoft-ferrieres.fr/,,,,
https://www.tourisme-porteduhainaut.com/activites/parc-loisirs-et-nature,,,,
https://www.chateauversailles.fr/decouvrir/domaine/les-jardins,,,,
http://www.snversailles.fr/,,,,
https://www.domainederouffach.com/fr/chez-julien.html,,,,
https://www.aquaparcdumoulinet.fr/,,,,
http://www.concept4vip.fr/,,,,
http://energetic-institut-rouen.com/,,,,
http://www.woupi.fr/,,,,
http://www.balygoo.fr/,,,,
http://www.centremedicalpasteur.fr/,,,,
https://www.lehavre.fr/annuaire/piscine-de-caucriauville,,,,
https://leschateauxdebruniquel.fr/,,,,
http://www.gorges-aveyron-tourisme.com/,,,,
http://campementprehisto.wixsite.com/terremere,,,,
http://www.chezpigassou.fr/,,,,
https://la-balade-du-pere-nicolas.com/,,,,
http://www.champagne-saint-hilaire.fr/fr/information/112866/base-loisirs,,,,
https://www.planity.com/roxane-maison-de-beaute-85280-la-ferriere,,,,
http://www.moulinrestanque.fr/,,,,
https://www.sundgau-sud-alsace.fr/LEI2/1620/242010370/Ferrette.htm,,,,
http://www.sundgau-sudalsace.fr/,,,,
http://www.roubaix-lapiscine.com/,,,,
https://c2hvm.fr/,,,,
https://www.relais-aumale.fr/restaurant-chantilly-bar-proche-paris-roissy,,,,
http://www.lairdutemps.biz/,,,,
https://www.loucia-beautyzen.fr/,,,,
http://abbaye-leoncel-vercors.com/,,,,
https://massage-land.fr/,,,,
http://www.leon.fr/,,,,
http://www.adrenalineparc.fr/,,,,
http://www.islaleon.com/,,,,
https://www.capfun.com/camping-france-aquitaine-paillotte-FR.html,,,,
http://www.gisouloisirsnautiques.com/,,,,
https://www.fitnesspark.fr/club/bezons/?utm_medium=Local_Inventory&utm_source=GMB&utm_campaign=Bezons&utm_content=Yext,,,,
https://www.latourdediors.com/,,,,
https://www.kalendes.com/platform/booking/institutmarina,,,,
https://www.calanquedepiana.fr/,,,,
https://www.chalet-lesrochesbleues.fr/,,,,
https://www.dinteville.com/,,,,
http://happy-city.fr/,,,,
https://children-paradise.fr/?lang=fr,,,,
https://www.beze.fr/tourisme-beze/grottes-village/decouvrir-les-grottes,,,,
https://www.planity.com/aurora-vibes-57370-phalsbourg,,,,
https://www.fresha.com/book-now/institut-a-deux-mains-xm9xjzwg/all-offer?share=true&pId=1117468,,,,
https://polesante-dinge.jimdofree.com/,,,,
https://www.planity.com/institut-de-beaute-beaute-et-technologie-stahl-bezannes-spa-51430,,,,
http://www.centreesthetiquedebezannes.fr/,,,,
https://www.courlancy-sante.com/,,,,
https://www.aquacfit.fr/,,,,
https://www.reims.fr/,,,,
https://serenityspalens.fr/,,,,
https://www.filieris.fr/trouver-un-etablissement-filieris/filieris-centre-de-sante-de-lens-la-bassee,,,,
http://www.ch-pfastatt.fr/,,,,
https://www.mulhouse-alsace.fr/sports-loisirs/piscines-et-plan-deau/piscine-bourtzwiller-mulhouse/,,,,
https://pharmabella.fr/naturopathie/,,,,
http://www.paradise-aventures.com/,,,,
https://www.decathlon.fr/store-view/magasin-de-sports-digoin-0070194401944,,,,
http://www.relaxsensdigoin.fr/,,,,
https://www.legrandcharolais.fr/piscines-d-ete.html,,,,
https://www.observaloire.com/,,,,
https://tourisme.legrandcharolais.fr/,,,,
https://www.bricomarche.com/magasin/digoin/20120?store=20120&utm_source=gmb,,,,
https://www.lescanalous.com/,,,,
https://aguamarine.fr/,,,,
http://www.nolimit-aventure.com/parcs/nolimit-digny,,,,
http://www.lachez-prisc.fr/,,,,
https://www.sens-etre.fr/,,,,
http://institutduchateau01.fr/,,,,
https://www.sites-les-eyzies.fr/,,,,
https://aubergelemoustier.fr/,,,,
https://www.plateau-de-montbazens.com/,,,,
https://www.decathlon.fr/store-view/magasin-de-sports-lempdes-essentiel-0070112901129?utm_campaign=fr_nc-cta-siteweb_f-aw_&utm_medium=organic&utm_source=googlelocal,,,,
http://www.msp-dieuze.com/,,,,
http://www.dieulefit-sante.org/,,,,
https://www.provence-massages.fr/,,,,
http://www.leparadysi.fr/,,,,
http://www.tourismevaldemeusevoiesacree.fr/,,,,
https://www.myletunebeaute.fr/,,,,
https://linstantlymphe.kalendes.com/,,,,
https://www.lescottagesdutarn.com/,,,,
https://www.moulinscapsizun.com/le-moulin-de-keriolet/,,,,
http://www.monts-jura.com/fr/infos-pratiques-hiver/restaurants-bars/restaurant-bar-d-altitude-la-catheline-87475.html,,,,
http://www.ville-maizieres-les-metz.fr/fr/parc-de-brieux.html,,,,
https://www.dreamfun.fr/,,,,
https://www.spadesanges-beuvry.fr/,,,,
https://lyon-est-diemoz.le-bois-des-lutins.fr/fr,,,,
http://les-maillards.jimdo.com/,,,,
http://www.valenciennes.fr/,,,,
https://tourisme.lisieux-normandie.fr/offres/parc-communal-de-beuvillers-beuvillers-fr-5360973/,,,,
http://www.diois-tourisme.com/,,,,
http://la-sirene-de-logne-et-boulogne.org/,,,,
http://valleedelacourse.com/,,,,
https://www.papybnb.com/liste-ehpad/deux-sevres,,,,
https://ville-leers.fr/les-parcs-et-espaces-verts,,,,
http://www.pharmaciecluzel.com/,,,,
http://www.hihl.fr/,,,,
http://www.gauchoux-cheval.com/,,,,
https://beuil.fr/,,,,
https://sport.ledevoluy.com/,,,,
https://www.ledevoluy.com/ete/offres/piscine-la-joue-du-loup-fr-ete-4009165/,,,,
https://www.ledevoluy.com/,,,,
https://www.planity.com/le-carpe-diem-esthetic-spa-13790-peynier,,,,
http://lecrinnaturel.booksy.com/,,,,
https://www.planity.com/ambre-de-sbk-13790-peynier,,,,
http://www.foyerrural-peynier.fr/,,,,
http://www.paysdegrasse.fr/piscine-de-peymeinade,,,,
http://www.cannes.com/fr/sport/piscines/centre-aquatique-grand-bleu.html,,,,
https://www.tourismefrance.info/search/label/Pexiora,,,,
http://www.o2aventure.com/,,,,
http://www.fougeres-communaute.fr/,,,,
https://la-tablee-restaurant.eatbu.com/?lang=fr,,,,
https://www.decathlon.fr/store-view/magasin-de-sports-decathlon-rennes-betton-0070007300073,,,,
https://www.aquakinesantebetton.com/,,,,
http://unmomentpourmoi.net/,,,,
https://bbdr.fr/,,,,
https://swimstars.co/piscines/betton/,,,,
https://www.poulewakepark.net/,,,,
http://www.lecci-sudcorse.com/,,,,
http://parc-aventure-petreto.fr/,,,,
https://www.enfantssauvagesportovecchio.fr/?utm_source=google&utm_medium=wix_google_business_profile&utm_campaign=10449308973416991078,,,,
http://www.2alpesbienetre.com/,,,,
https://decathlon.skimium.fr/station/les-deux-alpes/magasin/decathlon-mountain-2-alpes,,,,
http://www.ville-enghienlesbains.fr/,,,,
https://ecopark-adventures.com/parc/sannois-val-doise-95/,,,,
https://villa-golden-nature.com/,,,,
https://www.parc-lilo-zenfants.com/,,,,
http://www.funavenue.fr/,,,,
https://www.t2gym-fitness.com/,,,,
https://magasin.irripiscine.fr/grand-est/haute-marne/bettancourt-la-ferree/irripiscine-by-irrijardin-bettancourt-la-ferree,,,,
http://www.paysdeslacs.com/,,,,
https://www.oasislagoon.fr/,,,,
https://www.escale-beaute-layrac.fr/,,,,
https://www.groupe-ugecam.fr/irr-cmpr-neurologique-de-lay-saint-christophe,,,,
https://www.massagedeshaies.fr/,,,,
https://www.guadeloupe-evasion-decouverte.com/,,,,
http://www.karacoli.com/,,,,
https://www.tourismefrance.info/search/label/Deshaies?&max-results=12,,,,
http://horaires-piscine.info/horaires-piscine-du-grand-pressigny/,,,,
https://www.petitport-nantes.fr/piscine/horaires/,,,,
https://www.gorges-hautallier.fr/,,,,
http://etang-des-renoncules.blogspot.com/,,,,
http://www.parc-animalier-ardeche.com/index.php,,,,
http://www.delicatinstitut.fr/,,,,
https://www.chateauroux-tourisme.com/decouvrir-chateauroux/nos-destinations/site-clunisien-de-deols/deols-15-cp-ville-de-deols/,,,,
https://www.decathlon.fr/store-view/magasin-de-sports-chateauroux-saint-maur-0070025400254,,,,
http://www.chateauroux-tourisme.com/,,,,
https://www.lilotzenfants36.fr/contact/,,,,
http://www.bembeguadeloupe.fr/,,,,
http://reservationbeaute.fr/savdiet?utm_source=gmb,,,,
http://www.valombreuse.com/,,,,
https://guadeloupe.francetourisme.info/canyon-de-la-rivi%C3%A8re-moustique-971,,,,
http://www.station-orange.com/,,,,
https://institut-beaute-sabrina-90.fr/fr/page/institut-de-beaute/belfort,,,,
https://www.kids-rides.fr/,,,,
http://www.nature-divine.fr/,,,,
https://www.planity.com/escapade-institut-64230-denguin,,,,
https://www.pau.fr/actualites/la-piscine-peguilhan-plus-sure-et-mieux-equipee,,,,
https://www.tourisme-valdegray.com/,,,,
http://www.museehercule.fr/,,,,
https://www.bricomarche.com/magasin/deneuvre-baccarat/04648?store=04648&utm_source=gmb,,,,
https://www.decathlon.fr/store-view/magasin-de-sports-belfort-bessoncourt-0070075300753,,,,
http://www.fort-bessoncourt.fr/,,,,
https://capnature.eu/,,,,
https://destination2024.wixsite.com/my-site,,,,
http://www.aquarl.com/,,,,
http://www.lescaledetente84.com/,,,,
http://www.osmoz-aquaclub.fr/,,,,
https://www.chateau-laverdines.fr/,,,,
https://cave-et-cuisine.eatbu.com/,,,,
https://lunapark-argeles.fr/,,,,
https://www.qipao.fr/salons/persan-290,,,,
https://sites.google.com/view/lescaledes-sens/accueil,,,,
https://js-sante.fr/,,,,
http://laveissiere.fr/,,,,
http://www.lioran-aventure.com/,,,,
https://www.bricomarche.com/magasin/delle/04853?store=04853&utm_source=gmb,,,,
https://www.bessans.com/equipement/espace-ludilacs-bessans/,,,,
https://www.haute-maurienne-vanoise.com/ete/bessans/,,,,
http://www.ch-lavaur.fr/,,,,
http://www.beauteetcompagnie.fr/,,,,
https://www.perros-guirec.com/accueil/preparer-mon-sejour/sortir-et-bouger/sensations-nautiques/centre-nautique-info-page-ville/,,,,
https://www.aquarium-tregastel.com/,,,,
http://centreaquaformecambrai.fr/,,,,
http://www.forestadventure.fr/,,,,
https://www.decathlon.fr/store-view/magasin-de-sports-decathlon-troyes-lavau-0070008800088,,,,
https://www.inrap.fr/la-tombe-princiere-et-le-complexe-funeraire-monumental-de-lavau-zac-du-moutot-19965,,,,
http://www.samanaspa.fr/,,,,
http://www.rituel-massages.fr/,,,,
https://www.basedeloisirslavare.fr/,,,,
https://topfr.cyou/campingdelknnda,,,,
http://www.tourisme-paysdecazevillois.fr/,,,,
http://ch-decazeville.fr/,,,,
http://institut-beaute-decazeville.fr/,,,,
http://www.santelavardacais.fr/,,,,
http://www.besancon.beauty-bike.fr/,,,,
http://www.youplaland.com/,,,,
http://www.feelingforest.com/,,,,
http://www.mairie-annonay.fr/Parc-de-Deomas.html,,,,
https://www.espacepiscine51.fr/?utm_source=gmb&utm_medium=profile,,,,
https://sites.google.com/site/institutpedrosa,,,,
https://spa.center.ivof.com/la-magie-du-soin/,,,,
https://www.hinasens.com/,,,,
https://www.planity.com/oceanide-83980-le-lavandou%20%20%20-%20www.spa-oceanide.fr,,,,
http://www.tanakabeauty.com/,,,,
http://horaires-piscine.info/piscine-de-davejean/,,,,
https://www.ma-page.pro/site/lotusthaimassage78610/,,,,
http://www.lacaravanesauna.fr/,,,,
http://www.un-temps-pour-soi-relaxation.fr/,,,,
https://www.sancy.com/fr/fiche/equipement/centre-ludo-sportif-les-hermines-parc-aventure-super-besse_TFO4717732/,,,,
https://www.tourismefrance.info/search/label/Perpezat?&max-results=12,,,,
https://www.perpezaclenoir.fr/le-plan-deau/,,,,
http://www.leyvinie.com/,,,,
http://www.amessenceharmonie.fr/,,,,
https://perouges.fr/,,,,
https://www.plainedelain-tourisme.com/,,,,
https://www.ain-tourisme.com/offres/musee-du-vieux-perouges-tour-de-guet-et-jardin-medieval-hortulus-perouges-fr-5390508/,,,,
https://www.parcdesoiseaux.com/,,,,
https://www.cc-loges.fr/contacts/piscine-a-jargeau/,,,,
http://www.hautesomme-tourisme.com/,,,,
http://www.coeurhautesomme.fr/,,,,
https://hammamyara.fr/,,,,
http://centre-expert-esthetique.fr/,,,,
https://www.parc-ludilucky-peronnas.fr/,,,,
http://www.institut-de-beaute-pays-de-gex.fr/,,,,
https://www.originelle-bien-etre.fr/,,,,
https://www.mairie-peron.com/,,,,
http://www.centreprehistoiredarney.fr/,,,,
https://www.lesthermes.net/,,,,
https://xn--laruchedubientre-4qb.fr/,,,,
http://www.piscine-mentalo.fr/,,,,
http://complexe-ferry.paqe.io/,,,,
https://www.agglo-laval.fr/envie-de-bouger/sport-et-loisirs/les-piscines-de-lagglo/la-piscine-saint-nicolas-1,,,,
http://institut-sandlaur.e-monsite.com/,,,,
https://www.lequilibre.otempsdubienetre.com/,,,,
http://www.quercy-sud-ouest.com/,,,,
http://www.domaine-de-lauzerte.fr/,,,,
http://kinebalneodesbruyeres.fr/,,,,
https://www.basic-fit.com/fr-fr/clubs/basic-fit-dardilly-chemin-du-moulin-carron-24/7-c30a616d452f45a99abf033aae839d18.html?utm_medium=yext&utm_source=gmb,,,,
http://www.cityaventure.com/,,,,
https://www.douai.fr/parcs,,,,
https://sillage.slashagency.fr/2026/05/le-village-de-lautrec-perle-medievale.html,,,,
https://www.domaine-les-cabausselies.fr/,,,,
https://le-jardin-du-clocher.jimdosite.com/,,,,
https://www.lepaysdecocagne.fr/lautrec/,,,,
https://www.virtualia-vr.fr/,,,,
https://magasin.aquilus-piscines.com/142-aquilus-piscines-et-spas-la-rochelle?utm_source=gmb,,,,
https://lapagelocale.fr/79170-perigne,,,,
https://xn--labeauttoutsimplement-h5b.fr/,,,,
https://casa-italia-dannemarie.eatbu.com/?lang=en,,,,
https://www.experiapark.com/benodet,,,,
http://www.missaquaplanet.com/,,,,
http://pandaventure.fr/,,,,
https://www.camping-portdeplaisance.com/,,,,
https://www.medocvignoble.com/,,,,
http://medoc-cpi.fr/,,,,
http://www.schoppenwihr.com/,,,,
http://www.ville-lardy.fr/,,,,
http://www.orpea.com/,,,,
https://www.billere.fr/au-quotidien/sport/la-piscine/,,,,
https://www.youpiparc.com/parc/youpi-parc-pau-64/,,,,
https://www.u-lustincone.com/fr/restaurant-auberge-a-patrimonio_7,,,,
https://www.ladamejouanne.com/,,,,
https://www.grandried.fr/LEI/261002318,,,,
http://www.stade-aquatique.fr/piscines/cusset/,,,,
https://www.korian.fr/maisons-retraite/auvergne-rhone-alpes/ain-01/curtafond-01310/ehpad-korian-home-de-cortefredone?utm_source=MAPS&utm_medium=organic&utm_campaign=Google_local_business&at_medium=Google_maps&at_campaign=Google_my_business_local,,,,
https://www.campumoru-senetosa.corsica/la-tour-de-campumoru/,,,,
http://waterplay.fr/,,,,
http://aqualoisirs-corsica.com/,,,,
https://camponautik.com/,,,,
https://institut-lapalud.fr/,,,,
http://www.ville-pierrelatte.fr/tourisme/le-lac-pignedore,,,,
https://www.lapalisse-tourisme.com/d%C3%A9couvrir/ch%C3%A2teau-de-la-palice.html,,,,
https://www.institutgalland.com/,,,,
http://www.lapalissetourisme.com/,,,,
https://www.emeis.fr/fr/nos-ehpad/bourgogne-franche-comte/yonne/paron/maison-retraite-cedres-paron?utm_source=maison-de-retraite-les-cedres-paron&utm_medium=GGmaps&utm_campaign=visibilite-locale,,,,
http://beaute.naturelle.lanvollon.free.fr/,,,,
https://www.planity.com/christl-22290-lanvollon,,,,
http://truites-remon.com/,,,,
http://www.tourisme-rougier-aveyron.com/,,,,
http://www.residence-lesherpa.fr/,,,,
http://lesrogerbontemps.com/,,,,
http://puremontagne.fr/fr/a-voir/lantosque,,,,
https://pharmaciedeparisot.pharmacorp.fr/,,,,
https://www.vallerey-piscine.fr/,,,,
https://aqua-by.com/?utm_source=google&utm_medium=organic&utm_campaign=gmb+charonne,,,,
https://aqua-by.com/?utm_source=google&utm_medium=organic&utm_campaign=gmb+bastille,,,,
https://www.paris.fr/lieux/bassin-ecole-vitruve-2955,,,,
https://www.paris.fr/equipements/piscine-alfred-nakache-4012,,,,
https://www.paris.fr/lieux/bassin-ecole-atlas-3315,,,,
https://all.accor.com/lien_externe.svlt?goto=fiche_hotel&code_hotel=1913&merchantid=seo-maps-FR-1913&sourceid=aw-cen&utm_medium=seo%20maps&utm_source=google%20Maps&utm_campaign=seo%20maps,,,,
https://www.institutspa-voyagedessens.fr/,,,,
https://www.piscine-marjorie-gestring.com/,,,,
http://www.paris.fr/equipements/piscine-armand-massard-2933,,,,
https://www.ciup.fr/services/sports/,,,,
https://www.paris.fr/equipements/piscine-aspirant-dunand-2931,,,,
https://www.paris.fr/equipements/piscine-chateau-des-rentiers-2928,,,,
https://www.paris.fr/equipements/piscine-dunois-2929,,,,
https://www.paris.fr/equipements/stade-leo-lagrange-3040,,,,
http://www.insep.fr/,,,,
http://www.parczoologiquedeparis.fr/,,,,
https://www.paris.fr/lieux/piscine-jean-boiteux-2926,,,,
https://app.kiute.com/dorys-esthetique,,,,
http://www.medoc-atlantique.com/,,,,
http://www.canoecharentemaritime.fr/,,,,
https://www.ch-centre-bretagne.fr/?utm_source=gmb,,,,
https://www.decathlon.fr/fr/store?store_id=PS_280,,,,
https://www.saint-ybard.fr/le-parc-de-garaboeuf/,,,,
http://www.blue-nat.bzh/,,,,
https://parc-houplines.fr/,,,,
http://www.flows-aqua-fitness.fr/,,,,
http://www.massagedumonde.fr/,,,,
http://www.cdp29.fr/,,,,
https://cliclacaventure.fr/,,,,
https://www.kayakcafe33.com/,,,,
https://www.lessoinsdelisou.com/,,,,
http://familyfunpark.fr/,,,,
https://www.planity.com/au-bonheur-des-dames-78800-houilles,,,,
https://bodyminute.com/instituts/houilles-3621/?utm_source=gmb,,,,
https://www.bricomarche.com/magasin/saint-vite/20209?store=20209&utm_source=gmb,,,,
http://www.loups-chabrieres.com/,,,,
https://www.escapades-verticales.fr/,,,,
https://www.bamboujaunemassage.com/,,,,
https://ten-chi-bien-etre-massage.com/site-web-actualisation-8-5-26,,,,
https://www.chelleschaleur.fr/,,,,
http://aquaforme.ddns.net/,,,,
https://lesterrassesdugraon.fr/base-nautique,,,,
https://lesterrassesdugraon.fr/,,,,
http://www.mounkyparc.com/,,,,
http://www.chateau-aventuriers.com/,,,,
http://www.hopitalhoudan.fr/,,,,
https://chateaulepaluel.wixsite.com/website,,,,
https://laforetdesecureuils.fr/,,,,
https://ifeelwood-accrobranche.fr/,,,,
http://www.odescimes.com/fr/spas/le-hameau-de-pierre-blanche-1009,,,,
https://www.chamonix.com/installations-sportives/piscine-richard-bozon,,,,
http://www.doublorigenes.com/,,,,
http://www.untempspoursoi85.fr/,,,,
https://mondedeslutins.fr/,,,,
https://www.passionviaferrata.fr/via-ferrata-la-guinguette/,,,,
https://www.beautykate40.com/,,,,
https://www.unoceandemassage.com/,,,,
http://www.caldea.com/,,,,
http://es.sportwellness.ad/,,,,
https://parcducheval.wixsite.com/parc,,,,
https://commanderie-larzac.com/,,,,
https://www.couvent-des-curiosites.com/,,,,
http://www.canoe-detente.fr/,,,,
http://junglepark42.fr/,,,,
http://www.domainedechales.com/,,,,
https://www.bricomarche.com/magasin/bayeux/07524?store=07524&utm_source=gmb,,,,
https://www.champagne-jm-tissier.com/,,,,
http://saintvidal.com/,,,,
http://www.saintvidal.com/,,,,
https://www.porteoceane-dulimousin.fr/pol-vous-invite/se-divertir/base-loisirs-intercommunale-a-saint-victurnien/?fbclid=IwZXh0bgNhZW0CMTAAAR0gb-hL0QRW21DVXUrfdhXayXPYmW3fD6f4yI8iUN9aRzMtEFglUGNoN2k_aem_Ivm6oXTHmyncQMoWxRPV2Q,,,,
https://www.lescaleduvignaud.com/,,,,
https://www.anael-institut.fr/,,,,
http://musee-aviation-saint-victoret.fr/,,,,
https://sallekeramor.wixsite.com/monsite,,,,
http://www.lhopital-camfrout.fr/,,,,
https://paysdesaintjeandemonts.fr/,,,,
https://gamesfactory.fr/park/?utm_source=gmb,,,,
http://www.fermeaquaponiquecambresis.fr/,,,,
https://www.fermeaquaponiquecambresis.fr/etang-de-peche-a-la-truite/#honnecourt,,,,
https://www.planity.com/spa-by-m-massage-14600-honfleur,,,,
http://www.animoysland.fr/,,,,
http://www.gamespark88.fr/,,,,
https://www.lysed.fr/piscine-intercommunale/,,,,
https://www.basic-fit.com/fr-fr/clubs/basic-fit-nontron-avenue-jules-ferry-64ee6731bf1d456a969e71fd785b595e.html,,,,
http://www.tourisme-perigord-nontronnais.fr/,,,,
https://www.bricomarche.com/magasin/nontron/02043?store=02043&utm_source=gmb,,,,
http://www.perigordvertaventures.fr/,,,,
https://www.bricomarche.com/magasin/homecourt/20261?store=20261&utm_source=gmb,,,,
https://tourismefreyming-merlebach.fr/,,,,
https://www.generationpeche.fr/parcours-labellise/39/1146-plan-d-eau-du-mouet.htm,,,,
http://www.chateau-lafayette.com/,,,,
http://saint-veran.centre-cjh.fr/,,,,
https://www.parc-acrobranche-queyras.com/,,,,
https://lesclautres.fr/,,,,
https://chatnom.com/,,,,
https://www.parcaventure-baiedesomme.com/,,,,
https://chateaudenoizay.com/restaurant/,,,,
https://www.vsdkids.fr/,,,,
http://institutmonikataalba.fr/,,,,
https://www.strasbourg.eu/,,,,
https://www.strasbourg.eu/lieu/-/entity/sig/1682_ENV_370/parc-du-heyritz,,,,
http://www.noisyleroi.fr/equipements-sportifs/le-bassin-dapprentissage-la-natation,,,,
http://www.lesendroits.ch/fr/wellness-la-chaux-de-fonds/12-0.html,,,,
http://www.pataqua.com/,,,,
http://www.saintvaast.fr/,,,,
https://www.manche.fr/tatihou/,,,,
https://www.encotentin.fr/saint-vaast-la-hougue/,,,,
http://www.parcssaintvaast.fr/,,,,
https://lejardinsecretmonteil.jimdofree.com/,,,,
http://www.noiretable.fr/plan_eau_camping_Roche.aspx,,,,
https://bullesdedetente.fr/rdv,,,,
https://www.bricomarche.com/magasin/saint-usage/06201?store=06201&utm_source=gmb,,,,
http://www.xn--chauv-fsa.fr/,,,,
http://www.pornic-aventure.com/,,,,
http://www.restaurantdelagaremunzenberger.fr/,,,,
https://www.hirtzbach.fr/tourisme/decouvrir-le-village/parc.htm,,,,
https://www.onf.fr/vivre-la-foret/%2B/1d71::sentier-de-la-cascade-de-blangy.html,,,,
https://www.loupinet.com/fr/bien-etre,,,,
http://www.ile-oleron-marennes.com/,,,,
https://www.otruckpark.com/,,,,
https://www.clermontmetropole.eu/bouger-se-divertir/lexcellence-sportive/piscines/stade-nautique-pierre-de-coubertin/,,,,
https://www.mondial-piscine.eu/concession/nouvelle-aquitaine/mpk-niort/,,,,
https://www.mytilus.fr/,,,,
https://www.aventure-nature.com/,,,,
https://www.jumpingr.fr/,,,,
https://www.pointsoleil.com/nogent-sur-marne,,,,
http://www.kinyparc.fr/,,,,
http://ncopark.com/,,,,
http://www.assiettevalleedelaube.fr/,,,,
http://www.visites-nature-vercors.com/,,,,
http://www.larbreafil.com/,,,,
https://www.nogentleroi-tourisme.com/_files/ugd/17fd2b_305009dfdca247c68bfacf2252532725.pdf,,,,
https://lutinopark.wixsite.com/lutinopark-aventur-1,,,,
http://www.chateaudemaintenon.fr/,,,,
http://www.chateaudelasource.com/,,,,
https://www.chateaudelasource.com/,,,,
https://chateaudehauteclair.jimdo.com/,,,,
https://leboisdeschambres.fr/restaurant,,,,
https://www.branfere.com/,,,,
https://www.mondial-piscine-vannes.fr/,,,,
https://www.planity.com/lescale-beaute-32110-nogaro,,,,
http://fauconnerie-marche.fr/,,,,
http://www.pedalorail34.com/,,,,
http://jumpcity.fr/,,,,
https://marnelavallee.sensas.top/,,,,
https://lerefugedesnoes.com/,,,,
https://la-spa.fr/pornic,,,,
http://www.gite-des-noes.fr/le-site-id%C3%A9al-pour-se-d%C3%A9tendre-et-se-ressourcer,,,,
http://www.laboizonniere.com/,,,,
https://planet-kids.fr/,,,,
https://www.fermedelamonediere.com/,,,,
http://www.wakeandski87.fr/,,,,
https://www.francetourisme.info/ch%C3%A2teau-de-th%C3%A9ni%C3%A8res-12,,,,
https://www.tourismefrance.info/search/label/Saint-Symphorien-de-Th%C3%A9ni%C3%A8res?max-results=12,,,,
https://www.heudreville.fr/,,,,
https://domainedocreville.goliday.com/fr/,,,,
http://www.lacmadine.com/,,,,
http://www.residence-hoteliere-le-louvre.com/,,,,
https://www.planity.com/le-temple-zen-69360-saint-symphorien-dozon-n3r,,,,
https://www.ville-corbas.fr/Sports-et-loisirs/Le-Parc-de-Loisirs/Le-site-loisirs-de-la-commune,,,,
https://www.sweetysweetyroanne.fr/,,,,
http://www.bon-accueil-chez-magne.fr/,,,,
https://chateau-de-nizy-le-c.wixsite.com/chateau-,,,,
https://www.labulledesue.fr/,,,,
http://www.ville-boulogne-sur-gesse.fr/le-centre-nautique-boulogne-sur-gesse.p67.html,,,,
https://risladventure.assoconnect.com/,,,,
https://capi-agglo.fr/vos-services/sports/piscine/horaires-piscines-capi/#1661498739337-2c70d057-8435,,,,
https://www.centredesante-hesingue.fr/,,,,
https://www.bricomarche.com/magasin/nivillac/01023?store=01023&utm_source=gmb,,,,
http://spa-creuse.com/,,,,
https://www.hauteloire.fr/Site-Natura-2000-du-Mezenc.html,,,,
https://www.tourismefrance.info/search/label/Chaudeyrolles,,,,
http://www.lesrivesdaurec.fr/,,,,
https://www.planity.com/linstitut-du-bien-etre-81370-saint-sulpice-la-pointe,,,,
https://www.terredessens.fr/,,,,
https://www.piedzen.fr/,,,,
https://camille-chopinot.fr/,,,,
https://www.lepaysdecocagne.fr/souterrain-et-chateau-du-castella/,,,,
https://www.aquassoss.fr/,,,,
https://ecolenatationstsulpice.wordpress.com/,,,,
https://www.canal-du-midi.com/decouvrir/fil-eau/carcassonne-a-beziers/colombier-malpas-montady-enserune/,,,,
https://fr.wikipedia.org/wiki/Ch%C3%A2teau_de_Chaudenay,,,,
http://lavoiedeleau.fr/,,,,
https://www.decathlon.fr/store-view/magasin-de-sports-niort-0070009200092?utm_campaign=fr_nc-cta-siteweb_f-aw_&utm_medium=organic&utm_source=googlelocal,,,,
https://www.mygetup.fr/niort,,,,
https://piscine.niortagglo.fr/champommier,,,,
http://fiteoniort.com/,,,,
http://www.pirateparc.fr/,,,,
http://www.planet-exotica.com/,,,,
https://ville-royan.fr/piscine?utm_source=gmb,,,,
http://www.nilvange.fr/,,,,
https://www.decathlon.fr/store-view/magasin-de-sports-meaux-0070014900149?utm_campaign=fr_nc-cta-siteweb_f-aw_&utm_medium=organic&utm_source=googlelocal,,,,
http://www.galaxypark.fr/,,,,
https://www.residences-les-colombages-alsace.com/,,,,
https://www.afleurdepeau26.fr/,,,,
https://www.sejour-groupe-vendee.com/,,,,
https://www.naturo-gites.fr/,,,,
https://cnr-bretagne-35.kalisport.com/,,,,
https://ch-laborit.fr/services-de-soins/adultes/rehabilitation-psychosociale/unite-jean-baptiste-pussin/,,,,
https://www.visitlimousin.com/briance-combade/sejourner-a-rochechouart/activites/les-activites-culturelles/chateau-de-nieul-et-son-parc-nieul-fr-4130388/,,,,
https://www.hotel-grangier.com/restaurant-hotel-restaurant-saint-sozy,,,,
http://www.beauregard-aventure.com/,,,,
https://www.lac-de-sidiailles.fr/,,,,
http://www.diamond-idb.fr/,,,,
https://www.villederueil.fr/fr/salles-et-terrains-de-sport,,,,
http://www.biennaitreetdevenir.com/,,,,
http://www.piscine-et-creation.fr/,,,,
https://enm.lillemetropole.fr/parcs/les-pres-du-hem-0,,,,
https://chtiparc.my.canva.site/,,,,
http://chatillonnais-tourisme.fr/,,,,
http://www.chatillonnais.fr/,,,,
https://www.bricomarche.com/magasin/ch%C3%A2tillon-sur-seine/05847?store=05847&utm_source=gmb,,,,
https://www.chatillon-sur-saone.com/a-visiter/mus%C3%A9e-de-chatillon/,,,,
https://www.lormont.fr/nature-et-patrimoines/parcs-et-jardins/parc-de-l-ermitage-840.html,,,,
https://visitgrandest.com/statue-du-pape-urbain-ii,,,,
http://www.arvanture.sitew.com/,,,,
http://www.ch-chatillonsurindre.fr/,,,,
http://berry-touraine-valdeloire.com/,,,,
http://institutsophie.fr/,,,,
https://www.bricomarche.com/magasin/ch%C3%A2tillon-sur-indre/20370?store=20370&utm_source=gmb,,,,
https://www.campingcarpark.com/fr_FR/camping-car/centre-val-de-loire/36-indre/chatillon-sur-indre?areaType=camping,,,,
http://www.lesgets.com/,,,,
https://www.beauty-k01.com/,,,,
https://www.campingcarpark.com/fr_FR/camping-car/auvergne-rhone-alpes/01-ain/chatillon-sur-chalaronne?areaType=aire-etape-camping-car,,,,
https://www.jonzac-haute-saintonge.com/trouver-votre-activite/base-de-loisirs-dheurtebise-15742/,,,,
http://templedekimi.wixsite.com/templedekimi,,,,
http://mr.badbronn.pagesperso-orange.fr/,,,,
https://musee.distilleriemeyer.fr/,,,,
http://www.chateau-bressieux.com/,,,,
https://www.tourismefrance.info/search/label/Les%20Hermaux,,,,
https://www.bulle-bien-etre.fr/,,,,
http://lespetitschiensvacance.com/,,,,
https://swimstars.co/piscines/nice/,,,,
https://www.parc-phoenix.org/,,,,
https://www.nice.fr/fr/sports/piscine-de-l-ariane,,,,
https://www.nice.fr/fr/sports/piscine-jean-bouin,,,,
https://vallee-aux-loups.hauts-de-seine.fr/l-arboretum/histoire-et-botanique,,,,
http://vallee-aux-loups.hauts-de-seine.fr/,,,,
http://www.chateaudechatenay.fr/,,,,
https://www.herlies.fr/,,,,
https://www.sites-touristiques-ariege.fr/grotte-de-niaux/,,,,
https://www.sites-touristiques-ariege.fr/parc-de-la-prehistoire/,,,,
https://www.chatelus-malvaleix.fr/plan-d-eau_fr.html,,,,
http://chatelus-malvaleix.fr/,,,,
https://www.chateluslemarcheix.fr/fr/services/loisirs-et-tourisme-la-plage,,,,
https://www.hydrotherapie-sibeausibelle.fr/,,,,
http://www.labymais.com/,,,,
http://www.jardinbretagne.com/,,,,
https://www.visitlimousin.com/pays-de-nexon-monts-de-chalus/,,,,
https://www.evasion-beaute-nexon87.fr/,,,,
https://lamanu.grand-chatellerault.fr/,,,,
https://www.decathlon.fr/store-view/magasin-de-sports-chatellerault-0070060500605,,,,
https://saint-seurin-de-cadourne.fr/vivre-a-saint-seurin-de-cadourne/tourisme/maison-du-tourisme-et-du-vin/,,,,
https://www.tourismecorreze.com/fr/tourisme_detail/parc_arboretum_de_saint-setiers.html,,,,
https://avenparc.com/,,,,
https://www.espace-melati.com/,,,,
https://www.hautesvallees.com/la-claree/,,,,
https://alma-modelage.fr/,,,,
https://www.cliniquejulesverne.fr/,,,,
https://www.larenaissancesanitaire.fr/musse.php,,,,
http://www.federation-maginot.com/,,,,
http://accrobranchenancay.fr/,,,,
https://www.campingcarpark.com/fr_FR/camping-car/centre-val-de-loire/18-cher/neuvy-sur-barangeon?areaType=aire-etape-camping-car,,,,
https://www.centrecrystal-minceur-anti-aging.com/,,,,
http://terrariumdekerdanet.over-blog.com/,,,,
https://lavillechevalier.com/,,,,
https://www.decathlon.fr/store-view/magasin-de-sports-herblay-0070001100011?utm_campaign=fr_nc-cta-siteweb_f-aw_&utm_medium=organic&utm_source=googlelocal,,,,
http://www.maisondesante-herbitzheim.com/,,,,
http://www.chateauderanrouet.fr/,,,,
http://www.famillypark45.fr/,,,,
https://www.decathlon.fr/store-view/magasin-de-sports-les-herbiers-0070046100461,,,,
http://www.ot-lesherbiers.fr/,,,,
https://reservationbeaute.fr/belisa-38320,,,,
https://www.latourdevesvre.fr/,,,,
http://www.neuvydeuxclochers.fr/,,,,
https://vichymonamour.fr/,,,,
http://www.maisondecolette.fr/,,,,
https://www.puisaye-tourisme.fr/destination/incontournables/lac-du-bourdon/,,,,
https://www.tourisme-arc-chateauvillain.com/tourisme/recherche/_PCUCHA0520000044.htm?h_page=1&famille1=141&famille2=&cat_id=115,,,,
http://www.chateaudhenonville.com/,,,,
https://saint-sauveur-de-montagut.fr/,,,,
https://simples-et-sens.com/,,,,
http://voyagedessens-massage.com/,,,,
http://www.museechateauponsac.fr/,,,,
http://www.abime-de-bramabiau.com/,,,,
https://www.piscine-heninbeaumont.com/,,,,
http://www.pnr-perigord-limousin.fr/,,,,
https://rouffiac-loisirs.fr/,,,,
https://www.decathlon.fr/store-view/magasin-de-sports-decathlon-henin-beaumont-0070009700097?utm_campaign=fr_nc-cta-siteweb_f-aw_&utm_medium=organic&utm_source=googlelocal,,,,
https://www.mon-esprit-libre.fr/,,,,
http://www.residences-ehpad.com/chateau-neuville/,,,,
http://www.chateauneufpagaieaventure.org/,,,,
https://www.grand-cognac.fr/decouvrir-et-sortir/le-sport/equipements-sportifs-et-piscines,,,,
http://www.chateauhendecourt.fr/,,,,
https://www.decathlon.fr/store-view/magasin-de-sports-hendaye-0070036500365,,,,
https://asso-prh.fr/,,,,
http://recrea9.fr/,,,,
https://www.megadream.fr/saint-quentin,,,,
https://www.alysse-evenements.fr/,,,,
https://aquarelalencon.wixsite.com/aquarel,,,,
https://www.bricomarche.com/magasin/chateaulin/03043?store=03043&utm_source=gmb,,,,
https://restaurantaupetitbonheur.fr/,,,,
https://www.planity.com/viva-la-vie-chateaulin-29150?utm_source=gmb,,,,
https://e.leclerc/mag/e-leclerc-chateaulin,,,,
https://www.saintromeplage-cascade-aveyron.com/,,,,
http://www.tourisme-muse-raspes.com/,,,,
http://www.explonature.fr/,,,,
https://www.tourisme-paysdechateaugiron.bzh/activites/chateau-de-chateaugiron/,,,,
https://www.tourisme-paysdechateaugiron.bzh/,,,,
http://monestier.com/,,,,
https://www.chateau-de-melac.com/,,,,
http://www.bienlune-adaptologue-bien-etre.com/,,,,
https://www.bricomarche.com/magasin/neufch%C3%A2tel-en-bray/20163?store=20163&utm_source=gmb,,,,
http://www.labelleepoque78.fr/,,,,
http://www.grottesdufoulon.sitew.com/#animation.A,,,,
https://www.decathlon.fr/store-view/magasin-de-sports-chateaudun-0070048600486,,,,
https://www.chateau-chateaubriant.fr/,,,,
http://www.tourisme-chateaubriant.fr/,,,,
https://www.decathlon.fr/store-view/magasin-de-sports-decathlon-essentiel-chateaubriant-0070244002440,,,,
https://www.liledecoco.fr/,,,,
https://www.hotellaferriere.com/,,,,
https://www.bricomarche.com/magasin/chateaubriant/20141?store=20141&utm_source=gmb,,,,
http://www.circaparc.com/,,,,
https://privilegehomeinstitut.com/,,,,
https://www.decathlon.fr/store-view/magasin-de-sports-decathlon-neuville-en-ferrain-roncq-0070000200002,,,,
http://www.lumieredetoiles35.com/,,,,
https://lesensdeladouceur.fr/,,,,
https://www.pinceetcoton.fr/,,,,
https://www.hotels-valdys.fr/roscoff/residences-valdys-de-rockroum,,,,
https://archive.wikiwix.com/cache/index2.php?url=http%3A%2F%2Fwww.munster.alsace%2Fpatrimoine_chateau_schwarzenbourg.aspx#federation=archive.wikiwix.com,,,,
http://jardinexotiqueroscoff.com/en/home-5/,,,,
http://www.roscoff-nautique.com/?utm_source=gmb,,,,
http://www.funparkcrozon.fr/,,,,
https://www.ville-bischwiller.fr/,,,,
https://www.rondinparc-lozere.com/,,,,
https://www.sisteron-alpesprovencales.fr/saventurer/loisirs-et-activites-de-plein-air/lieux-de-baignade/plan-deau-de-pigerolles-a-rosans/,,,,
https://www.planity.com/o-coeur-du-bien-etre-69290-saint-genis-les-ollieres,,,,
http://www.labaiedespirates.fr/,,,,
http://www.animalia-parc.fr/,,,,
https://puget.playpark.fr/,,,,
http://www.shantilife.fr/,,,,
https://www.papybnb.com/liste-ehpad/eure,,,,
http://www.maisonduthouarsais.com/,,,,
https://randoxygene.departement06.fr/parc-de-lesteron,,,,
https://particulier.edf.fr/fr/accueil/aides-financement/professionnels/partenaire.html?idPartenaire=50017#/,,,,
https://nantes.caliceo.com/,,,,
https://metropole.nantes.fr/lieu/piscine-de-la-petite-amazonie,,,,
https://www.lachouettedor.fr/,,,,
https://www.gorgesdusierroz.fr/reouverture/,,,,
http://www.le-vieux-berger.com/,,,,
https://www.cassisforest.fr/,,,,
https://www.aquaform-laciotat.fr/,,,,
https://swimstars.co/piscines/carnoux-en-provence/,,,,
https://rdvenligne.dylentab.fr/institut/les-secrets-de-nadege-35235-thorigne-fouillard-33223078965/,,,,
https://www.coevrons-tourisme.com/,,,,
http://greoux.exk.fr/canyon-parc/,,,,
http://www.tourisme-montagnenoire.com/decouvrir/sites-naturels/la-cascade-de-cubservies,,,,
http://www.nantheuil.fr/tourisme/tourisme/le-plan-d-eau.html,,,,
http://le.jardin.aquatique.free.fr/,,,,
http://www.grenoble.fr/lieu/948/137-piscine-les-dauphins.htm,,,,
https://www.grenoble.fr/lieu/575/137-piscine-jean-bron.htm,,,,
https://www.aventurapark.fr/,,,,
http://www.grottes-thouzon.com/,,,,
http://www.paradis-piscine.com/,,,,
https://magasin.irripiscine.fr/provence-alpes-cote-d-azur/vaucluse/le-thor/irripiscine-le-thor,,,,
https://jardinsdelaboulas.fr/,,,,
http://www.laquincy.fr/,,,,
http://horaires-piscine.info/horaires-piscine-a-grenade-sur-ladour/,,,,
https://www.ccvaldecharente.fr/culture-tourisme/s-orienter/jardins,,,,
https://www.cote-roque.com/,,,,
https://www.provenceoccitane.com/patrimoine-naturel/les-cascades-du-sautadet/,,,,
https://www.provenceoccitane.com/destinations/la-roque-sur-ceze/,,,,
https://www.lesmachines-nantes.fr/decouvrir/le-carrousel-des-mondes-marins/,,,,
https://www.bouguenais.fr/fr/roche-ballue,,,,
https://lesjardinsdemonmoulin.fr/,,,,
http://www.fortdelaroquegageac.com/,,,,
http://www.cosformation.fr/,,,,
https://www.gr-infos.com/gr96.htm,,,,
https://aravis-parc-d-aventures.fr/,,,,
https://parc-thot.fr/,,,,
http://lesterrassesdelaroquealric.com/,,,,
https://cascadesdefrance.fr/listing/cascade-du-verneau-nans-sous-saint-anne-doubs/,,,,
https://www.chateau-cenevieres.com/,,,,
https://chill-lot.com/activites-nature/,,,,
http://www.esfthollon.com/?lang=fr,,,,
http://www.lessentiel-massages.com/,,,,
https://www.saintebaume.com/,,,,
https://www.renaissenca.fr/,,,,
https://www.cc-deuxrives.fr/la-piscine-dhiver/,,,,
http://www.jardinsdeau.com/,,,,
http://www.recreaventure.fr/,,,,
https://www.canoe-kayak-ain.com/,,,,
https://www.granica.fr/,,,,
http://www.beauregard-loire.com/,,,,
https://www.institut5sens-cellettes.fr/,,,,
http://www.mineronchamp.fr/,,,,
http://www.ayurveda-bourgogne.com/,,,,
https://saint-auvent.fr/aire-de-pique-nique/,,,,
https://www.bien-etre-des-sens.fr/,,,,
https://www.aquaparc.ch/,,,,
http://www.lescampaines.com/,,,,
https://audrey-praticiennebienetre.com/,,,,
http://www.lepetitpaysagiste.fr/?utm_source=gmb,,,,
http://www.institut-beaute-abbeville.fr/,,,,
https://www.massage-en-somme.fr/,,,,
https://www.sylnature80.fr/,,,,
https://www.france-aventures.com/amneville-parc-loisirs-outdoor/,,,,
http://www.zoo-amneville.com/,,,,
https://amneville.com/,,,,
https://nautic-ham.fr/,,,,
https://www.fabrikusworld.com/,,,,
https://www.planity.com/blomi-spa-01800-faramans,,,,
http://www.aqualibi.be/,,,,
http://aquapark.bellewaerde.be/,,,,
https://www.saintnazaire.fr/annuaire/saint-nazaire-piscine-de-la-bouletterie/,,,,
http://www.symbiose-cosmetique.com/,,,,
https://www.serenisyl.fr/,,,,
https://sunwspawarrenton.onbuildhealth.com/,,,,
https://mimslyninn.com/luray-hotel-spa/,,,,
https://bit.ly/42kU3m0,,,,
https://www.massresort.com/relax/?utm_source=google_business_profile&utm_medium=organic&utm_campaign=main_profile_link_spa,,,,
https://allyspava.wixsite.com/allyspa,,,,
http://www.integratedbodyworksinc.com/,,,,
https://cedric-masseur.com/,,,,
https://book.squareup.com/appointments/a092fe07-f498-4651-b6d2-6d119729b252/location/LDWNVRXQ9168R/services,,,,
https://materniteserenite.fr/,,,,
https://atelierintermede.fr/salons/92-rue-general-jordy-57560-abreschviller?utm_campaign=gbp_siteweb_I468&utm_id=gbp_siteweb&utm_medium=siteweb&utm_source=gbp,,,,
http://thermes-vichy.fr/,,,,
https://www.cgss-guadeloupe.fr/,,,,
https://aquamoun.com/,,,,
https://esperance-coaching.fr/,,,,
https://www.sumupbookings.com/orchid-sante,,,,
https://wa.me/c/590690257433,,,,
https://osmoseflottaison.com/,,,,
https://www.theprivatespa.fr/?utm_source=gmb,,,,
https://www.planity.com/serenity-head-spa-by-severine-33720-barsac,,,,
https://www.pausecocoon-massages.fr/,,,,
http://espaceludopia.fr/,,,,
http://www.aquana.de/,,,,
https://www.centerparcs.be/be-vl/belgie/fp_EP_vakantiepark-erperheide/aqua-mundo?utm_campaign=Maps_BE_Erperheide&utm_medium=Maps&utm_source=google,,,,
http://hamamroyalspa.de/,,,,
https://www.treatwell.fr/,,,,
https://www.jardinsderomain.fr/,,,,
http://www.armoripark.com/,,,,
https://www.gulli-parc.com/nos-parcs/rennes-cesson/?utm_source=google&utm_medium=organic&utm_campaign=mybusiness-website,,,,
http://rituelsinfusions.fr/,,,,
https://www.bel-bien.fr/,,,,
https://www.zenterrehappy.com/,,,,
https://massage-ile-de-france-gisors-nikita.fr/,,,,
https://www.centerparcs.fr/fr-fr/belgique/fp_AR_vacances-domaine-les-ardennes,,,,
https://guiguitteenfolie.jimdofree.com/,,,,
https://shop.topskiglisse.com/produit/bon-dachat-au-spa-mahana/,,,,
https://parcdelavallee.fr/,,,,
https://bienetreboisseron.wixsite.com/website,,,,
https://sites.google.com/view/peau-ethique-86/accueil,,,,
http://masagebienetre.com/,,,,
https://www.anthr2.com/un-lieu-de-ressourcement-plateau-de-millevaches/,,,,
https://www.fraispertuis-city.fr/,,,,
https://etiocentre.com/massage/,,,,
https://www.numidiabienetre.fr/,,,,
https://www.planity.com/wellness-maison-beaute-47000-agen,,,,
https://sophiebegeault.wixsite.com/somatotherapeute,,,,
https://salonjuillet.com/,,,,
https://www.loul-head-spa.com/,,,,
https://watercountryusa.com/,,,,
https://www.ihg.com/redirect?path=hd&localeCode=en&brandCode=HI&regionCode=FR&hotelCode=DIJFR&cm_mmc=GoogleMaps-_-HI-_-FR-_-DIJFR,,,,
http://www.parc-aventure-porto-vecchio.fr/,,,,
https://www.massresort.com/play/waterpark/?utm_source=google_business_profile&utm_medium=organic&utm_campaign=waterpark_main_profile_link,,,,
https://www.uneheurepoursoi.com/institut/uhps-agneaux/,,,,
https://natureetbienetre.net/,,,,
https://www.victoriavarnaeva.com/,,,,
https://reservationbeaute.fr/moment-douceur/institut-baby-spa-babyspa-massage-prenatal-accompagnement-perinatal-beaute-naturelle-bio-ethi-bornel-60540-babyspa,,,,
http://sagessedubienetre.fr/,,,,
http://bellissime02.kalendes.com/,,,,
https://www.hptatex.com/,,,,
https://www.mondial-piscine.eu/concession/haut-de-france/lart-de-leau-saint-quentin/,,,,
https://www.desjoyaux.fr/boutiques-desjoyaux/53940-saint-berthevin/,,,,
http://vie-et-bienetre.com/,,,,
https://www.osteopathe-laval.com/,,,,
http://www.serenite-luxo.fr/,,,,
https://www.booking.com/Pulse-xnbdqA,,,,
https://tinyurl.com/AtelierJavadhou,,,,
http://ladamedecoeur05.jimdosite.com/,,,,
https://anea-massages.fr/,,,,
https://586chicago.wixsite.com/518health,,,,
https://healing-spa.zyloe.com/booking,,,,
https://my-site-lotusdragon.square.site/sauna-services,,,,
https://www.lacharente.fr/,,,,
http://www.coeurdecharente.fr/,,,,
https://www.karrousel.fr/,,,,
http://mariebonutto.fr/,,,,
http://www.zigzagparc.fr/,,,,
http://www.pilat.acrobois.fr/,,,,
https://www.deepnature.fr/dn_fr/center-parcs-villages-nature,,,,
https://caroetlesbebes.com/,,,,
http://www.latelierdemassage.com/,,,,
http://etoilepark26.fr/,,,,
https://aquaparkcrots.fr/,,,,
https://plandeaucherveux9.wixsite.com/le-plan-d-eau-de-che,,,,
http://www.mathildeperinatalite.com/,,,,
https://www.bodyminute.com/instituts/verrieres-le-buisson-3473/?utm_source=gmb,,,,
http://www.institutembellie.com/?utm_source=gmb,,,,
https://www.ville-antony.fr/espace-plongee,,,,
https://ecopark-adventures.com/parc/bievres-essonne-91/,,,,
https://www.lenebienetre.online/,,,,
https://widget.treatwell.fr/salon/ren-s-massage/,,,,
https://kap-zen.sumupstore.com/,,,,
https://www.cbulledebienetre.fr/,,,,
https://tidycal.com/lesmainsdadelemassage,,,,
https://www.odefacialiste.fr/,,,,
https://levasion-bien-etre-21.webselfsite.net/,,,,
https://www.associationsorelax.fr/anais-roussel,,,,
https://www.soindesoi.me/,,,,
http://www.lepuydessonges.fr/,,,,
https://cataleyaheadspa.fr/,,,,
https://stsylvain-letempsdunsoin.fr/,,,,
http://www.evita-lift.fr/,,,,
https://www.oriabeautebienetre.com/,,,,
http://anjousportnature.com/,,,,
https://skoubiparc.fr/,,,,
http://chateauamotte.fr/,,,,
https://www.brissacloireaubance.fr/contacts/centre-piscicole/,,,,
http://www.anjousportnature.com/,,,,
http://asso-apla.fr/,,,,
http://www.cozyspring.fr/,,,,
http://www.golfdesaintsylvain.fr/,,,,
https://www.cepie-concept.com/,,,,
http://www.planeteequitation.fr/,,,,
https://smia.sante-travail.net/,,,,
https://www.isislamaison.fr/,,,,
https://www.verrieresenanjou.fr/,,,,
https://www.hypnose-angers-legall.fr/,,,,
https://wefit.club/club/salle-de-sport-verrieres-en-anjou/?utm_source=google&utm_medium=organic&utm_campaign=gbp-listing&utm_content=verrieres-en-anjou,,,,
https://www.pays-de-lure.fr/loisirs/base-saline.htm,,,,
https://annuaire-sante.vyv3.fr/etablissements/ile-de-france/yvelines-78/la-verriere/soins-medicaux-et-de-readaptation/mgen-etablissement-de-soins-medicaux-et-de-readaptation-de-la-verriere,,,,
http://www.mgen.fr/,,,,
https://www.planity.com/beauty-line-esthetique-85130-chanverrie,,,,
https://www.secretsdunefee.com/,,,,
https://www.hygieia-massage.fr/,,,,
https://www.atout-the.fr/,,,,
http://cytises.agglo-lenslievin.fr/,,,,
https://bharmonie.fr/je-prends-rendez-vous/,,,,
http://www.parc-spirou.com/,,,,
http://www.villagedesautomates.com/,,,,
https://corbipark.fr/,,,,
https://www.balineae.fr/fr/destinations/,,,,
https://www.pharmacielaverpilliere.fr/,,,,
https://www.planity.com/holistic-head-spa-38290-la-verpilliere,,,,
https://mc2g-app.com/Luna?action=AGL&login=missyann38,,,,
https://www.planity.com/solis-38290-la-verpilliere,,,,
https://tresordedouceur.wixsite.com/tresordedouceur/,,,,
https://www.planity.com/valerie-38290-la-verpilliere,,,,
http://www.laroutedessens.com/,,,,
https://riovalli.it/,,,,
https://www.oasisparc.fr/,,,,
https://rdvenligne.dylentab.fr/0549079306,,,,
https://vernoux-zen.jimdofree.com/,,,,
https://www.elodiekaloujnaia.fr/,,,,
http://www.parc-aventure-79.fr/,,,,
https://coevasion.com/,,,,
http://www.parc-loisir-tours.com/,,,,
http://www.evasiondessens.com/,,,,
https://www.planity.com/institut-very-jolie-37210-vouvray,,,,
https://le-temps-d-un-instant-by-gwen.reservio.com/,,,,
https://gitefr.click/aire-services-camping-pcosp3,,,,
http://mabullebienetre.kalendes.com/,,,,
http://www.ave-sport.fr/,,,,
http://davezieux.oria-sport.com/,,,,
https://www.nouvelle-normandie-tourisme.com/,,,,
http://www.cote-beaute.com/,,,,
https://www.decathlon.fr/store-view/magasin-de-sports-vernon-saint-marcel-essentiel-0070187601876,,,,
https://www.lacdesfades-auvergne.fr/activites/base-de-loisirs-aqualoisirs,,,,
https://www.vulcania.com/,,,,
https://lescharmettesdespa.wixsite.com/location,,,,
https://paysagiste-normandie.fr/ville/broglie/,,,,
http://institut-carolyn.fr/,,,,
https://www.planity.com/naturel-beauty-87430-verneuil-sur-vienne-30m,,,,
https://www.groupe-ugecam.fr/ssr-la-chenaie,,,,
http://goyeseverine.wixsite.com/monsite,,,,
http://www.parc-bellevue.com/,,,,
http://ce-iledeloisirs-valdeseine.ffe.com/,,,,
https://www.planity.com/justine-voisin-78480-verneuil-sur-seine,,,,
https://www.planity.com/mira-massage-bien-etre-78480-verneuil-sur-seine,,,,
https://www.auxptitsoins-esthetique.fr/,,,,
http://www.lafermesouchinet.com/,,,,
http://www.luminescence77.fr/,,,,
https://bainsauvage.fr/,,,,
https://beautebienetreinstitut.fr/,,,,
https://www.planity.com/institut-arome-centre-esthetique-27130-verneuil-davre-et-diton,,,,
https://www.maison-mayane.fr/,,,,
https://www.altiparc-vernet.fr/,,,,
https://www.ccpaysrochois.fr/mes-services-demarches/espace-aqualudique-des-foron/,,,,
https://www.aline-estheticienne-49.fr/,,,,
https://www.base-nautique.fr/,,,,
http://auxmainssages.net/?utm_source=gmb&utm_medium=referral,,,,
https://www.wampark.fr/lyon-condrieu/,,,,
http://www.tamtambienetre.fr/,,,,
https://www.loopiland.fr/,,,,
http://www.lesitedeczen.fr/,,,,
http://www.breizharmonie.com/,,,,
https://www.lorangebleue.fr/mon-coach-wellness/les-salles-mon-coach-wellness/vern-sur-seiche/,,,,
http://www.entoutedouceur.com/,,,,
http://www.institut-essensiel.com/,,,,
http://www.valerielowenbruck.com/,,,,
http://www.linstantzen89.fr/,,,,
https://massages-auchylesmines.fr/,,,,
https://www.planity.com/eclat-dange-62980-vermelles-1xh,,,,
https://www.planity.com/emilie-vous-verni-62980-vermelles,,,,
http://www.cyndraparc80700beuvraignes.fr/,,,,
https://parcdelacitadelle.lille.fr/,,,,
http://lesmainsdanna.fr/,,,,
http://parqueaquaticoamarante.com/,,,,
http://jfgalveias.pt/,,,,
https://praiasfluviais.pt/praia?id=praia-fluvial-de-mourao,,,,
http://www.hoteiscristal.pt/mariparque,,,,
http://www.panoramicoaquaparque.com/,,,,
http://www.goldenrock.pt/,,,,
http://www.termasdemelgaco.pt/,,,,
http://www.aquadome.pt/,,,,
http://www.cm-nisa.pt/termasdenisa.html,,,,
https://www.aqualand.pt/,,,,
https://aquaparque-madeira.com/,,,,
https://www.terraheal.com/massage-lisbon-massage.html,,,,
https://www.theprimehotels.com/energize/montegordo/pt/energize-spa/,,,,
http://complexodesportivoprincipeperfeito.pt/,,,,
http://www.termas-sjorge.com/,,,,
https://spa.massage.ivof.com/rituais-olga-campos-day-spa-cosmetica/,,,,
http://www.dayspaoriental.com/,,,,
http://piscina.cm-oaz.pt/index.php,,,,
https://espacofikaspaurbano.mypixieset.com/,,,,
http://epicland.pt/,,,,
https://www.visitviseu.pt/,,,,
https://praiasfluviais.pt/praia?id=praia-fluvial-de-peneda-pego-escuro,,,,
https://cm-vilanovadepoiares.pt/1394/piscinas-da-fraga,,,,
http://aquamuseu.cm-vncerveira.pt/pages/481,,,,
https://www.cm-vilanovadepoiares.pt/,,,,
http://www.rosalusa.com/,,,,
https://www.ihg.com/crowneplaza/hotels/pt/pt/caparica/lispr/hoteldetail,,,,
https://www.cm-almada.pt/parque-da-paz,,,,
http://www.pocadonabeija.com/,,,,
https://www.cm-almada.pt/conhecer/natureza/elevador-panoramico-da-boca-do-vento,,,,
https://mioterapia.com/,,,,
https://terapeuticasesaude.wixsite.com/my-site-4,,,,
http://www.termasdemonfortinho.com/,,,,
http://www.caldasdasaude.pt/,,,,
http://turismo.cmhorta.pt/index.php/pt/o-que-fazer/praias-e-banhos/piscinas-varadouro,,,,
http://www.urbhorta.pt/,,,,
https://parquesnaturais.azores.gov.pt/pt/parques/3/centro/14,,,,
https://parquesnaturais.azores.gov.pt/pt/parques/9/areasprotegidas/109,,,,
http://www.wpa.pt/,,,,
http://www.almondtree.pt/,,,,
https://parquesnaturais.azores.gov.pt/en/parques/8/areasprotegidas/89,,,,
https://luzterapiasholisticasemassagensn2qr.setmore.com/,,,,
https://www.mythos.pt/,,,,
https://www.cm-redondo.pt/servicos/equipamentos-municipais/piscina-municipal-descoberta/,,,,
https://herbalmassagelisboa.com/,,,,
http://www.thecatofozmassage.com/,,,,
https://www.fourseasons.com/lisbon/spa/?utm_source=google&utm_medium=organicsearch&utm_campaign=tor-lis-spa-mid-seo-na&utm_content=na-na&utm_term=na,,,,
https://feijao-verde.com/pt/sintra/,,,,
https://www.lisboa.pt/pontos-de-interesse/detalhe/jardins-da-agua,,,,
https://ambiente.cascais.pt/pt/espacos/parques-jardins/parque-marechal-carmona-0,,,,
http://www.covadabaleia.com/,,,,
https://nayoraheal.com/,,,,
https://www.azurewellnesspa.com/?utm_source=MygoogeMaps&utm_medium=googlenovowebsiteazure&utm_campaign=novowebsiteazure,,,,
https://www.tivolihotels.com/pt/tivoli-avenida-liberdade-lisboa/spa,,,,
https://aquapolis.com.pt/praia-fluvial-da-ribeira-da-venda-na-comenda-gaviao/,,,,
http://casa-das-historias.pt/,,,,
http://www.panifexopadeiro.pt/,,,,
https://www.spa-gite-chauny.fr/,,,,
https://www.domaine-les-saules.fr/,,,,
https://br.bluepillow.com/search/65e20a4393553be8f554d815?dest=ago&cat=Vacation+rental+%28other%29&lat=47.2428&lng=6.4472&language=pt,,,,
https://www.valverdesantar.com/,,,,
https://gruposolverde.pt/hoteis/hotel-solverde-spa-wellness-center/,,,,
https://lescaleauportugal.com/,,,,
http://www.termas-svicente.pt/,,,,
http://www.hotelbelavista.net/,,,,
https://www.hotelbringue.com/ca/hotel-spa-xalet-bringue-ordino-andorra,,,,
https://dent-blanche-resort.com/,,,,
https://www.hotel-restaurant-colbert.com/,,,,
https://sojournspot.eu/alsace-spa-strasbourg-france,,,,
http://www.zenedenspa.be/,,,,
http://www.massagebienetre.eu/,,,,
https://xn--clos-saint-franois-spa-e7b.fr/,,,,
http://o-spasaphir.com/,,,,
https://www.la-spa.fr/etablissement/la-spa-refuge-de-vannes/,,,,
https://suite-cigalia.fr/,,,,
http://www.spa-lorraine.com/,,,,
https://www.la-spa.fr/vaux-le-penil,,,,
http://www.hotelfaucigny-chamonix.com/,,,,
https://www.la-spa.fr/vallerargues,,,,
https://www.enjoyyourlifes.fr/,,,,
https://intemporel-suites.fr/,,,,
https://www.cabanespabambou.com/,,,,
https://www.hotelbringue.com/ca/hotel-spa-bringue-ordino-andorra,,,,
https://www.booking.com/hotel/fr/secret-room-choisy-le-roi.fr.html?aid=898224&app_hotel_id=13721159&checkin=2025-03-16&checkout=2025-03-17&from_sn=ios&group_adults=2&group_children=0&label=hotel_details-8B8XTTz@1742155114&no_rooms=1&req_adults=2&req_children=0&room1=A,,,,
http://www.hotelsaintalexis.com/,,,,
https://fr.loccitane.com/petit-spa-loccitane,,,,
http://www.hotelspabalfagon.com/,,,,
http://www.hotelpenamontanesa.com/,,,,
http://www.termascacheuta.com/,,,,
https://www.jardinderavintsara.com/,,,,
https://www.booking.com/Share-wnLwzW,,,,
https://br.bluepillow.com/search/68116290a74f8eb5bd2b01ec?dest=bpex&cat=House&lat=43.61532&lng=1.8221&language=pt,,,,
https://mgallery.accor.com/hotels/B9Q4?merchantid=seo-maps-FR-B9Q4&sourceid=aw-cen&utm_source=google+Maps&utm_medium=seo+maps&utm_campaign=seo+maps&utm_term=MGallery-Launch,,,,
http://www.aucoeurduspa.fr/,,,,
http://www.oterrasian-spa.fr/,,,,
http://www.lentredeuxospa.fr/,,,,
http://www.lespadusoleil.com/,,,,
http://www.termasdesaotiago.com/,,,,
https://www.boavistaresort.pt/pt/Menu/Alojamento/Bela-Colina-Village.aspx,,,,
http://www.boavistaresort.pt/,,,,
http://www.pedrassalgadaspark.com/,,,,
https://www.thermes-de-vichy.fr/chambre/hotel-des-thermes-les-domes/hotel-des-thermes-les-domes-chambre-chomel,,,,
https://www.booking.com/hotel/fr/appartement-tout-equipe-a-100-m-du-centre-thermal.en-gb.html?aid=2068758&utm_source=seogooglelocal&utm_medium=description&utm_term=hotel-16585912&utm_campaign=en-gb&label=seogooglelocal-link-imagesaow-hotel-16585912_grp-0_gendate-20260812,,,,
http://www.bcw-hotels.de/dorint-thermenhotel,,,,
https://axlesthermes.wellness-sport-camping.com/,,,,
https://www.thermotel-dax.com/,,,,
https://www.appartement-bailly-larocheposay.fr/,,,,
http://www.edenhotels.de/,,,,
https://www.thermae.com/nl/thermae-boetfort,,,,
https://www.aquatherm-midipyrenees.com/,,,,
http://fr.thermesmarinsmontecarlo.com/,,,,
https://www.bienvenue-hautemarne.fr/hebergements/bourbonne-les-bains-residence-thermotel-hlocha052v500fjq/?,,,,
https://www.booking.com/hotel/fr/studio-just-a-stones-throw-from-the-casino-and-la-roche-posay-thermal-spa.fr.html?aid=2068758&utm_source=seogooglelocal&utm_medium=description&utm_term=hotel-16616072&utm_campaign=fr&label=seogooglelocal-link-imagesaow-hotel-16616072_grp-0_gendate-20260812,,,,
http://thermalliance-hauteville.fr/,,,,
https://www.garden-city.fr/fr/luxeuil.html,,,,
http://www.thermal.com.ar/,,,,
https://vacfr.click/sidence-thermale-chaldette-vhg6kn,,,,
https://www.ch-dax.fr/l-offre-de-soins/les-services-de-l-hopital/thermal,,,,
https://www.chaleur-sure.fr/,,,,
http://www.termasdemoncao.com/,,,,
https://hotel-cambrai.brithotel.fr/?utm_source=google&utm_medium=seo&utm_campaign=gmb,,,,
https://www.hotel-mahogany.com/,,,,
http://levieuxlogis-aignan.fr/,,,,
https://all.accor.com/lien_externe.svlt?goto=fiche_hotel&code_hotel=1197&merchantid=seo-maps-FR-1197&sourceid=aw-cen&utm_medium=seo%20maps&utm_source=google%20Maps&utm_campaign=seo%20maps,,,,
https://www.hoteisfind.com/hotel-jardim-atlantico/,,,,
http://www.hoteldocampo.com/,,,,
https://www.quintadonaadelaide.com/,,,,
https://www.coracaodotua.pt/,,,,
https://inspectvacationrental.com/residencial-jorge-v-portugal,,,,
http://www.grapplehotel.pt/,,,,
http://aguieira.hotelmonterio.com.pt/contactos,,,,
https://www.miravillas.pt/,,,,
http://www.hotelquintadalagoa.pt/,,,,
http://www.macaricobeachhotel.com/,,,,
https://sites.google.com/view/garca-real-hotel-spa/,,,,
https://www.vilagale.com/pt-pt/hoteis-portugal/hoteis-alentejo/vila-gale-evora/,,,,
http://airesdaserrahotel.com/,,,,
http://www.hotelalba.pt/,,,,
https://hoteldunamar.backhotelite.com/pt/,,,,
https://www.hotelalcazaralgarve.com//?partner=5732&utm_source=google&utm_medium=gmb&utm_campaign=web_link,,,,
http://hoteldoparque.pt/,,,,
http://www.hotelsolardacapela.pt/,,,,
https://ourohotel.pages.dev/,,,,
http://www.hotelogato.com/,,,,
https://www.beirario.pt/,,,,
http://www.alegrehotels.com/,,,,
http://www.termasdacuria.com/,,,,
http://www.aguahotels.pt/index.php/pt/hoteis-builder/riverside,,,,
http://www.pontadelgada.octanthotels.com/,,,,
http://www.atlantida-sol.com/,,,,
https://www.hoteiscristal.pt/cristal-marinha/,,,,
https://www.hoteiscristal.pt/en/cristal-vieira-praia/,,,,
https://ribeiracollectionhotel.com/,,,,
http://www.hoteltempus.com/,,,,
http://www.belezaserraguidehotel.com/,,,,
http://www.adelaidehotel.pt/,,,,
http://hotel.sbento.pt/,,,,
http://www.hotelpurala.pt/,,,,
http://www.hotelalambique.com/,,,,
https://www.melia.com/pt/hoteis/portugal/covilha/hotel-covilha-dona-maria-by-melia?utm_campaign=google&utm_content=5661&utm_medium=organic&utm_source=directories,,,,
http://www.sporthotel.pt/,,,,
https://conventodasertahotel.pt/,,,,
http://www.oceanohoteis.com/,,,,
https://www.hoteisbomjesus.pt/hotel-templo-hotel-spa-em-braga/,,,,
https://www.vilagale.com/pt-pt/hoteis-portugal/hoteis-porto-e-norte/vila-gale-collection-braga/,,,,
http://www.hoteldafabrica.com/,,,,
https://www.vilagale.com/pt-pt/hoteis-portugal/hoteis-centro/vila-gale-collection-serra-da-estrela/,,,,
https://belmontesinaihotel.com/,,,,
https://www.troiadesignhotel.com/,,,,
https://hotelcasapalmela.pt/,,,,
https://www.hotel-bb.com/es/hotel/lisboa-montijo?utm_source=googlemaps&utm_medium=fichehotel&utm_campaign=lisboamontijo,,,,
https://www.wyndhamhotels.com/tryp/montijo-portugal/tryp-montijo-parque-hotel/overview?CID=LC:v6v3hkulmqj2jri:43992&iata=00093796,,,,
https://www.flagworldhotels.com/estarreja?utm_medium=organic&utm_source=google&utm_campaign=google-my-business&utm_term=google-local&utm_id=flagworld-estareja,,,,
https://verdihotels.com/santarem/pt/,,,,
https://www.cascaismirage.com/,,,,
http://www.quintadamarinha.com/,,,,
https://www.vilagale.com/pt-pt/hoteis-portugal/hoteis-costa-de-lisboa/vila-gale-estoril/,,,,
http://longevitycascais.com/,,,,
https://www.tdhotels.com/portugal/hoteis-oeiras/lagoas-park-hotel,,,,
https://www.vilagale.com/pt-pt/hoteis-portugal/hoteis-costa-de-lisboa/vila-gale-cascais/,,,,
https://www.hotelinglaterraestoril.com.pt/,,,,
https://www.picoterramar.com/,,,,
http://www.casarosavillaolhao.com/,,,,
https://www.editoryhotels.com/flor-de-sal-by-the-editory/,,,,
http://www.hotelportadosol.com/,,,,
http://www.hotelquintadaserra.com/,,,,
https://www.vilagale.com/pt-pt/hoteis-portugal/hoteis-madeira/vila-gale-santa-cruz/,,,,
https://sites.google.com/view/basto-vila-hotel/,,,,
https://www.aguahotels.pt/en/mondim-de-basto/,,,,
http://www.mondimalespa.pt/,,,,
https://www.flagworldhotels.com/celorico?utm_medium=organic&utm_source=google&utm_campaign=google-my-business&utm_term=google-local&utm_id=flagworld-celorico,,,,
http://www.douro.octanthotels.com/,,,,
https://flowerresidence.com/,,,,
https://www.hotelfreixo.pt/?partner=7967utm_source=google&utm_medium=organic&utm_campaign=MyBusiness&utm,,,,
http://www.mariadafonte.com/pt/?partner=8694utm_source=google&utm_medium=organic&utm_campaign=MyBusiness&utm,,,,
https://sites.google.com/view/hotel-bem-estar/,,,,
https://www.hoteiscristal.pt/en/cristal-caldas/,,,,
https://www.barcelo.com/en-gb/occidental-faro/?utm_source=google&utm_medium=organic&utm_campaign=my_business&utm_content=95924,,,,
http://www.jupiteralbufeirahotel.com/,,,,
https://www.enigma-hotel.pt/,,,,
http://www.puremonchiquehotel.com/,,,,
https://www.flagworldhotels.com/lam-hotel-convento-dalter.html?utm_medium=organic&utm_source=google&utm_campaign=google-my-business&utm_term=google-local&utm_id=flagworld-alter-do-chao,,,,
https://www.hoteldoscarqueijais.com/,,,,
https://www.serradaestrelahotel.com/pt/index.html,,,,
https://hotel-ilha-graciosa.hotelwey.com/,,,,
http://www.santacruzhotel.pt/,,,,
https://hoteis.inatel.pt/pt/Menu/Hoteis-Alojamento/Natureza/Graciosa/Graciosa-Hotel.aspx,,,,
https://gruposolverde.pt/hoteis/hotel-algarve-casino/,,,,
http://www.jupiteralgarvehotel.com/,,,,
https://rrhotels.pt/pt/alvorbaia/,,,,
https://www.vilagale.com/pt-pt/hoteis-portugal/hoteis-algarve/vila-gale-nautico/,,,,
https://www.colinahotels.com/en/hotel-colinadosmouros-in-silves/?partner=6454&utm_source=google&utm_medium=gmb&utm_campaign=web_link,,,,
http://www.dourohotelportoantigo.com/,,,,
https://www.vilagale.com/pt-pt/hoteis-portugal/hoteis-costa-de-lisboa/vila-gale-collection-palacio-dos-arcos/,,,,
https://www.viphotels.com/en/hotels/vip-grand-lisboa-in-lisbon/?partner=8189utm_source=google&utm_medium=organic&utm_campaign=MyBusiness&utm,,,,
http://www.pateosolares.com/,,,,
https://all.accor.com/lien_externe.svlt?goto=fiche_hotel&code_hotel=B8C5&merchantid=seo-maps-FR-B8C5&sourceid=aw-cen&utm_medium=seo%20maps&utm_source=google%20Maps&utm_campaign=seo%20maps,,,,
https://www.hotel-bb.com/fr/hotel/mont-de-marsan?utm_source=googlemaps&utm_medium=fichehotel&utm_campaign=yext,,,,
http://www.sporthotel-kenzingen.de/,,,,
https://hollywoodrestaurantcannes.com/,,,,
https://www.hotel-lavillableue.com/,,,,
https://www.hotel-bb.com/fr/hotel/beauvais?utm_source=googlemaps&utm_medium=fichehotel&utm_campaign=yext,,,,
https://www.hotel-bb.com/fr/hotel/lyon-venissieux?utm_source=googlemaps&utm_medium=fichehotel&utm_campaign=yext,,,,
https://www.hotel-bb.com/fr/hotel/paris-nord-2-cdg-aeroport?utm_source=googlemaps&utm_medium=fichehotel&utm_campaign=yext,,,,
https://etincelles.com/hotel/hotel-l-aigle-du-montana/,,,,
https://www.hotel-bb.com/fr/hotel/avignon-sud-parc-des-expositions?utm_source=googlemaps&utm_medium=fichehotel&utm_campaign=yext,,,,
https://all.accor.com/lien_externe.svlt?goto=fiche_hotel&code_hotel=B6Z0&merchantid=seo-maps-FR-B6Z0&sourceid=aw-cen&utm_medium=seo%20maps&utm_source=google%20Maps&utm_campaign=seo%20maps,,,,
https://www.hotel-bb.com/fr/hotel/thionville-yutz-route-du-luxembourg?utm_source=googlemaps&utm_medium=fichehotel&utm_campaign=yext,,,,
https://www.iarimbato-hotel.com/,,,,
https://www.marriott.com/en-us/hotels/tnrde-delta-hotels-antananarivo/overview/?scid=f2ae0541-1279-4f24-b197-a979c79310b0,,,,
http://www.solehotel-mada.com/,,,,
http://www.karatelnogal.com/,,,,
https://all.accor.com/lien_externe.svlt?goto=fiche_hotel&code_hotel=B9Z7&merchantid=seo-maps-FR-B9Z7&sourceid=aw-cen&utm_medium=seo%20maps&utm_source=google%20Maps&utm_campaign=seo%20maps,,,,
http://www.hotel-am-triller-saarbruecken.de/,,,,
https://www.adagio-city.com/a0w9?utm_source=googleMaps&utm_medium=seoMaps&utm_campaign=seoMaps&y_source=1_MTUzNTkyODctNzE1LWxvY2F0aW9uLndlYnNpdGU%3D,,,,
http://ilohotel.octosite.net/,,,,
https://www.hotel-bb.com/fr/hotel/valenciennes-sud?utm_source=googlemaps&utm_medium=fichehotel&utm_campaign=yext,,,,
https://www.hilton.com/en/hotels/gvacchi-hilton-geneva-hotel-and-conference-centre/?SEO_id=GMB-EMEA-HI-GVACCHI,,,,
https://roissy-saint-witz.brithotel.fr/?utm_source=google&utm_medium=seo&utm_campaign=gmb,,,,
https://www.adagio-city.com/8902?utm_source=googleMaps&utm_medium=seoMaps&utm_campaign=seoMaps&y_source=1_MTUzNTkyODctNzE1LWxvY2F0aW9uLndlYnNpdGU%3D,,,,
https://all.accor.com/lien_externe.svlt?goto=fiche_hotel&code_hotel=2340&merchantid=seo-maps-FR-2340&sourceid=aw-cen&utm_medium=seo%20maps&utm_source=google%20Maps&utm_campaign=seo%20maps,,,,
http://www.hmiramar.com/,,,,
https://all.accor.com/lien_externe.svlt?goto=fiche_hotel&code_hotel=5615&merchantid=seo-maps-FR-5615&sourceid=aw-cen&utm_medium=seo%20maps&utm_source=google%20Maps&utm_campaign=seo%20maps,,,,
https://www.gruenwinkel.de/,,,,
http://www.hotelsaliecho.com/,,,,
http://www.hotel-blume-freiburg.de/,,,,
https://hotelsaintpierrevire.fr/,,,,
https://www.hotel-bb.com/fr/hotel/macon-sud?utm_source=googlemaps&utm_medium=fichehotel&utm_campaign=yext,,,,
https://www.marriott.com/en-us/hotels/yulls-sheraton-laval-hotel/overview/?scid=f2ae0541-1279-4f24-b197-a979c79310b0,,,,
https://noemys.fr/hotels/hotel/noemys-morgon/,,,,
https://www.hotel-bb.com/fr/hotel/strasbourg-nord-mundolsheim?utm_source=googlemaps&utm_medium=fichehotel&utm_campaign=yext,,,,
https://parc-eol.fr/,,,,
http://www.lescaudalies.fr/?utm_source=gmb,,,,
https://all.accor.com/lien_externe.svlt?goto=fiche_hotel&code_hotel=0364&merchantid=seo-maps-FR-0364&sourceid=aw-cen&utm_medium=seo%20maps&utm_source=google%20Maps&utm_campaign=seo%20maps,,,,
https://www.gr8hotels.nl/nl/breda/gr8-breda/,,,,
http://www.hoteldedraak.nl/,,,,
https://www.hotel-bb.com/fr/hotel/chartres-le-coudray?utm_source=googlemaps&utm_medium=fichehotel&utm_campaign=yext,,,,
https://www.hotel-bb.com/fr/hotel/beziers?utm_source=googlemaps&utm_medium=fichehotel&utm_campaign=yext,,,,
http://www.labastiedurfe.com/,,,,
https://www.hotel-bb.com/fr/hotel/lyon-aeroport-saint-quentin-fallavier?utm_source=googlemaps&utm_medium=fichehotel&utm_campaign=yext,,,,
https://human-hotel-restaurant.com/,,,,
https://www.montecarlosbm.com/fr/hotel-monaco/monte-carlo-bay-hotel-resort,,,,
https://everness.ch/fr/chambres/,,,,
http://www.le-chato.com/,,,,
http://www.lesflotsbleus-tana.com/,,,,
https://lokanga-hotel.mg/,,,,
https://www.thenavigatorcollection.com/,,,,
https://www.nh-hotels.com/en/hotel/nh-imperial-playa?utm_campaign=local-gmb&utm_medium=organic_search&utm_source=google_gmb,,,,
https://www.gschotels.com/carvoeiro-garden/,,,,
https://www.sternenoerlikon.ch/,,,,
https://all.accor.com/lien_externe.svlt?goto=fiche_hotel&code_hotel=1759&merchantid=seo-maps-FR-1759&sourceid=aw-cen&utm_medium=seo%20maps&utm_source=google%20Maps&utm_campaign=seo%20maps,,,,
https://royalregency.com.br/,,,,
https://www.hotel-bb.com/fr/hotel/lille-lillenium-eurasante?utm_source=googlemaps&utm_medium=fichehotel&utm_campaign=yext,,,,
https://www.hotel-bb.com/fr/hotel/montlucon-centre?utm_source=googlemaps&utm_medium=fichehotel&utm_campaign=yext,,,,
http://www.aghotelspa.com/,,,,
https://www.sunnyhotelsmadagascar.com/,,,,
https://direct-enzo-vierzon.kyriad.com/fr-fr/?utm_content=partoo&utm_medium=seo-bgp&utm_source=google,,,,
https://www.nh-hotels.com/en/hotel/nh-collection-andorra-palome?utm_campaign=local-gmb&utm_medium=organic_search&utm_source=google_gmb,,,,
https://www.anantara.com/en/palais-hansen-vienna?utm_campaign=local-gmb&utm_medium=organic_search&utm_source=google_gmb,,,,
https://www.donauwalzer.at/?utm_source=google&utm_medium=organic&utm_campaign=Knowledge_Graph,,,,
https://www.das-tyrol.at/,,,,
https://www.marriott.com/en-us/hotels/vieil-hotel-imperial-a-luxury-collection-hotel-vienna/overview/?scid=f2ae0541-1279-4f24-b197-a979c79310b0,,,,
https://www.hotel-bb.com/fr/hotel/castres-centre-gambetta?utm_source=googlemaps&utm_medium=fichehotel&utm_campaign=yext,,,,
https://www.hotelcols.com/,,,,
https://all.accor.com/lien_externe.svlt?goto=fiche_hotel&code_hotel=C008&merchantid=seo-maps-CH-C008&sourceid=aw-cen&utm_medium=seo%20maps&utm_source=google%20Maps&utm_campaign=seo%20maps,,,,
http://www.poissonrougebonifacio.com/,,,,
https://www.choicehotels.com/france/meylan/comfort-inn-hotels/fr522?mc=llgobeeu&pmf=bleu,,,,
https://www.lareserve-geneve.com/en/?utm_source=google&utm_medium=local&utm_campaign=la-reserve-geneve,,,,
https://www.hotel-bb.com/fr/hotel/reims-bezannes?utm_source=googlemaps&utm_medium=fichehotel&utm_campaign=yext,,,,
https://hotel-de-labbaye-vertheuil.eatbu.com/?lang=fr,,,,
https://all.accor.com/lien_externe.svlt?goto=fiche_hotel&code_hotel=9593&merchantid=seo-maps-FR-9593&sourceid=aw-cen&utm_medium=seo%20maps&utm_source=google%20Maps&utm_campaign=seo%20maps,,,,
https://all.accor.com/lien_externe.svlt?goto=fiche_hotel&code_hotel=9171&merchantid=seo-maps-FR-9171&sourceid=aw-cen&utm_medium=seo%20maps&utm_source=google%20Maps&utm_campaign=seo%20maps,,,,
http://www.jupiterlisboahotel.com/,,,,
https://all.accor.com/lien_externe.svlt?goto=fiche_hotel&code_hotel=3346&merchantid=seo-maps-PT-3346&sourceid=aw-cen&utm_medium=seo%20maps&utm_source=google%20Maps&utm_campaign=seo%20maps,,,,
https://www.eurostarshotels.com/exe-oviedo-centro.html?referer_code=lb0gg00yx&utm_source=google&utm_medium=business&utm_campaign=lb0gg00yx,,,,
https://www.grandhoteldauphine.com/,,,,
http://www.hoteldombernardo.com/,,,,
https://www.eurostarshotels.com/exe-sevilla-palmera.html?referer_code=lb0gg00yx&utm_source=google&utm_medium=business&utm_campaign=lb0gg00yx,,,,
https://all.accor.com/lien_externe.svlt?goto=fiche_hotel&code_hotel=2558&merchantid=seo-maps-FR-2558&sourceid=aw-cen&utm_medium=seo%20maps&utm_source=google%20Maps&utm_campaign=seo%20maps,,,,
https://www.hotel-bb.com/fr/hotel/lyon-etats-unis?utm_source=googlemaps&utm_medium=fichehotel&utm_campaign=yext,,,,
https://www.ihg.com/redirect?path=hd&localeCode=en&brandCode=IN&regionCode=IT&hotelCode=VCEVS&cm_mmc=GoogleMaps-_-IN-_-IT-_-VCEVS,,,,
https://www.excessvenice.it/,,,,
https://www.bestwestern.fr/fr/hotel-Dole-Sure-Hotel-by-Best-Western-Dole-93969,,,,
https://www.hotel-aquatel.be/,,,,
https://all.accor.com/lien_externe.svlt?goto=fiche_hotel&code_hotel=7402&merchantid=seo-maps-FR-7402&sourceid=aw-cen&utm_medium=seo%20maps&utm_source=google%20Maps&utm_campaign=seo%20maps,,,,
https://www.motel-one.com/hotels/saarbruecken/hotel-saarbruecken/,,,,
https://www.adagio-city.com/6789?utm_source=googleMaps&utm_medium=seoMaps&utm_campaign=seoMaps&y_source=1_MTUzNTkyODctNzE1LWxvY2F0aW9uLndlYnNpdGU%3D,,,,
https://www.hotel-bb.com/de/hotel/weil-am-rhein?utm_source=gmb&utm_medium=referral&utm_content=basel&utm_campaign=yext,,,,
http://www.lewaltparis.com/,,,,
https://www.bestwestern.fr/fr/hotel-Thoiry-Best-Western-Park-Hotel-Geneve-Thoiry-93861,,,,
http://hotel-mouton-blanc.fr/,,,,
https://adcyberhotel.com/reservation/,,,,
http://hotel-paris-valence.com/,,,,
https://www.hotel-bb.com/fr/hotel/saint-nazaire-la-baule?utm_source=googlemaps&utm_medium=fichehotel&utm_campaign=yext,,,,
https://www.hotel-bb.com/fr/hotel/auray-carnac?utm_source=googlemaps&utm_medium=fichehotel&utm_campaign=yext,,,,
https://www.hotel-bb.com/fr/hotel/perigueux-boulazac?utm_source=googlemaps&utm_medium=fichehotel&utm_campaign=yext,,,,
https://hotel-perigueux-boulazac.brithotel.fr/?utm_source=google&utm_medium=seo&utm_campaign=gmb,,,,
https://www.hotel-trebeurden-plage.com/,,,,
http://www.grandhotelaladistura.it/,,,,
https://www.hotel-restaurant-aupetitbonheur.com/hotel,,,,
https://all.accor.com/lien_externe.svlt?goto=fiche_hotel&code_hotel=1358&merchantid=seo-maps-FR-1358&sourceid=aw-cen&utm_medium=seo%20maps&utm_source=google%20Maps&utm_campaign=seo%20maps,,,,
http://www.ostalhotel-pau.com/,,,,
https://all.accor.com/lien_externe.svlt?goto=fiche_hotel&code_hotel=2568&merchantid=seo-maps-FR-2568&sourceid=aw-cen&utm_medium=seo%20maps&utm_source=google%20Maps&utm_campaign=seo%20maps,,,,
http://www.fontaine-argent.com/,,,,
https://www.apparthoteldelatour.com/,,,,
http://www.villapaulitahotel.com/,,,,
https://all.accor.com/lien_externe.svlt?goto=fiche_hotel&code_hotel=B7B1&merchantid=seo-maps-FR-B7B1&sourceid=aw-cen&utm_medium=seo%20maps&utm_source=google%20Maps&utm_campaign=seo%20maps,,,,
https://www.hotel-bb.com/fr/hotel/ploemeur-lorient?utm_source=googlemaps&utm_medium=fichehotel&utm_campaign=yext,,,,
https://www.hotel-bb.com/fr/hotel/la-rochelle-angoulins-sur-mer?utm_source=googlemaps&utm_medium=fichehotel&utm_campaign=yext,,,,
https://hotel-quimper-sud.brithotel.fr/?utm_source=google&utm_medium=seo&utm_campaign=gmb,,,,
https://www.logishotels.com/fr/hotel/-10592?partid=1535,,,,
https://www.absolutodesign.com/,,,,
http://www.maiadosreis.com/,,,,
https://www.eklohotels.com/fr/paris-versailles,,,,
https://www.choicehotels.com/france/etampes/comfort-inn-hotels/fr520?mc=llgobeeu&pmf=bleu,,,,
https://www.nh-hotels.com/en/hotel/nh-luxembourg?utm_campaign=local-gmb&utm_medium=organic_search&utm_source=google_gmb,,,,
https://hotel-saintes-bleunuit.brithotel.fr/?utm_source=google&utm_medium=seo&utm_campaign=gmb,,,,
https://hotel-des-messageries.com/,,,,
https://www.hotel-cotedesables.com/,,,,
http://troyes.bhomahotel.fr/,,,,
https://all.accor.com/lien_externe.svlt?goto=fiche_hotel&code_hotel=B744&merchantid=seo-maps-France-B744&sourceid=aw-cen&utm_medium=seo%20maps&utm_source=google%20Maps&utm_campaign=seo%20maps,,,,
https://www.sb-hotels.com/hoteles/tarragona/express-tarragona/?utm_source=google&utm_medium=organic&utm_campaign=local-gmb,,,,
https://www.appart-hotelchanzy.com/,,,,
https://vitre.brithotel.fr/,,,,
https://www.hotel-bb.com/fr/hotel/bordeaux-est?utm_source=googlemaps&utm_medium=fichehotel&utm_campaign=yext,,,,
https://www.hotel-bb.com/de/hotel/aachen-wuerselen?utm_source=gmb&utm_medium=referral&utm_content=aachen&utm_campaign=yext,,,,
http://www.tulip-residences-joinville.com/,,,,
https://www.douroinnhotel.com/,,,,
http://www.hotelcastel.fr/,,,,
https://www.hotelgrevol.com/,,,,
https://bestwestern-hotel-saint-exupery-bordeaux.com/,,,,
https://www.hotel-bb.com/fr/hotel/metz-semecourt?utm_source=googlemaps&utm_medium=fichehotel&utm_campaign=yext,,,,
https://all.accor.com/hotel/B9N0/index.en.shtml?goto=fiche_hotel&code_hotel=B9N0&merchantid=seo-maps-FR-B9N0&sourceid=aw-cen&utm_medium=seo%20maps&utm_source=google%20Maps&utm_campaign=seo%20maps,,,,
https://www.hotel-bb.com/fr/hotel/lyon-saint-bonnet-mi-plaine?utm_source=googlemaps&utm_medium=fichehotel&utm_campaign=yext,,,,
https://www.handpickedhotels.co.uk/lhorizon/?utm_source=google&utm_medium=local&utm_campaign=hotel-lhorizonbeach,,,,
https://www.hotel-bb.com/fr/hotel/auxerre-moneteau?utm_source=googlemaps&utm_medium=fichehotel&utm_campaign=yext,,,,
https://www.termesorion.cat/,,,,
https://all.accor.com/lien_externe.svlt?goto=fiche_hotel&code_hotel=3357&merchantid=seo-maps-FR-3357&sourceid=aw-cen&utm_medium=seo%20maps&utm_source=google%20Maps&utm_campaign=seo%20maps,,,,
http://www.hdahotel.com/,,,,
https://all.accor.com/lien_externe.svlt?goto=fiche_hotel&code_hotel=1592&merchantid=seo-maps-GF-1592&sourceid=aw-cen&utm_medium=seo%20maps&utm_source=google%20Maps&utm_campaign=seo%20maps,,,,
https://akoya-hotel.com/,,,,
https://www.legere-hotelgroup.com/hotels/legere-hotel-luxembourg,,,,
https://www.vandervalkantwerpen.be/?utm_source=google&utm_medium=organic&utm_campaign=gmb_antwerpen,,,,
https://www.marriott.com/en-us/hotels/vieat-vienna-marriott-hotel/overview/?scid=f2ae0541-1279-4f24-b197-a979c79310b0,,,,
https://www.hyatt.com/jdv-by-hyatt/en-US/viejv-lindner-hotel-vienna-am-belvedere?src=corp_lclb_google_seo_viejv&utm_source=google&utm_medium=organic&utm_campaign=lmr,,,,
https://www.nh-hotels.com/en/hotel/nh-wien-belvedere?utm_campaign=local-gmb&utm_medium=organic_search&utm_source=google_gmb,,,,
https://hotel-mayenne.brithotel.fr/?utm_source=google&utm_medium=seo&utm_campaign=gmb,,,,
https://www.theclubjersey.com/,,,,
http://www.hotelames.al/,,,,
https://www.thebeginhotels.com/it/seeporthotel,,,,
https://www.marriott.com/en-us/hotels/reumd-le-meridien-ra-beach-hotel-and-spa/overview/?scid=f2ae0541-1279-4f24-b197-a979c79310b0,,,,
https://spahotel.es/,,,,
http://www.hotelmasmonzon.com/,,,,
https://www.gargallo-hotels.com/huesca/hotel-sancho-abarca-petit-spa,,,,
https://www.santacristina.es/,,,,
https://www.hotel-bb.com/fr/hotel/beaune-nord?utm_source=googlemaps&utm_medium=fichehotel&utm_campaign=yext,,,,
https://www.hilton.com/en/hotels/ppthihh-hilton-tahiti-resort/?SEO_id=GMB-AMER-HH-PPTHIHH,,,,
http://www.mercurehansurlesse.com/,,,,
http://hotel-avallon-dakhotel.brithotel.fr/?utm_source=google&utm_medium=seo&utm_campaign=gmb,,,,
https://www.ohniceulises.com/?utm_source=google&utm_medium=maps&utm_campaign=seolocal&utm_content=ficha-enlaceweb,,,,
http://lodges-hotel-morges.ch/,,,,
https://hotel-baillet-en-france.brithotel.fr/?utm_source=google&utm_medium=seo&utm_campaign=gmb,,,,
http://www.retajmoroniresort.com/,,,,
http://www.hotel-jersey.fr/,,,,
https://www.hotel-bb.com/de/hotel/kehl?utm_source=vz&utm_medium=referral&utm_content=kehl&utm_campaign=yext,,,,
http://www.trier-hotel.com/,,,,
https://www.lepaonblanc.com/,,,,
http://www.hotelstadio.it/,,,,
http://www.aaaa-hotelwelt.de/,,,,
https://www.hotel-bb.com/fr/hotel/bordeaux-merignac?utm_source=googlemaps&utm_medium=fichehotel&utm_campaign=yext,,,,
https://www.hotel-bb.com/fr/hotel/marne-la-vallee-torcy-vaires?utm_source=googlemaps&utm_medium=fichehotel&utm_campaign=yext,,,,
https://www.hotel-bb.com/fr/hotel/mulhouse-sausheim?utm_source=googlemaps&utm_medium=fichehotel&utm_campaign=yext,,,,
https://www.hotel-bb.com/de/hotel/saarbruecken-ost?utm_source=vz&utm_medium=referral&utm_content=saarbruecken-ost&utm_campaign=yext,,,,
https://marne-la-vallee-torcy.brithotel.fr/?utm_source=google&utm_medium=seo&utm_campaign=gmb,,,,
https://www.bypillow.com/alojamientos/hoteles-en-bilbao/irala-by-pillow/,,,,
http://www.gaisoleil.com/fr/Accueil,,,,
https://www.eklohotels.com/fr/lyon,,,,
https://tarbes-ibos.brithotel.fr/?utm_source=google&utm_medium=seo&utm_campaign=gmb,,,,
https://www.grand-hotel-maury.fr/,,,,
http://www.hotelchristiania.com/,,,,
http://www.hoteldutouring.fr/?utm_source=gmb,,,,
http://hotel-et-residence-sarcelles.com.es/,,,,
http://zemiklkl.free.fr/garotel/,,,,
https://all.accor.com/lien_externe.svlt?goto=fiche_hotel&code_hotel=2381&merchantid=seo-maps-FR-2381&sourceid=aw-cen&utm_medium=seo%20maps&utm_source=google%20Maps&utm_campaign=seo%20maps,,,,
https://www.hotel-la-place.fr/,,,,
https://www.nh-hotels.com/en/hotel/nh-collection-heidelberg?utm_campaign=local-gmb&utm_medium=organic_search&utm_source=google_gmb,,,,
https://www.hotelrestaurantdeleuroport.com/,,,,
https://www.domainedesangayrac.com/,,,,
https://bbz.sleep-hotels.de/,,,,
http://www.hotel-rolland.com/,,,,
https://all.accor.com/lien_externe.svlt?goto=fiche_hotel&code_hotel=3506&merchantid=seo-maps-FR-3506&sourceid=aw-cen&utm_medium=seo%20maps&utm_source=google%20Maps&utm_campaign=seo%20maps,,,,
http://myhotel.besthotels-booking.com/,,,,
https://www.pracatinathotel.it/,,,,
https://www.marriott.com/en-us/hotels/zrhzs-sheraton-zurich-hotel/overview/?scid=f2ae0541-1279-4f24-b197-a979c79310b0,,,,
https://torcy.tuliphotelsresidences.com/fr-fr/?utm_content=partoo&utm_medium=seo-bgp&utm_source=google,,,,
http://www.vinhaboutiquehotel.com/,,,,
http://www.sokohotels.com/,,,,
http://hotel-du-parc.com.es/,,,,
https://hotelcarline.fr/,,,,
https://www.hotel-bb.com/fr/hotel/dijon-centre?utm_source=googlemaps&utm_medium=fichehotel&utm_campaign=yext,,,,
http://www.hotellaresidence-etretat.com/,,,,
https://all.accor.com/lien_externe.svlt?goto=fiche_hotel&code_hotel=2479&merchantid=seo-maps-FR-2479&sourceid=aw-cen&utm_medium=seo%20maps&utm_source=google%20Maps&utm_campaign=seo%20maps,,,,
https://sites.google.com/view/chateau-ventenac/startseite,,,,
https://www.hotel-bb.com/fr/hotel/auxerre-bourgogne?utm_source=googlemaps&utm_medium=fichehotel&utm_campaign=yext,,,,
https://www.ibiza-les2alpes.com/en,,,,
https://www.hotel-bb.com/fr/hotel/lyon-saint-priest?utm_source=googlemaps&utm_medium=fichehotel&utm_campaign=yext,,,,
https://www.hotel-bb.com/fr/hotel/lyon-centre-monplaisir?utm_source=googlemaps&utm_medium=fichehotel&utm_campaign=yext,,,,
https://www.hotel-bb.com/fr/hotel/aix-en-provence-venelles?utm_source=googlemaps&utm_medium=fichehotel&utm_campaign=yext,,,,
https://www.hotel-bb.com/fr/hotel/strasbourg-nord-industrie?utm_source=googlemaps&utm_medium=fichehotel&utm_campaign=yext,,,,
https://www.hotel-bb.com/fr/hotel/strasbourg-nord-artisans?utm_source=googlemaps&utm_medium=fichehotel&utm_campaign=yext,,,,
http://www.hoteleurope33.com/,,,,
https://www.adagio-city.com/fr/hotel-8386-aparthotel-adagio-access-vanves-porte-de-chatillon/index.shtml?utm_source=googleMaps&utm_medium=seoMaps&utm_campaign=seoMaps&y_source=1_MTUzNTgzMjYtNzE1LWxvY2F0aW9uLndlYnNpdGU=,,,,
https://www.hotel-bb.com/fr/hotel/annemasse-saint-cergues?utm_source=googlemaps&utm_medium=fichehotel&utm_campaign=yext,,,,
https://www.hotel-bb.com/fr/hotel/royan-la-palmyre?utm_source=googlemaps&utm_medium=fichehotel&utm_campaign=yext,,,,
https://www.nh-hotels.com/en/hotel/nh-tenerife?utm_campaign=local-gmb&utm_medium=organic_search&utm_source=google_gmb,,,,
https://www.secure-direct-hotel-booking.com/module_booking_engine/index.php?id_etab=7af9981d7a971ec1a759c75793da0762&langue=francais,,,,
https://www.hotel-bb.com/fr/hotel/paris-malakoff-parc-des-expositions?utm_source=googlemaps&utm_medium=fichehotel&utm_campaign=yext,,,,
http://hoteldelaposte.net/,,,,
http://www.hotel-aigoual.com/,,,,
https://hotel-avignon-sud.brithotel.fr/,,,,
https://www.hotel-bb.com/fr/hotel/valence-sud?utm_source=googlemaps&utm_medium=fichehotel&utm_campaign=yext,,,,
http://www.la-savoyarde.com/,,,,
https://www.hotel-bb.com/fr/hotel/brignoles?utm_source=googlemaps&utm_medium=fichehotel&utm_campaign=yext,,,,
https://www.lesvoyageurs-lakantine.fr/fr,,,,
https://clermont-herault.brithotel.fr/?utm_source=google&utm_medium=seo&utm_campaign=gmb,,,,
http://www.la-chaumiere-du-lac.fr/?utm_source=gmb,,,,
http://www.hotel-am-park.eu/,,,,
https://all.accor.com/lien_externe.svlt?goto=fiche_hotel&code_hotel=B939&merchantid=seo-maps-France-B939&sourceid=aw-cen&utm_medium=seo%20maps&utm_source=google%20Maps&utm_campaign=seo%20maps,,,,
http://www.ebenevertehotel-guyane.com/,,,,
http://www.blauenwald.de/,,,,
https://www.hotel-bb.com/fr/hotel/annecy-cran-gevrier?utm_source=googlemaps&utm_medium=fichehotel&utm_campaign=yext,,,,
https://www.hotel-bb.com/fr/hotel/metz-est-technopole-pole-sante?utm_source=googlemaps&utm_medium=fichehotel&utm_campaign=yext,,,,
https://www.victors-rodenhof-saarbruecken.de/,,,,
https://hotel-bressuire.brithotel.fr/,,,,
https://www.hotel-montetriana.com/es/,,,,
https://www.suitesplazahotelandorra.com/es/,,,,
http://www.hotel-le-vouglans.fr/,,,,
https://www.hotelluxembourg-arlon.be/?utm_source=google&utm_medium=organic&utm_campaign=gmb_arlon,,,,
https://hotel-crystal.de/,,,,
https://www.hotelducentre-montsjura.fr/,,,,
https://www.hotel-bb.com/fr/hotel/le-havre-centre?utm_source=googlemaps&utm_medium=fichehotel&utm_campaign=yext,,,,
https://www.hotel-bb.com/fr/hotel/arcachon-gujan-mestras?utm_source=googlemaps&utm_medium=fichehotel&utm_campaign=yext,,,,
http://www.lebellerive.net/,,,,
https://www.marriott.com/en-us/hotels/vbsbr-ac-hotel-brescia/overview/?scid=f2ae0541-1279-4f24-b197-a979c79310b0,,,,
http://www.hdeville.it/,,,,
https://www.nh-hotels.com/en/hotel/nh-geneva-airport?utm_campaign=local-gmb&utm_medium=organic_search&utm_source=google_gmb,,,,
https://www.hotel-de-champagne.com/fr,,,,
https://www.americadiamondshotel.com/pt/?partner=9675utm_source=google&utm_medium=organic&utm_campaign=MyBusiness&utm,,,,
http://www.oasisladesirade.com/,,,,
https://www.saoluishotel.com/,,,,
https://www.trypleiria.com/,,,,
https://www.nh-hotels.com/en/hotel/nh-bern-the-bristol?utm_campaign=local-gmb&utm_medium=organic_search&utm_source=google_gmb,,,,
https://www.hotel-bb.com/fr/hotel/chateauroux-aeroport?utm_source=googlemaps&utm_medium=fichehotel&utm_campaign=yext,,,,
https://www.bestwestern.fr/fr/hotel-Rouvignies-Sure-Hotel-by-Best-Western-Rouvignies-Valenciennes-93987,,,,
http://aparthotel-area.com.es/,,,,
https://www.hotel-bb.com/fr/hotel/troyes-magasins-usine?utm_source=googlemaps&utm_medium=fichehotel&utm_campaign=yext,,,,
https://all.accor.com/lien_externe.svlt?goto=fiche_hotel&code_hotel=B3A0&merchantid=seo-maps-FR-B3A0&sourceid=aw-cen&utm_medium=seo%20maps&utm_source=google%20Maps&utm_campaign=seo%20maps,,,,
http://www.514apparthotel.fr/,,,,
http://www.mihotel.fr/,,,,
http://hotel-la-rochelle.brithotel.fr/?utm_source=google&utm_medium=seo&utm_campaign=gmb,,,,
https://www.hotel-bb.com/fr/hotel/cambrai?utm_source=googlemaps&utm_medium=fichehotel&utm_campaign=yext,,,,
https://www.nh-hotels.com/en/hotel/nh-ourense?utm_campaign=local-gmb&utm_medium=organic_search&utm_source=google_gmb,,,,
https://all.accor.com/lien_externe.svlt?goto=fiche_hotel&code_hotel=2547&merchantid=seo-maps-FR-2547&sourceid=aw-cen&utm_medium=seo%20maps&utm_source=google%20Maps&utm_campaign=seo%20maps,,,,
https://www.hotel-bb.com/fr/hotel/clermont-ferrand-a71-a75-la-meridienne?utm_source=googlemaps&utm_medium=fichehotel&utm_campaign=yext,,,,
https://www.hotel-bb.com/fr/hotel/marne-la-vallee-chelles?utm_source=googlemaps&utm_medium=fichehotel&utm_campaign=yext,,,,
http://www.hotelvillabatalha.com/,,,,
https://www.hotel-bb.com/de/hotel/kaiserslautern?utm_source=gmb&utm_medium=referral&utm_content=kaiserslautern&utm_campaign=yext,,,,
https://all.accor.com/lien_externe.svlt?goto=fiche_hotel&code_hotel=8466&merchantid=seo-maps-FR-8466&sourceid=aw-cen&utm_medium=seo%20maps&utm_source=google%20Maps&utm_campaign=seo%20maps,,,,
https://www.hotelserranopb.com.br/,,,,
https://www.hoteld-basel.ch/en,,,,
https://www.grandhotel-forcalquier.fr/,,,,
https://www.adagio-city.com/6791?utm_source=googleMaps&utm_medium=seoMaps&utm_campaign=seoMaps&y_source=1_MTUzNTkyODctNzE1LWxvY2F0aW9uLndlYnNpdGU%3D,,,,
http://www.hotelrestaurant-lesaintvorles.fr/,,,,
https://all.accor.com/lien_externe.svlt?goto=fiche_hotel&code_hotel=1364&merchantid=seo-maps-FR-1364&sourceid=aw-cen&utm_medium=seo%20maps&utm_source=google%20Maps&utm_campaign=seo%20maps,,,,
https://all.accor.com/lien_externe.svlt?goto=fiche_hotel&code_hotel=2375&merchantid=seo-maps-FR-2375&sourceid=aw-cen&utm_medium=seo%20maps&utm_source=google%20Maps&utm_campaign=seo%20maps,,,,
https://hotel-reims-nord.brithotel.fr/?utm_source=google&utm_medium=seo&utm_campaign=gmb,,,,
https://all.accor.com/lien_externe.svlt?goto=fiche_hotel&code_hotel=1541&merchantid=seo-maps-FR-1541&sourceid=aw-cen&utm_medium=seo%20maps&utm_source=google%20Maps&utm_campaign=seo%20maps,,,,
https://www.hotel-bb.com/fr/hotel/nancy-laxou-zenith?utm_source=googlemaps&utm_medium=fichehotel&utm_campaign=yext,,,,
https://www.hotel-bb.com/fr/hotel/lens-noyelles-godault?utm_source=googlemaps&utm_medium=fichehotel&utm_campaign=yext,,,,
https://www.cristinajersey.com/,,,,
https://all.accor.com/lien_externe.svlt?goto=fiche_hotel&code_hotel=C139&merchantid=seo-maps-France-C139&sourceid=aw-cen&utm_medium=seo%20maps&utm_source=google%20Maps&utm_campaign=seo%20maps,,,,
https://platinium-hotel-aachen.webnode.page/,,,,
https://all.accor.com/lien_externe.svlt?goto=fiche_hotel&code_hotel=B3B4&merchantid=seo-maps-FR-B3B4&sourceid=aw-cen&utm_medium=seo%20maps&utm_source=google%20Maps&utm_campaign=seo%20maps,,,,
https://www.hotel-bb.com/fr/hotel/cergy-port?utm_source=googlemaps&utm_medium=fichehotel&utm_campaign=yext,,,,
https://www.goldenlakeshotel.be/fr/,,,,
https://www.marmorishotels.com/alentejo-marmoris-hotel--spa.html,,,,
http://www.valedorio.com/,,,,
http://www.wellhotelportugal.com/,,,,
http://www.hotelbienestartermasdemoncao.com/,,,,
https://www.hotel-bb.com/pt/hotel/porto-expo-aeroporto?utm_source=googlemaps&utm_medium=fichehotel&utm_campaign=oporto_aeroporto,,,,
http://www.aquashowparkhotel.com/,,,,
https://www.conventodoscapuchos.com/,,,,
http://www.alpinoatlantico.com/,,,,
https://www.vilagale.com/pt-pt/hoteis-portugal/hoteis-costa-de-lisboa/vila-gale-collection-sintra/,,,,
https://www.vilagale.com/pt-pt/hoteis-portugal/hoteis-porto-e-norte/vila-gale-collection-douro/,,,,
https://sites.google.com/view/magnificat-wine-boutique-hotel/,,,,
https://www.vilagale.com/pt-pt/hoteis-portugal/hoteis-algarve/vila-gale-lagos/,,,,
http://www.dommanuelhotel.com/,,,,
https://www.vilagale.com/pt-pt/hoteis-portugal/hoteis-algarve/vila-gale-collection-praia/,,,,
http://www.penina.com/,,,,
http://www.hotelmirandadodouro.com/,,,,
http://hotelparadorsantacatarina.pt/,,,,
http://www.nordeste.thelincehotels.com/,,,,
http://www.furnas.octanthotels.com/,,,,
https://www.nh-hotels.com/en/hotel/nh-coimbra-dona-ines?utm_campaign=local-gmb&utm_medium=organic_search&utm_source=google_gmb,,,,
https://www.vilagale.com/pt-pt/hoteis-portugal/hoteis-centro/vila-gale-coimbra/,,,,
https://www.marriott.com/en-us/hotels/lissi-sheraton-lisboa-hotel-and-spa/overview/?scid=f2ae0541-1279-4f24-b197-a979c79310b0,,,,
https://www.vilagale.com/pt-pt/hoteis-portugal/hoteis-costa-de-lisboa/vila-gale-opera/,,,,
https://www.bairroaltohotel.com/,,,,
http://www.lapapalace.com/,,,,
https://hotelrochadagralheira.com/,,,,
https://hotelandspa.riaparkhotels.com/,,,,
http://www.granderealsantaeulalia.realhotelsgroup.com/?partner=9862utm_source=google&utm_medium=organic&utm_campaign=MyBusiness&utm,,,,
http://www.realmarina.realhotelsgroup.com/?partner=9862utm_source=google&utm_medium=organic&utm_campaign=MyBusiness&utm,,,,
https://www.villagebyboa.com/,,,,
https://turim-hotels.com/turim-oporto-hotel-pt/?partner=8048utm_source=google&utm_medium=organic&utm_campaign=MyBusiness&utm,,,,
http://www.hotelquintadopinheiro.com/,,,,
http://www.pacosferrarahotel.com/,,,,
https://www.vilagale.com/pt-pt/hoteis-portugal/hoteis-alentejo/vila-gale-alentejo-vineyards/,,,,
https://www.flagworldhotels.com/flag-hotel-aljustrel.html?utm_medium=organic&utm_source=google&utm_campaign=google-my-business&utm_term=google-local&utm_id=flagworld-aljustrel,,,,
https://booking.roomraccoon.pt/hotel-comodoro/pt/,,,,
https://www.marriott.com/en-us/hotels/pdlde-delta-hotels-azores/overview/?scid=f2ae0541-1279-4f24-b197-a979c79310b0,,,,
https://www.viphotels.com/en/hotels/vip-executive-azores-in-ponta-delgada/?partner=8189utm_source=google&utm_medium=organic&utm_campaign=MyBusiness&utm,,,,
https://www.hotelgaivota.com/,,,,
https://www.ridanhotels.com/pt/hoteis/hotel-varandas-do-atlantico-em-ilha-terceira/?partner=10048&utm_source=google&utm_medium=organic&utm_campaign=MyBusiness,,,,
https://www.ridanhotels.com/pt/hoteis/hotel-praia-marina-em-ilha-terceira/?partner=10048&utm_source=google&utm_medium=organic&utm_campaign=MyBusiness,,,,
http://www.hotel-branco.com/,,,,
http://lisboa.neyahotels.com/?partner=6201&utm_source=google&utm_medium=gmb&utm_campaign=web_link,,,,
https://www.altishotels.com/altis-grand-hotel/,,,,
http://www.masahotels-lisboncollection.com/,,,,
https://www.eurostarshotels.com.pt/eurostars-universal-lisboa.html?referer_code=lb0gg00yx&utm_source=google&utm_medium=business&utm_campaign=lb0gg00yx,,,,
http://granderealvillaitalia.realhotelsgroup.com/?partner=9862utm_source=google&utm_medium=organic&utm_campaign=MyBusiness&utm,,,,
http://www.montefilipehotel.com/,,,,
http://www.evidenciabelverde.pt/,,,,
https://www.fourseasons.com/lisbon/?utm_source=google&utm_medium=organicsearch&utm_campaign=tor-lis-hre-mid-seo-na&utm_content=na-na&utm_term=na,,,,
http://www.hotel-trancoso.com/,,,,
http://adrexo.net/,,,,
https://all.accor.com/lien_externe.svlt?goto=fiche_hotel&code_hotel=1121&merchantid=seo-maps-FR-1121&sourceid=aw-cen&utm_medium=seo%20maps&utm_source=google%20Maps&utm_campaign=seo%20maps,,,,
https://iledere.relaisthalasso.com/,,,,
http://www.thalasso-larochellesud.fr/,,,,
http://mari-machja.fr/,,,,
https://esraperinatalite.fr/,,,,
https://all.accor.com/lien_externe.svlt?goto=fiche_hotel&code_hotel=0668&merchantid=seo-maps-FR-0668&sourceid=aw-cen&utm_medium=seo%20maps&utm_source=google%20Maps&utm_campaign=seo%20maps,,,,
http://www.thalmar.com/,,,,
http://www.thalasso-line.com/,,,,
http://lamarinedopale.fr/,,,,
https://www.baerenthal.org/fr,,,,
https://www.gite-montenois.fr/,,,,
https://lestroistours.fr/,,,,
https://www.gite-castelbosc.com/,,,,
http://www.lepetitcocondechateau.fr/,,,,
https://www.gitemassatho.fr/,,,,
https://honfleur-home-loc.fr/,,,,
https://www.giteclosangelique.com/,,,,
https://gitedelaborie.fr/,,,,
http://www.gite-spa-moulindebarutel.com/,,,,
http://www.gite-provence-alevidence.fr/,,,,
https://suitecosy.com/la-parenthese~295.htm,,,,
https://www.clevacances.com/fr/hebergement/44467-bretagne-sud-2-gites-avec-piscine-pouvant-etre-loues-ensemble-ou-separement,,,,
http://gite-le-tacot.fr/,,,,
https://villazenmonplaisir.com/,,,,
https://www.gite-sophie-fecamp.fr/,,,,
http://www.gite-cantal-lanau.fr/,,,,
https://www.legitedelagrange.fr/fr,,,,
https://mialovestotravel.com/chambres-2-caps-france,,,,
http://www.gitedegarance.fr/,,,,
http://www.gitedesquatrechemins.fr/,,,,
http://www.giteaubergelasoulan.com/,,,,
https://giteleromandalleyrac.com/,,,,
https://www.lechateaudelabarre.fr/le-gite-les-ecuries-de-la-barre,,,,
https://valensole-gite-chalet.fr/,,,,
http://la.tour.touzac.free.fr/,,,,
https://www.kerousy.com/,,,,
http://gites-de-la-haie.com.es/,,,,
http://www.ladommerie.com/,,,,
https://www.lasilentiaire.be/,,,,
http://www.pour-les-vacances.com/site-11830/,,,,
http://www.lesfourches.com/,,,,
http://www.kombijons.nl/,,,,
http://www.paysdejoie.com/,,,,
https://www.giteslessentiersducausse.fr/,,,,
http://calme-au-canal.fr/,,,,
http://hotes-aucoeurdesetoiles.com/,,,,
http://leschambresdechavot.com/,,,,
https://www.gitelapaillote.com/,,,,
http://www.gitejura.com/,,,,
http://gitedes2arbresdelasagesse.fr/,,,,
http://www.elevagedesaba.com/,,,,
http://www.aubergedujeudepaumechantilly.fr/,,,,
https://www.leslatimbanque.fr/,,,,
http://www.aubergeabjat.fr/,,,,
http://www.auberge-nemoz.com/,,,,
http://www.auberge-du-camp-romain.com/,,,,
http://www.auberge-gorgesduloup.com/,,,,
http://www.hotel-cormeilles.com/,,,,
http://auberge-normande.com.es/,,,,
https://aubergedelatour-valros.com/,,,,
https://www.perebise.com/,,,,
https://auberge-maison-carmen-xertigny.eatbu.com/,,,,
https://www.aubergedesglieres.fr/,,,,
http://www.auberge-maison-rouge.com/,,,,
https://auberge-pradere.fr/,,,,
http://www.auxportesdeconques.com/?utm_source=gmb,,,,
https://www.restaurant-chagny.com/,,,,
https://www.aubergebarnas.fr/?utm_source=gmb,,,,
http://www.auberge7tours.com/?utm_source=gmb,,,,
http://aubergedelempereur.fr/,,,,
https://www.aubergeducotentin.com/,,,,
https://alabelleetoile.eu/,,,,
https://www.auberge-aveyron.com/,,,,
https://auberge-de-pen-mur.jimdosite.com/,,,,
http://www.auberge-de-la-marquise.com/,,,,
https://www.e-cime.com/,,,,
https://aubergeabbatiale.fr/,,,,
http://www.auberge-des-avenieres.fr/,,,,
http://lauberge-de-venthon.eatbu.com/,,,,
http://aubergedeschenets.com/,,,,
http://www.aubergedesremparts.com/,,,,
http://www.aubergedulac.fr/?utm_source=gmb,,,,
http://www.aubergelestandre.ca/,,,,
http://www.aubergeletempsdessaveurs.be/,,,,
https://www.aubergesaintegemme.com/,,,,
https://www.auberge-la-coste.com/?utm_source=mybusiness&utm_medium=organic&utm_id=mybusinessorganic,,,,
http://auberge-gourmande-les-vastres.fr/,,,,
http://www.auberge-lorraine-levaltin.fr/,,,,
https://aubergecevenole.fr/,,,,
https://www.aubergedubarrez.com/,,,,
https://www.la-vieille-auberge.eu/,,,,
http://www.lacholotte.com/,,,,
http://www.auberge-grand-dauphin.com/,,,,
http://www.motel-les-tilleuls.com/,,,,
https://www.aubergedesremparts.fr/,,,,
http://www.u-lustincone.com/,,,,
http://www.aubergelemeisenberg.com/,,,,
http://www.aubergedubonheur30.fr/,,,,
https://www.aubergebretonne.com/,,,,
https://www.campingmoulinjacquot.fr/,,,,
https://campinglepommier.com/,,,,
https://www.camping-farret.com/fr/,,,,
http://www.camping-chataigneraie.com/,,,,
https://br.bluepillow.com/search/68115cc0a74f8eb5bd29b0a3?dest=bpex&cat=House&lat=43.75658&lng=4.19947&language=pt,,,,
https://br.bluepillow.com/search/67a4bc01064d51dcdc902c9b?dest=bpex&cat=House&lat=43.7577&lng=4.19814&language=pt,,,,
https://www.campingverdonparc.fr/?utm_campaign=gmb_search&utm_medium=organic&utm_source=google,,,,
http://www.campingserrao.com/,,,,
http://www.lacdechampos.com/,,,,
https://www.vrbo.com/pdp/lo/126807207?MDPCID=VRBO-META.HPA.WEB-ORGANIC.VR,,,,
https://www.camping-les-gros-joncs.com/?utm_source=google&utm_medium=organic&utm_campaign=gbp,,,,
https://www.olela.fr/campings/camping-signol,,,,
https://www.camping-vagues-oceanes.com/camping-ile-oleron/grosses-pierres.html,,,,
https://www.camping-oleron-loisirs.com/,,,,
https://www.sandaya.fr/nos-campings/carnac?utm_source=google&utm_medium=gbp&utm_campaign=cta_siteweb_Carnac,,,,
http://www.lemonloo.com/wp,,,,
https://www.lavedan.com/?utm_source=google&utm_medium=organic&utm_campaign=gmb,,,,
http://www.camping-oree-des-monts.com/,,,,
https://camping-truffiere.com/,,,,
https://www.sandaya.fr/nos-campings/domaine-la-franqui?utm_source=google&utm_medium=gbp&utm_campaign=cta_siteweb_domainelafranqui,,,,
https://www.camping-marisol.fr/,,,,
https://www.capfun.com/camping-france-languedoc_roussillon-el_moli-FR.html,,,,
https://www.camping-apv.com/atlantique/camping-ile-de-re/camping-le-bois-plage-en-re/antioche?utm_source=googlemybusiness&utm_medium=organic,,,,
https://camping-lesbaleines.com/,,,,
https://www.camping-ile-de-re-cormoran.com/?utm_source=google&utm_medium=local&utm_campaign=fiche_google,,,,
https://www.campinglacotesauvage.com/?utm_campaign=gmb_search&utm_medium=organic&utm_source=google,,,,
http://www.campinglesperouses.com/,,,,
https://www.la-grainetiere.com/?utm_campaign=gmb_search&utm_medium=organic&utm_source=google,,,,
https://www.campiotel.com/?utm_source=google&utm_medium=local&utm_campaign=fiche_google,,,,
https://www.sandaya.fr/nos-campings/interlude?utm_source=google&utm_medium=gbp&utm_campaign=cta_siteweb_Interlude,,,,
https://www.les-mouettes.com/,,,,
https://www.auvergne-destination.com/fiches/camping-du-couffour/,,,,
https://www.campingcransaclesthermes.fr/,,,,
http://www.campingdelaforet.com/,,,,
https://www.camping-delaplage.fr/?utm_medium=referral&utm_source=gmb&utm_campaign=lnk-gmb,,,,
http://www.campingbavellavista.fr/,,,,
https://www.larive.fr/?utm_source=google&utm_medium=local&utm_campaign=fiche_google,,,,
https://www.capfun.com/camping-france-poitou_charentes-bonne_etoile-FR.html,,,,
https://www.camping-le-calagogo.fr/,,,,
https://www.soleilplage.fr/?utm_campaign=gmb_search&utm_medium=organic&utm_source=google,,,,
https://www.capfun.com/camping-france-basse_normandie-falaises-FR.html,,,,
https://www.camping-vagues-oceanes.com/camping-calvados/odyssee.html,,,,
https://www.les-sablons.com/,,,,
https://www.sandaya.fr/nos-campings/domaine-de-la-dragonniere?utm_source=google&utm_medium=gbp&utm_campaign=cta_siteweb_LaDragonniere,,,,
https://www.mimosas.com/,,,,
https://www.brasilia.fr/,,,,
https://www.capfun.com/camping-france-aquitaine-landisland-FR.html,,,,
http://campingautourdumoulin.fr/,,,,
https://www.camping-lapointedumedoc.com/fr/?utm_campaign=gmb_search&utm_medium=organic&utm_source=google,,,,
https://camping-terra-verdon.com/,,,,
https://www.sandaya.fr/nos-campings/cap-sud?utm_campaign=cta_site_web_CapSud&utm_medium=gbp&utm_source=google,,,,
https://www.capfun.com/camping-france-ile_de_france-le_village_parisien-FR.html,,,,
https://www.sandaya.fr/nos-campings/le-soleil-vivarais?utm_source=google&utm_medium=gbp&utm_campaign=cta_siteweb_LeSoleilVivarais,,,,
http://www.campingarcencielardeche.com/,,,,
http://www.beaurivage-camping.fr/,,,,
https://www.lecampoloro.com/,,,,
https://www.expedia.com/Hotel.h132320578.Hotel-Information?mdpcid=META.HPA.WEB-ORGANIC.VR,,,,
https://www.capfun.com/camping-france-rhone_alpes-grand_lierne-FR.html,,,,
https://www.camping-lacbleu.fr/,,,,
https://camping-chatelas.com/,,,,
https://www.capfun.com/camping-france-provence_alpes_cote_d_azur-carpe_diem-FR.html,,,,
https://www.camping-vagues-oceanes.com/camping-vaucluse/soleil-de-provence.html,,,,
https://www.capfun.com/camping-france-poitou_charentes-atlantique_parc-FR.html,,,,
https://www.camping-bretagne-lapommeraiedelocean.com/?utm_campaign=gmb_search&utm_medium=organic&utm_source=google,,,,
http://www.campingdutrez.com/,,,,
https://www.expedia.com/Hotel.h111521719.Hotel-Information?mdpcid=META.HPA.WEB-ORGANIC.VR,,,,
https://www.lescapucines.fr/,,,,
http://www.campingdelarecre.com/,,,,
https://au-camping-du-lac.com/?utm_source=google&utm_medium=organic&utm_campaign=mybusiness,,,,
https://www.lemarcassin.fr/,,,,
https://www.sandaya.fr/nos-campings/le-carbonnier?utm_source=google&utm_medium=gbp&utm_campaign=cta_siteweb_LeCarbonnier,,,,
https://www.clicochic.com/camping-france-franche_comte-chancia-FR.html,,,,
https://www.campinglechenegris.com/?utm_campaign=gmb_search&utm_medium=organic&utm_source=google,,,,
http://www.campingfautais.com/,,,,
http://www.campingtulipes.com/,,,,
https://www.camping-oyam.com/,,,,
https://boisdebayadene.fr/,,,,
http://www.camping-labaule.fr/,,,,
http://www.aire-campingcars-vichy.com/,,,,
https://camping-la-berquerie.fr/,,,,
https://www.night-and-day.fr/camping/30-camping-de-la-plage-portez,,,,
http://www.lariviereleseyzies.com/,,,,
https://www.yukadivillages.com/le-moteno/,,,,
https://www.la-croez-villieu.com/,,,,
https://www.camping-kersily.com/?utm_source=google&utm_medium=organic&utm_campaign=gmb,,,,
https://camping-vagues-oceanes.com/camping-bretagne/le-moustoir.html,,,,
https://www.camping-gouffre.com/,,,,
https://www.capfun.com/camping-france-poitou_charentes-les_chenes-FR.html,,,,
https://www.capfun.com/camping-france-bretagne-kervel-FR.html,,,,
https://www.camping-domaine-kerys.com/?utm_campaign=gmb_search&utm_medium=organic&utm_source=google,,,,
https://lanniron.com/fr/hebergement,,,,
https://www.campingdelatorche.fr/,,,,
https://www.vrbo.com/pdp/lo/129233144?MDPCID=VRBO-META.HPA.WEB-ORGANIC.VR,,,,
https://www.camping-pen-palud.com/,,,,
https://www.camping-auxpommiers.com/?utm_campaign=gmb_search&utm_medium=organic&utm_source=google,,,,
https://www.campingleboisdepleuven.com/?utm_source=google&utm_medium=organic&utm_campaign=gmb_search,,,,
https://www.night-and-day.fr/camping/32-camping-de-la-vezenie,,,,
http://qua.etr.im/lm6,,,,
http://campingleslacsdemaurienne.com/,,,,
http://www.campingcoccinelle.com/,,,,
https://www.capfun.com/camping-france-aquitaine-la_riviere-FR.html,,,,
https://www.camping-lesdunes-coudeville.fr/,,,,
https://www.toocamp.com/france/camping-la-rafale-c26077.html,,,,
http://www.camping-cerisiers.com/,,,,
https://www.campingdesgorgesdutarn.fr/,,,,
http://www.camping-piscine.com/,,,,
https://www.camping-normandie-fanal.fr/,,,,
https://www.campingdeconliesarthelemans.com/,,,,
http://www.campinglafontaine.fr/,,,,
https://www.domainedubalbuzard.com/,,,,
https://www.clicochic.com/camping-france-bretagne-longchamp-FR.html,,,,
https://www.campinglesoleildesaintsieu.com/?utm_campaign=gmb_search&utm_medium=organic&utm_source=google,,,,
https://www.capfun.com/camping-france-pays_de_la_loire-loubine-FR.html,,,,
https://www.capfun.com/camping-france-languedoc_roussillon-soubeyranne-FR.html,,,,
http://www.saint-benoit-des-ondes.fr/,,,,
http://www.lemoulindesurier.com/,,,,
https://lesmarsouins.cielavillage.fr/,,,,
http://campinglesvignes17.com/,,,,
http://www.camping-lac-bleu.com/,,,,
https://www.clicochic.com/camping-france-poitou_charentes-camp_du_soleil-FR.html,,,,
http://campingdelizoard.com/,,,,
https://www.campingtynadan.com/?utm_campaign=gmb_search&utm_medium=organic&utm_source=google,,,,
https://campingduvallageattigny.com/,,,,
http://chemindetraverse52.org/,,,,
http://www.camping-lelude.com/,,,,
https://www.capfun.com/camping-france-aquitaine-roumingue-FR.html,,,,
https://europe.huttopia.com/site/lac-aureilhan-mimizan/?utm_medium=organic&utm_source=gmb&utm_campaign=lac_aureilhan_mimizan,,,,
https://www.campings-landes-vacances.com/fr/camping-landes-bleues-accueil,,,,
https://camping-la-clairiere.fr/,,,,
https://www.camping-labergerie.com/,,,,
http://camping-lesrondsduval.fr/,,,,
https://www.capfun.com/camping-france-haute_normandie-vikings-FR.html,,,,
https://www.sandaya.fr/nos-campings/la-grande-cote?utm_source=google&utm_medium=gbp&utm_campaign=cta_siteweb_LaGrandeCote,,,,
https://porticcio-camping.fr/?utm_medium=referral&utm_source=gmb&utm_campaign=lnk-gmb,,,,
https://www.capfun.com/camping-france-pays_de_la_loire-armor_heol-FR.html,,,,
https://www.camping-gorge-verdon.com/,,,,
https://campinglachampagne.eu/,,,,
http://www.la-sauvetat-du-dropt.fr/,,,,
http://bretagne.bontempo.fr/,,,,
http://www.camping-du-menguen.com/,,,,
http://www.camping-acasaiola.com/,,,,
http://www.camping-alafermestjoseph.com/,,,,
http://www.campingalohaplage.fr/,,,,
https://www.parkbridge.com/fr/resort/resort-detail/alouette?utm_medium=organic&utm_source=google&utm_campaign=gmb,,,,
http://www.campingauborddeleau.com/,,,,
https://www.coeur-ardeche.fr/camping/camping-au-jardin-5984341/,,,,
https://www.sandaya.fr/nos-campings/belle-plage?utm_source=google&utm_medium=gbp&utm_campaign=cta_siteweb_Belleplage,,,,
https://www.camping-captaillat.com/,,,,
https://www.capfun.com/camping-france-pays_de_la_loire-breteche-FR.html,,,,
https://www.capfun.com/camping-france-pays_de_la_loire-curtys-FR.html,,,,
https://www.capfun.com/camping-france-languedoc_roussillon-fleur_de_camargue-FR.html,,,,
https://www.capfun.com/camping-france-languedoc_roussillon-fumades-FR.html,,,,
https://www.capfun.com/camping-france-bretagne-grand_large-FR.html,,,,
https://www.capfun.com/camping-france-poitou_charentes-huttes-FR.html,,,,
https://www.capfun.com/camping-france-aquitaine-la_mer-FR.html,,,,
https://www.capfun.com/camping-france-languedoc_roussillon-mer_et_soleil-FR.html,,,,
https://www.capfun.com/camping-france-rhone_alpes-le_merle_roux-FR.html,,,,
https://www.capfun.com/camping-france-aquitaine-paradis_de_bazas-FR.html,,,,
https://www.camping-saumur-loire.com/,,,,
https://www.capfun.com/camping-france-bretagne-saint_laurent-FR.html,,,,
https://www.capfun.com/camping-france-aquitaine-talaris_vacances-FR.html,,,,
https://www.capfun.com/camping-france-poitou_charentes-zephir-FR.html,,,,
https://www.capfun.com/camping-france-pays_de_la_loire-zagarella-FR.html,,,,
https://www.capfun.com/camping-france-aquitaine-pomme_de_pin-FR.html,,,,
http://www.champdelachapelle.com/,,,,
http://www.camping-chondutarn.com/,,,,
https://www.clicochic.com/camping-france-pays_de_la_loire-les_trois_chenes-FR.html,,,,
https://www.clicochic.com/camping-france-bretagne-baie_de_douarnenez-FR.html,,,,
https://www.clicochic.com/camping-france-languedoc_roussillon-chateau_boisson-FR.html,,,,
https://www.clicochic.com/camping-france-aquitaine-linotte-FR.html,,,,
https://www.clicochic.com/camping-france-aquitaine-moulin_du_roch-FR.html,,,,
https://www.holidu.fr/d/37699499?ref_source=google_vr&utm_source=google_vr_eb,,,,
http://www.camping-abbatiale.com/,,,,
https://www.campingleryposes.fr/,,,,
https://camping-de-la-chalaronne.fr/,,,,
https://www.campingliez.com/,,,,
http://www.chamonix-camping.com/,,,,
http://camping-u-stazzu.jimdofree.com/,,,,
https://www.campingcarpark.com/fr_FR/camping-car/nouvelle-aquitaine/87-haute-vienne/st-junien?areaType=camping,,,,
https://www.camping-desdunes.com/,,,,
https://francetourismes.wordpress.com/,,,,
https://www.peyrugue.com/,,,,
http://www.campingdubugeau.com/,,,,
http://www.camping-du-canal.fr/,,,,
https://camping-saint-estephe.com/fr/,,,,
https://www.campingdulacaveyron.com/,,,,
http://www.lecampingdulac.fr/,,,,
https://www.campinglac.fr/,,,,
https://www.campingdulacdeparisot.com/,,,,
https://www.camping-lac-roybon.fr/,,,,
https://www.camping-lequesnoy.fr/,,,,
https://www.marina-de-canet.com/?utm_campaign=gmb_search&utm_medium=organic&utm_source=google,,,,
https://www.camping-torreilles.com/?utm_campaign=gmb_search&utm_medium=organic&utm_source=google,,,,
https://www.campinglapinede.com/?utm_campaign=gmb_search&utm_medium=organic&utm_source=google,,,,
https://www.campinglesaintemarie.com/?utm_campaign=gmb_search&utm_medium=organic&utm_source=google,,,,
https://www.camping-lesdunes.fr/?utm_campaign=gmb_search&utm_medium=organic&utm_source=google,,,,
https://www.lesmenhirs.com/?utm_campaign=gmb_search&utm_medium=organic&utm_source=google,,,,
https://www.solagogo.com/?utm_campaign=gmb_search&utm_medium=organic&utm_source=google,,,,
https://europe.huttopia.com/site/camping-chardons-bleus-ile-de-re/?utm_medium=organic&utm_source=gmb&utm_campaign=chardons_bleus,,,,
https://www.tourisme-paysdechateaugiron.bzh/hebergements/camping-intercommunal-les-grands-bosquets/,,,,
http://www.campings-treport.com/,,,,
http://www.camping-escale.fr/,,,,
http://www.campingesplanade.com/,,,,
https://www.sandaya.fr/nos-campings/l-estanquet?utm_source=google&utm_medium=gbp&utm_campaign=cta_siteweb_Estanquet,,,,
https://www.campombrage.com/?utm_source=google&utm_medium=organic&utm_campaign=gbp,,,,
https://www.camping-lacailletiere.com/,,,,
http://www.florealgroup.be/page/colline-de-rabais.html,,,,
https://www.holidu.fr/d/56322600?ref_source=google_vr&utm_source=google_vr_eb,,,,
http://www.jura-camping-lafaz.com/,,,,
http://www.camping-lamarmotte.com/,,,,
http://www.campinglaplaine.fr/,,,,
https://www.holidu.de/d/36377000?ref_source=google_vr&utm_source=google_vr_eb,,,,
https://www.holidu.de/d/36377005?ref_source=google_vr&utm_source=google_vr_eb,,,,
https://www.holidu.de/d/36377003?ref_source=google_vr&utm_source=google_vr_eb,,,,
http://www.la-vigneraie-1860.fr/,,,,
https://campinglacdurepos.ca/,,,,
https://camping-lebernier.fr/,,,,
http://www.camping-lechassezac-ardeche.com/?utm_source=gmb,,,,
http://www.campingclosdespins.com/,,,,
http://www.camping-le-futuriste.fr/,,,,
https://www.campinglegrandguitton.com/,,,,
https://www.campinglegrandlarge.com/,,,,
https://reservation.secureholiday.net/fr/3532,,,,
https://www.camping-le-lidon.com/,,,,
https://www.campingmasdelasource.com/,,,,
http://camping-sarlat.com/,,,,
http://www.camping-leruisseau.fr/,,,,
http://www.campingleseptentrion.com/,,,,
http://www.camping-lesoleil.fr/,,,,
https://www.levaldescevennes.com/,,,,
http://www.camping-orbey.com/,,,,
http://www.camping-les-arches.com/,,,,
http://www.lesarolles.com/,,,,
http://www.campinglesbordsdutarn.com/,,,,
http://camping-lescastors.fr/,,,,
https://www.camping-chataigniers-ardeche.fr/,,,,
https://www.leschenesverts-luberon.com/,,,,
http://www.campinglescharmes.fr/,,,,
https://www.roffy.fr/?utm_source=google&utm_medium=local&utm_campaign=fiche_google,,,,
http://www.leshortensias.com/,,,,
http://www.camping-les-macareux-trevou.fr/,,,,
http://www.lesmouettes-camping.com/,,,,
https://www.lesollivaud.com/,,,,
https://www.olela.fr/campings/camping-peupliers,,,,
http://www.campingcrozon.com/,,,,
http://www.campinglesprades.com/,,,,
http://campingtamaris.e-monsite.com/,,,,
http://www.chateau-les-alberts.com/node/1,,,,
http://www.masdenmas.fr/,,,,
http://www.campingmaspiques.com/,,,,
https://www.muides.fr/tourisme-2/camping-municipal-bellevue/,,,,
https://www.camping-ile-saint-crepin.com/,,,,
http://www.camping-paimpont-broceliande.com/,,,,
https://www.saintjeanlethomas.com/Camping-municipal-de-Saint-Jean-le-Thomas-_a192.html,,,,
https://www.ville-bligny-sur-ouche.fr/camping,,,,
https://www.campingdupontdebussy.fr/,,,,
http://www.camping-letourduparc.fr/,,,,
http://www.campingdelavernhe.fr/,,,,
http://www.camping-chabrioux.fr/,,,,
https://www.camping-savineslelac.fr/,,,,
https://mittersheim-loisirs.fr/,,,,
http://www.camping-alboucledor.com/,,,,
https://www.campinglescapade.com/,,,,
https://www.camping-lespins.com/,,,,
https://hubfr.click/vacancesocamping-parc-guibel-9vm3rk,,,,
http://www.pole-bellevue.fr/,,,,
https://rcn.eu/rcn-la-ferme-du-latois?utm_source=gglePlusPlaces&utm_campaign=gglePlusPlaces&utm_medium=url&utm_content=LFDL,,,,
https://rcn.eu/rcn-le-moulin-de-la-pique?utm_source=gglePlusPlaces&utm_campaign=gglePlusPlaces&utm_medium=url&utm_content=MDLP,,,,
https://www.revigny-sur-ornain.fr/camping-aire-camping-car.php,,,,
https://campingsaintgeorges.fr/,,,,
http://www.campingsaintpal.com/,,,,
http://www.campingsandamiano.com/,,,,
https://www.sandaya.fr/nos-campings/domaine-du-verdon?utm_campaign=cta_site_web_DomaineDuVerdon&utm_medium=gbp&utm_source=google,,,,
https://www.trezrouz.com/,,,,
http://www.campinguvaldo.fr/,,,,
https://www.camping-vagues-oceanes.com/camping-gard/labeiller.html,,,,
https://www.camping-vagues-oceanes.com/camping-nord/la-licorne.html,,,,
https://www.camping-vagues-oceanes.com/camping-pyrenees-orientales/marinette.html,,,,
http://www.camping-vert-gapeau.com/,,,,
https://www.saintpabu.com/?utm_source=google&utm_medium=organic&utm_campaign=gbp,,,,
https://www.lesgrandspins.com/fr/?utm_source=google_my_business&utm_medium=organic&utm_campaign=cta_site_web,,,,
http://www.domaine-de-kerpenhir.fr/,,,,
https://domaine.moncalme-piriac.com/,,,,
http://www.campingfranceonline.com/,,,,
https://www.campinggrandeplage.com/,,,,
http://www.campingleriviera.com/,,,,
https://www.camping-gorges-aveyron.com/?utm_source=google&utm_medium=organic&utm_campaign=gmb,,,,
https://www.ideal-camping.com/,,,,
https://www.igesa.fr/vos-vacances/recherche-sejour/reserver-mes-vacances/etablissement/ploemeur-camping-du-fort-du-talud,,,,
http://vacances.kheopsuniversal.fr/les-dunes.html,,,,
http://www.camping-de-la-tour.com/,,,,
https://auzeralsfr.ellohaweb.com/,,,,
https://www.lesjardinsdekergal.com/,,,,
https://www.liabaquet.com/,,,,
https://www.campingleschampsblancs.com/fr/,,,,
https://www.vrbo.com/pdp/lo/102187087?MDPCID=VRBO-META.HPA.WEB-ORGANIC.VR,,,,
https://www.vrbo.com/pdp/lo/102187089?MDPCID=VRBO-META.HPA.WEB-ORGANIC.VR,,,,
https://verdonyourte.com/,,,,
https://www.camping-leclosmarin.fr/,,,,
https://www.campingpechehernicourt.com/,,,,
https://www.sandaya.fr/nos-campings/blue-bayou?utm_source=google&utm_medium=gbp&utm_campaign=cta_siteweb_BlueBayou,,,,
https://www.campinghirondelle.com/,,,,
https://www.camping-chatillonendiois.com/,,,,
https://camping-ferme-offrerie.com/,,,,
http://www.camping-le-damier.com/,,,,
http://www.camping-la-foret.com/,,,,
https://www.clicochic.com/camping-france-limousin-lac_de_miel-FR.html,,,,
http://vacancesnaturiste.com/,,,,
https://www.villagedesbonshommes.com/,,,,
https://www.camping-apv.com/atlantique/camping-vendee/camping-angles-moncalm/moncalm?utm_source=googlemybusiness&utm_medium=organic,,,,
https://www.camping-apv.com/atlantique/camping-vendee/camping-saint-jean-de-monts/la-paree-du-jonc?utm_source=googlemybusiness&utm_medium=organic,,,,
https://www.capfun.com/camping-france-provence_alpes_cote_d_azur-pachacaid-FR.html,,,,
https://thelisresa.webcamp.fr/formulaire.php?TYPE_CAMPING=1&TYPE_LOCATION=2&camping=pramousquier&lang=fr&lang=fr&custom-c1=2CBE95&custom-c2=E8CB0B&simpleSearch=0&duration=7&typecamping=0&typelocation=1&type=2&button=myButtonId&quantity=3&oldSchool=0&noStyle=0&noStyle=0&noStyle=0&noStyle=0&noStyle=0&polaroid=1&__utma=180217142.1343076936.1548322577.1548413228.1548416114.7&__utmb=180217142.5.10.1548416114&__utmc=180217142&__utmx=-&__utmz=180217142.1548416114.7.5.utmcsr%3Dgoogle%7Cutmccn%3D%28organic%29%7Cutmcmd%3Dorganic%7Cutmctr%3D%28not%20provided%29&__utmv=-&__utmk=25528125&PHPSESSID=iviu34nvhko7757be745n8k6e2,,,,
https://www.campingledauphin.com/?utm_source=google&utm_medium=organic&utm_campaign=gmb,,,,
https://dannes.fr/fr/rb/1088102/camping-municipal-9,,,,
https://www.camping-bretagne-atlantique.com/?utm_source=google_my_business&utm_medium=organic&utm_campaign=cta_site_web,,,,
http://www.campingdelaplagebenodet.com/,,,,
http://www.camping-cote-dargent.com/,,,,
https://www.pilondagel.com/,,,,
http://campinglesaintvivien.fr/,,,,
https://www.capfun.com/camping-france-aquitaine-palombiere-FR.html,,,,
https://www.camping-sarlat-maillac.fr/,,,,
https://www.saint-avit-loisirs.com/?utm_campaign=gmb_search&utm_medium=organic&utm_source=google,,,,
http://www.camping-catiniere.com/,,,,
https://www.camping-chaumont-sur-loire.com/,,,,
https://campinglepinparasol.fr/,,,,
http://www.campinglespommiers.com/,,,,
https://www.capfun.com/camping-france-poitou_charentes-coquelicots-FR.html,,,,
http://www.corneuil.com/,,,,
http://www.campinglesborgnes.fr/,,,,
https://campingpompadour.ellohaweb.com/,,,,
https://www.capfun.com/camping-france-basse_normandie-bagatelle-FR.html,,,,
https://www.sandaya.fr/nos-campings/deux-fontaines?utm_source=google&utm_medium=gbp&utm_campaign=cta_siteweb_DeuxFontaines,,,,
https://www.camping-ocean.fr/,,,,
https://www.camping-ametza.com/,,,,
https://atlantica.cielavillage.fr/,,,,
https://www.campingchateaudegalaure.com/?utm_campaign=gmb_search&utm_medium=organic&utm_source=google,,,,
https://www.auxportesdusauveterre.com/,,,,
http://www.lesetangsduplateaudeslandes.fr/,,,,
https://www.capfun.com/camping-france-provence_alpes_cote_d_azur-jantou-FR.html,,,,
https://www.clicochic.com/camping-france-provence_alpes_cote_d_azur-sources_de_gordes-FR.html,,,,
http://www.camping-la-butte.com/,,,,
http://www.camping-calvi.com/,,,,
https://www.camping-azun-nature.com/,,,,
https://www.capfun.com/camping-france-basse_normandie-route_blanche-FR.html,,,,
http://www.campingmanche.fr/,,,,
https://www.les-fougeres.com/,,,,
https://sites.google.com/view/douro-camping/,,,,
https://www.booking.com/hotel/fr/appartement-domaine-du-golf-de-pont-royal-en-provence.en-gb.html?aid=2068758&utm_source=seogooglelocal&utm_medium=description&utm_term=hotel-10057080&utm_campaign=en-gb&label=seogooglelocal-link-imagesaow-hotel-10057080_grp-0_gendate-20260812,,,,
https://aquapopulo.com/,,,,
http://aquaenjoyguyane.fr/,,,,
https://www.aquajeuxetcomposites.com/,,,,
http://aqualemannautique.com/,,,,
https://aqua4jump.fr/,,,,
https://aquafitbulle.com/,,,,
https://aquaglide-boaz.com/,,,,
http://aquaglisse.fr/,,,,
https://www.aquajetnarbonne.com/contact/,,,,
https://www.aqualigne.com/?utm_source=Google&utm_medium=organic&utm_campaign=mybusiness&utm_content=pianmedoc,,,,
https://aqualyse-institut.fr/,,,,
https://aqua-parc.fr/,,,,
https://aquaparkdudicosa.fr/,,,,
http://aquarider.net/,,,,
https://www.aquascope-martinique.fr/?utm_medium=referral&utm_source=gmb&utm_campaign=lnk-gmb,,,,
https://www.aquaslide.fr/,,,,
https://www.aquasport-juniville.fr/,,,,
http://www.aquaticbezancon.fr/,,,,
http://www.aquatik-market.com/,,,,
https://www.lesbainsdedieppe.fr/,,,,
http://www.spadium.fr/,,,,
https://www.destination-aquatique.fr/,,,,
http://www.hecef.fr/,,,,
https://laquariumplongee.com/,,,,
http://www.museumaquariumdenancy.eu/,,,,
https://norparknazare.pt/,,,,
https://pawsitiveschool.com/occi-cani-aqua/,,,,
http://centre-aquatique-du-lac.fr/,,,,
https://station.autrans-meaudre.fr/fr/nos-activites/piscines-de-montagne/,,,,
https://www.gites-de-france-22-35-56.fr//fiche-56G15715?ORI=GMAPS,,,,
http://www.planeteracing.com/,,,,
http://randoaquareunion.fr/,,,,
https://www.seam42.fr/,,,,
http://www.tendanceaquatique.fr/,,,,
http://www.tuturaventures.fr/,,,,
https://www.marriott.com/en-us/hotels/jlpar-ac-hotel-ambassadeur-antibes-juan-les-pins/overview/?scid=f2ae0541-1279-4f24-b197-a979c79310b0,,,,
https://www.ace-hotel-angers.com/fr/?utm_source=google&utm_medium=organic&utm_campaign=gmb&utm_content=lien,,,,
https://www.ace-hotel-annemasse.com/fr/?utm_source=google&utm_medium=organic&utm_campaign=gmb&utm_content=lien,,,,
https://www.ace-hotel-chateauroux.com/fr/?utm_source=google&utm_medium=organic&utm_campaign=gmb&utm_content=lien,,,,
https://www.ace-hotel-lemans.com/fr/?utm_source=google&utm_medium=organic&utm_campaign=gmb&utm_content=lien,,,,
https://www.ace-hotel-lyon-venissieux.com/fr/?utm_source=google&utm_medium=organic&utm_campaign=gmb&utm_content=lien,,,,
https://www.ace-hotel-metz.com/fr/?utm_source=google&utm_medium=organic&utm_campaign=gmb&utm_content=lien,,,,
https://www.ace-hotel-mitry.com/fr/?utm_source=google&utm_medium=organic&utm_campaign=gmb&utm_content=lien,,,,
https://www.ace-hotel-valence.com/fr/?utm_source=google&utm_medium=organic&utm_campaign=gmb&utm_content=lien,,,,
https://www.ace-hotel-vendee.com/fr/?utm_source=google&utm_medium=organic&utm_campaign=gmb&utm_content=lien,,,,
https://www.allsuites.com/hotel/appart-hotel-merignac,,,,
http://www.anglade-hotel.com/,,,,
https://www.adagio-city.com/6797?utm_source=googleMaps&utm_medium=seoMaps&utm_campaign=seoMaps&y_source=1_MTUzNTkyODctNzE1LWxvY2F0aW9uLndlYnNpdGU%3D,,,,
https://www.myresidhome.com/chartres/residhome-chartres/apparthotel-residence-hoteliere.html,,,,
https://www.myresidhome.com/esch-sur-alzette/residhome-luxembourg-esch-belval/apparthotel-residence-hoteliere.html,,,,
https://www.myresidhome.com/neuilly-plaisance/residhome-neuilly-bords-de-marne/apparthotel-residence-hoteliere.html,,,,
https://www.myresidhome.com/toulouse/residhome-toulouse-tolosa/apparthotel-residence-hoteliere.html,,,,
https://apparthotellerocher.com/,,,,
https://apparts-hotel-camaret.fr/,,,,
http://art-vivre.ch/,,,,
https://www.audomainedescamelias.com/,,,,
http://www.bagatelle-hotel.com/,,,,
https://www.contact-hotel.com/hotel-france/6694/hotel-balzac-fougeres/,,,,
http://www.hotelezenn.fr/,,,,
https://hotel-basecamplodge-les2alpes.com/fr,,,,
https://www.bestwestern.fr/fr/hotel-Epagny-Metz-Tessy-Best-Western-Hotel-Kobalt-87111,,,,
http://www.sanbenedetto-hotel.com/,,,,
https://www.hotel-canet-plage.fr/,,,,
http://www.hotel-europeangleterre-macon.com/,,,,
http://hotelboustigue.com/,,,,
https://hotel2a.com/,,,,
https://lecloshuguerie.com/en/contact/,,,,
https://www.break-vierzon.com/,,,,
http://hotel-nevers-magdalena.brithotel.fr/?utm_source=gmb,,,,
http://www.lacannelia.com/,,,,
http://www.aurythmedarduinna.fr/,,,,
https://chambredhotesaufildeleaujumieges.top/,,,,
http://chambreshotes-sthubert.com.es/,,,,
http://pierrebriand29.pagesperso-orange.fr/,,,,
http://www.lalauze.net/,,,,
http://lechateaudechaumard.com/,,,,
https://paysdelaloire-mb-prestataire.for-system.com/f116657_fr-.aspx,,,,
https://lmourizat.wixsite.com//leden,,,,
http://hote-pivoine.fr/,,,,
http://www.chambre-hote-jaray-jaclo.fr/?utm_source=gmb,,,,
https://bb-lesautressens.be/,,,,
http://www.chambredhotedouai.com/,,,,
https://latourtouzac.wixsite.com/lasourcebleue,,,,
http://lesbainsdetrebas.com/,,,,
https://1001nuits-medoc.fr/,,,,
https://chateaudepreuil.fr/,,,,
http://www.au-deladesvignes.com/,,,,
http://chambreshotes-baclard.com.es/,,,,
https://www.chambres-hotes.fr/ch22318,,,,
https://mialovestotravel.com/chambres-d-hotes-domaine-d-augy-france,,,,
https://www.booking.com/hotel/fr/chambres-d-39-hotes-du-colvert.fr.html?aid=311089&label=chambres-d-39-hotes-du-colvert-aTRIXajhcCGc2ZszVNAGIAS626128952381%3Apl%3Ata%3Ap1%3Ap2%3Aac%3Aap%3Aneg%3Afi%3Atikwd-1637116854889%3Alp9109482%3Ali%3Adec%3Adm&sid=3830a6b99cbd39d27e33b32076a137bb&dest_id=-1427636&dest_type=city&dist=0&group_adults=2&group_children=0&hapos=1&hpos=1&no_rooms=1&req_adults=2&req_children=0&room1=A%2CA&sb_price_type=total&sr_order=popularity&srepoch=1733750100&srpvid=ab305d272ae70688&type=total&ucfs=1&,,,,
http://chambresdumoulin.e-monsite.com/,,,,
https://lacoloniale.traveleto.com/,,,,
https://www.chambres-relais-postal-royal.fr/,,,,
http://www.larialhe.com/,,,,
http://www.lagrandebaraque.com/,,,,
https://www.gites-de-france-morbihan.com/fiche-hebergement-56G5675.html?FICHE=O&DEP=56&NUM=56G5675&EXE=2021&INSTANCE=gites56&BAS=G,,,,
https://www.lechappeebelle.eu/,,,,
http://lespritduclain.com/,,,,
http://girondelle08.jimdo.com/,,,,
https://www.chambresdhotesloreedubois.fr/,,,,
http://www.maisonterrarosa.com/,,,,
https://closlapinsonniere.wordpress.com/,,,,
http://la-hautee-des-francs.com.es/,,,,
https://www.bnbcornec.com/,,,,
http://www.lasourcedenhaut.com/,,,,
http://www.sejourchateauflipper.com/,,,,
http://elparaisodeparis.com.es/,,,,
https://www.clos-desanges.fr/,,,,
https://www.booking.com/hotel/fr/confort-montgeron1.en.html?aid=1925921&no_rooms=1&group_adults=2,,,,
https://www.hotel-astrea-nevers.fr/,,,,
https://www.contact-hotel.com/hotel-france/6534/hotel-bio-motel-semoutiers.htm,,,,
https://www.hotel-tambourin.fr/,,,,
https://www.lerocher-valbonne.fr/,,,,
https://www.domainedelestuaire.com/,,,,
https://www.le-baraillot.fr/,,,,
https://domaineduprieure.fr/fr/accueil/,,,,
https://www.booking.com/hotel/fr/hotelf1-rouen-louviers-le-vaudreuil.fr.html?aid=2369661&label=msn-cmvrz2iIJvoSCIe32hC*fA-79989658705793:tikwd-79989834233190:loc-66:neo:mte:lp126687:dec:qsbooking&sid=456fe3594a9bf41b2076f54f106d0c07&all_sr_blocks=65718902_298218940_0_2_0&checkin=2025-07-31&checkout=2025-08-01&dest_id=657189&dest_type=hotel&dist=0&group_adults=2&group_children=0&hapos=1&highlighted_blocks=65718902_298218940_0_2_0&hpos=1&matching_block_id=65718902_298218940_0_2_0&no_rooms=1&req_adults=2&req_children=0&room1=A,,,,
https://epona-sens.fr/,,,,
http://www.europehotel58.com/,,,,
https://www.fasthotel.com/pays-de-la-loire/hotel-angers-ouest,,,,
https://www.fasthotel.com/languedoc-roussillon/hotel-montpellier-baillargues?utm_source=Google&utm_medium=Mybusiness&utm_campaign=GoogleMyBusiness,,,,
https://www.fasthotel.com/midi-pyrenees/hotel-avignonet-lauragais?utm_source=Google&utm_medium=Mybusiness&utm_campaign=GoogleMyBusiness,,,,
https://www.fasthotel.com/centre/hotel-tours-sud-chambray?utm_source=Google&utm_medium=Mybusiness&utm_campaign=GoogleMyBusiness,,,,
https://www.fourseasons.com/geneva/?utm_source=google&utm_medium=organicsearch&utm_campaign=tor-gen-hre-mid-seo-na&utm_content=na-na&utm_term=na,,,,
https://www.hebergements-vert-le-petit.fr/,,,,
http://www.leclarou.com/,,,,
http://www.golf-hotel-beaune.com/,,,,
https://grandhoteldelapostevienne.com/,,,,
http://grand-hotel-valloire.com/,,,,
https://all.accor.com/lien_externe.svlt?goto=fiche_hotel&code_hotel=7236&merchantid=seo-maps-FR-7236&sourceid=aw-cen&utm_medium=seo%20maps&utm_source=google%20Maps&utm_campaign=seo%20maps,,,,
http://www.lesendroits.ch/,,,,
https://www.greenfield-hardelot.com/,,,,
http://www.h2o-bnb.com/,,,,
http://www.hotelcromagnon.com/,,,,
http://www.hotel-akena-reims.fr/,,,,
https://www.marriott.com/en-us/hotels/svqlc-hotel-alfonso-xiii-a-luxury-collection-hotel-seville/overview/?scid=f2ae0541-1279-4f24-b197-a979c79310b0,,,,
https://hotelalthea.fr/,,,,
https://hotelathenaagde.top/,,,,
https://www.atmohotel-spa.com/,,,,
http://www.auboisvert.com/,,,,
http://www.hotel-restaurant-draguignan.fr/,,,,
http://www.hotelauvieuxmoulin.net/,,,,
http://www.hotel-le-conquet.fr/,,,,
http://www.hotel-du-marche.fr/,,,,
https://www.hotelbeausite.fr/,,,,
http://beausoleil-lavandou.com/,,,,
https://www.beausejour-vic.fr/,,,,
https://careclub360.com/bel-valen-h5zdvb,,,,
http://www.hotel-bellevue-bagnoles.com/,,,,
http://www.bellevue-pontaillac.com/,,,,
http://www.tavernebesson.com/,,,,
http://www.hotelduquercy.com/,,,,
https://www.hotelboisjoli.fr/,,,,
http://www.hotel-caladiloru.com/,,,,
https://evry-est-saint-germain-les-corbeil.campanile.com/fr-fr/?utm_content=partoo&utm_medium=seo-bgp&utm_source=google,,,,
http://canellabeachhotel.com/,,,,
http://www.carlton-madagascar.com/,,,,
https://hotelcentury.ch/,,,,
https://chaletroyal.ch/fr/,,,,
https://www.tilques.najeti.fr/fr/,,,,
http://www.etape-continental.com/,,,,
https://hotel-thonon.com/?utm_source=gmb,,,,
https://www.marriott.com/en-us/hotels/mplcy-courtyard-montpellier/overview/?scid=f2ae0541-1279-4f24-b197-a979c79310b0,,,,
http://www.hotel-d-artiste.fr/,,,,
https://www.hotel-angleterre-roscoff.fr/,,,,
https://hotel-de-berny.com/,,,,
https://www.hotel-de-bordeaux.com/,,,,
https://www.hoteldefrance-thann.com/,,,,
https://www.hoteldefrance-bergerac.com/,,,,
https://www.hoteldejouvence.fr/,,,,
https://www.hotel-ange.fr/,,,,
http://www.hotel-paimpol-bretagne.com/,,,,
https://www.hoteldelabannieredefrance.com/,,,,
https://www.hotel-beauronne.fr/,,,,
https://www.hotel-cite-st-malo-bretagne.com/,,,,
https://www.hoteldelagare.net/?utm_medium=referral&utm_source=gmb&utm_campaign=lnk-gmb,,,,
https://hotel-lagare.fr/,,,,
https://delagare.hotel-autun.fr/,,,,
https://hoteldelamervalras.com/,,,,
http://www.hoteldelamer-fr.com/,,,,
http://hotel-de-la-meuse.fr/,,,,
https://www.hoteldelapaixalbert.com/,,,,
http://www.golf-lasorelle.com/,,,,
https://naturellementluxe.com/fr/spa-privatif-prive/,,,,
https://www.deepnature.fr/dn_fr/disneyland-hotel-spa-by-clarins,,,,
https://www.spalasublime.com/,,,,
https://glowinserenity.fr/,,,,
http://sansae-spa.com/,,,,
http://www.delinstitutauspa.fr/,,,,
https://spa.accor.com/fr/hotels/6660?utm_source=google+Maps&utm_medium=seo+maps&utm_campaign=seo+maps,,,,
https://www.espacedessourceschaudes-lacaune.com/,,,,
https://www.sobienetre.com/,,,,
https://www.dsdetente95.fr/,,,,
https://www.secretplacespa.fr/,,,,
https://www.royal-spa.fr/,,,,
https://ospabienetre.experience-beaute.com/,,,,
https://spavillayucatan.fr/,,,,
http://www.beerspaparis.com/,,,,
http://mybellaspa50.booksy.com/a/,,,,
https://www.deepnature.fr/fr/spa-parc-du-coudray,,,,
https://www.lm-spa.fr/,,,,
https://angleo.com/,,,,
http://www.likespa.fr/,,,,
https://www.hotel-citeroyale.com/spa-loches/o-spa-en-touraine.php,,,,
https://www.balneo-forme.com/,,,,
https://www.domaine-locguenole.com/bien-etre-hotel-spa-bretagne/,,,,
http://www.villazen-spa.com/,,,,
http://www.wuspa.fr/,,,,
https://www.planity.com/domaine-le-mezo-56880-ploeren,,,,
https://www.domaineroiarthur.com/spa-nature-silvae/,,,,
https://www.sparoiarthur.com/,,,,
http://www.espritdetente.fr/,,,,
https://manonmassagesdumonde.fr/,,,,
https://www.planity.com/spa-des-iles-bruay-62700-bruay-la-buissiere,,,,
https://www.sparentheses.com/,,,,
https://www.planity.com/spa-oceane-62000-arras,,,,
https://www.planity.com/centre-aquatique-oceane-62400-bethune,,,,
https://www.lespadumoulin.fr/,,,,
https://www.spa-nature-et-sens.fr/,,,,
https://www.osparadis-maroilles.fr/,,,,
https://www.o-chambres-dhotes-nord.fr/fr/page/espace-bien-etre,,,,
http://www.xn--fildeleau-f7a.com/,,,,
http://www.eauzone-spa.com/,,,,
https://www.bleu-campagne.fr/,,,,
https://www.planity.com/brahma-spa-29000-quimper,,,,
https://benodet.relaisthalasso.com/,,,,
https://centrerenaitre.com/?utm_source=gmb,,,,
https://spa-avenue.fr/Saint-Quentin,,,,
https://www.spa-avenue.fr/amiens,,,,
https://www.le-spa-marinelys.fr/,,,,
https://loreeduspa.fr/,,,,
https://www.celesthena-bienetre.fr/,,,,
https://www.auberge-pays-retz.fr/fr/spa.html,,,,
http://www.spa-abellie.fr/,,,,
https://www.radissonhotels.com/fr-fr/hotels/radisson-relaismalmaison-paris/spa,,,,
https://www.waldorfastoriaversailles.fr/spa-fitness/spa-guerlain/,,,,
https://www.spaloreedesbois.com/?utm_source=gmb,,,,
https://lespritdessens.com/fr/?utm_source=gmb,,,,
https://www.lesbainsdecorot.com/,,,,
http://www.lagoa-spa.fr/,,,,
https://www.le-val-moret.com/o-val-spa-piscine-couverte-hotel-aube.html,,,,
https://www.domaine-foret-orient.com/spa-hotel-restaurant-spa-troyes-rouilly-sacey,,,,
http://www.spa-deauville.com/,,,,
https://www.algotherm.com/at_fr/spa-houlgate,,,,
https://latypiquespa.com/,,,,
http://spa-celinie.com/,,,,
https://www.planity.com/spa-celinie-08000-warcq,,,,
https://www.mateabienetre.fr/,,,,
http://belaora.fr/,,,,
https://www.reves-deau.fr/,,,,
http://laseduisante-spa.com/,,,,
https://www.centerparcs.fr/fr-fr/france/fp_LA_vacances-domaine-le-lac-d-ailette/spa-deep-nature?utm_source=google&utm_medium=Maps&utm_campaign=Maps_FR_Le_Lac_d_Ailette,,,,
https://www.deepnature.fr/dn_fr/center-parcs-domaine-du-lac-ailette,,,,
https://www.carrezen-spaprivatif.fr/,,,,
https://www.dblspaetbienetre.fr/,,,,
https://villaoccitana.com/le-spa/,,,,
https://www.le-lagon-spa.com/,,,,
https://www.babyisisspa.fr/,,,,
https://www.serenitebasque.com/,,,,
https://www.planity.com/le-talaia-hotel-spa-5-mondes-biarritz-64200,,,,
https://www.duneeteau.fr/,,,,
https://book.pure-informatique.com/Categories.php?locationID=51723&sid=dknsdg065hp2fme7spap1tj7pn,,,,
https://www.institut-bien-etre-et-beaute.com/contact/,,,,
http://www.uninstantauspa.com/,,,,
http://www.lespadesthermes.fr/,,,,
http://www.leparadisdubienetre.fr/,,,,
http://espacebienetre.lacharpiniere.com/,,,,
https://loireetsens.com/fr/spa.html,,,,
https://spa-avenue.fr/reims,,,,
https://linstitutdebeautespa.fr/,,,,
http://www.spa-ile-de-re.com/,,,,
https://www.paradisduspa.fr/,,,,
https://www.linstantspa.fr/,,,,
http://www.lessensduspa.com/,,,,
https://www.sandro-spa.com/fr/?utm_source=MyBusiness,,,,
https://maisonraphaelperrier.com/,,,,
https://domainedeladombes.com/activites/spa-espace-bien-etre/,,,,
https://www.spacoupole-hyeres.com/,,,,
https://www.spa-la-joie-de-vivre.com/,,,,
http://www.aphroditespa.fr/?utm_source=gmb,,,,
https://bormes.mona-spa.fr/,,,,
https://app.acuityscheduling.com/schedule/5ad0cc31,,,,
https://www.echapetvous.fr/,,,,
http://www.h85spa.fr/,,,,
https://www.spa-trieves.fr/,,,,
https://www.hotel-lacloche.fr/spa,,,,
http://www.le-prieure-des-sources.com/,,,,
https://sweetime-dijon.fr/,,,,
https://lecube-spa.com/,,,,
https://www.uninstantpour-soi.fr/,,,,
https://www.spa-saintlaurent.fr/,,,,
http://www.spaletempspresent.fr/,,,,
https://genas-plage.com/fr/,,,,
https://app.kiute.com/atlantic-hotel/home,,,,
http://www.lespabyvirginie.com/,,,,
https://www.aromes-bien-etre.fr/,,,,
https://lamaisonluma.fr/,,,,
http://www.kreauraspa.fr/,,,,
https://www.ideosens.fr/beauteoceane-lespa/,,,,
https://www.cinqmondes.com/pages/spa-cinq-mondes-paris,,,,
https://apaizonia.fr/,,,,
https://www.ledomainedeladimiere.fr/,,,,
http://www.spalelys.com/,,,,
http://www.harmoniedessens.fr/,,,,
https://widget.treatwell.fr/salon/463763/menu/,,,,
http://serenityspa-dijon.fr/,,,,
http://www.emanetsens.com/,,,,
http://www.eden-relax.fr/,,,,
https://www.romantiqueandspa.fr/,,,,
http://www.letempsdunspa.com/,,,,
http://www.bluespa-lens-lievin.com/,,,,
https://www.planity.com/spa-des-iles-lens-62300-vendin-le-vieil,,,,
https://www.ambispa.fr/,,,,
https://bonicaspa.fr/,,,,
https://www.spadamona.com/,,,,
https://www.planity.com/spa-escale-bien-etre-camping-sandaya-escale-saint-gilles-29950-benodet,,,,
https://www.balneospa45.fr/,,,,
https://www.evasion-spa.fr/,,,,
http://www.otempledelo.com/,,,,
https://acqs.com/la-boutique/,,,,
http://ornellabienetre.com/,,,,
https://www.chateauartigny.com/spa-en-touraine/,,,,
https://www.sources-hotels.com/valdeloire/spa/,,,,
https://relaisdechambord.com/spa-du-relais/?utm_source=google&utm_medium=organic&utm_campaign=gmb_profile&utm_content=website,,,,
https://fleurdeloire.com/fr/spa-sisley.html,,,,
http://www.neriades.com/,,,,
http://www.spaetsens.com/,,,,
https://www.planity.com/spa-de-la-palmyre-17570-les-mathes,,,,
http://www.naturelospa.fr/,,,,
https://www.larochelle-institut-spa.com/,,,,
https://www.sjesthetique-isabellelaurent.fr/r%C3%A9server,,,,
https://coquillade.fr/fr/spa-carte-formules.html,,,,
https://www.planity.com/espace-aoma-84800-lisle-sur-la-sorgue?utm_source=ig&utm_medium=social&utm_content=link_in_bio&fbclid=PAZnRzaATO6mVwZG9mAmV4dG4DYWVtAjExAHNydGMGYXBwX2lkDzEyNDAyNDU3NDI4NzQxNAABpx_UqtyR_IXkcAVmOeg0znj8oPCqcqQ3fuVhQa38t_kDjxvqawvegQQO5KAN_aem_uaJYf2hK500Y-S2curwM4g,,,,
https://headspabydounia.fr/,,,,
https://app.flexybeauty.com/spa-de-seze,,,,
https://www.planity.com/my-beauty-glow-33310-lormont,,,,
https://www.hotel-palais-gallien-bordeaux.com/spa-nuxe?_gl=1*1i8rafe*_up*MQ..&gclid=CjwKCAiAleOeBhBdEiwAfgmXf4FMTYn2hgN6iYe8lKeg4dAJhgpvRL-bJm2VLcjJT5AdP64XyNX4MxoCZ3kQAvD_BwE,,,,
https://www.kalendes.com/cocoonweb/#/welcome,,,,
http://www.spa-deslys.com/,,,,
http://www.villapompei.com/,,,,
http://www.balnea.fr/?utm_source=gmb,,,,
https://www.deepnature.fr/dn_fr/spa-landes-de-gascogne-center-parcs,,,,
https://www.spaetmassage.com/,,,,
http://labullespa.com/,,,,
http://www.infinimentspa.fr/,,,,
http://www.ospa72.fr/,,,,
https://www.planity.com/plaisir-des-sens-spa-prive-22300-lannion,,,,
https://www.spa-detente-paimpol.fr/,,,,
https://studiospa.fr/,,,,
https://e-vitrine.eikow.com/store/Spa-Senteurs-d-Argan,,,,
https://www.spaairline.fr/,,,,
https://www.spaterrehappy.fr/,,,,
https://spa.accor.com/fr/hotels/B803?utm_source=google+Maps&utm_medium=seo+maps&utm_campaign=seo+maps,,,,
https://www.spadoclaire.fr/,,,,
https://www.centerparcs.fr/fr-fr/france/fp_BD_vacances-domaine-le-bois-aux-daims/spa-deep-nature?utm_source=google&utm_medium=Maps&utm_campaign=Maps_FR_Le_Bois_aux_Daims,,,,
https://www.planity.com/opale-sens-86200-loudun,,,,
http://www.ibidem-spa.fr/,,,,
https://spaandskin.fr/,,,,
https://serenityspa.fr/,,,,
https://www.francinecoste.com/,,,,
https://ocomplexebienetre.fr/,,,,
https://headspadole.com/,,,,
https://alohaserenitys.com/,,,,
http://www.re-vitalise.net/,,,,
https://www.institut-esprit-zen.fr/,,,,
https://www.le-cocon-de-val.fr/,,,,
http://www.lattraperevemontbeliard.fr/,,,,
https://www.planity.com/rituels-bien-etre-57860-montois-la-montagne,,,,
https://www.planity.com/elle-aime-linstitut-anciennement-esthetic-center-lourdes-65100,,,,
https://www.lamaison-dubienetre-bearnaise.fr/,,,,
https://www.planity.com/hotel-bastide-de-lourmarin-luberon-84160,,,,
https://landings.sbc30.net/636bd3e87b0d822a8ed41f9c/HIPR8Bt3QfKZwEpnroCCZw/landing.html,,,,
https://www.beauvallon.com/cedre-beaune/spa,,,,
https://www.eaucause-headspa.fr/,,,,
https://www.cocooning-spa.com/,,,,
http://www.influencedorient.fr/,,,,
http://spaaddict.fr/spaaddict/nous-contacter,,,,
https://www.lesmainsdutemps.com/,,,,
https://massagesdulouvre.fr/,,,,
https://www.eminess-spa.fr/,,,,
https://rivagepiscine.fr/,,,,
http://www.spa-serenicimes.com/fr/accueil?utm_source=google&utm_medium=organic&utm_campaign=my_business,,,,
https://www.coeuracoeur-perinatal.fr/,,,,
http://www.lescabanesdelange.com/,,,,
https://www.leprestige-spa.fr/,,,,
http://www.lesbainsderoyan.com/,,,,
https://www.abelys.fr/,,,,
https://www.perla-di-mare.fr/camping-corse-prestations/spa-corse/,,,,
https://www.bainrussecorse.com/,,,,
http://www.mezencspa.com/,,,,
http://lespadesterrasses.com/,,,,
http://parenthese-bienetre.org/,,,,
https://lapetiteruche.net/,,,,
https://levasioneauspa-montdemarsan.fr/,,,,
https://www.corsespaservices.fr/,,,,
http://www.soheadspa.fr/book-online,,,,
https://www.spa-belleza.com/,,,,
http://vahiana-spa.com/,,,,
https://www.planity.com/maison-ora-69480-morance,,,,
http://www.les-naiades-rhone.fr/,,,,
https://spavillabelleplage.fr/,,,,
https://www.lesbainsdecleopatre.com/,,,,
https://rbe-clrhotels.aquao.fr/thalasso-spa-marin-la-grande-terrasse/,,,,
http://spa-sarthe.com/,,,,
https://www.grandsthermes-bourboule.com/offres-soins-bien-etre.html,,,,
https://roncemay.com/fr/spa.html,,,,
https://www.chateau-omiecourt.fr/spa-bien-etre,,,,
http://www.thermapolis.com/,,,,
https://centre-thermal.uriage.com/spa,,,,
https://www.citadineseurometropolestrasbourg.com/?gad_source=1&gad_campaignid=20732046922&gclid=CjwKCAjwpOfHBhAxEiwAm1SwEiqUvhomnZzEDKy_bi6eqBpyNgJi8MAVoxFInKMott7byqZlA72AWxoC068QAvD_BwE,,,,
https://www.deepnature.fr/dn_fr/spa-sofitel-lyon-bellecour,,,,
http://www.lyon-plage.com/,,,,
https://spa-et-chambre-dhotes-les-ecuries-de-la-chapelle.eatbu.com/?lang=fr,,,,
https://nancythermalresort.fr/,,,,
https://spannecy.fr/,,,,
https://app.kiute.com/spa-by-sothys---castel-maintenon/home?fbclid=PAZXh0bgNhZW0CMTEAAaZ8fZqDp_fRJ7f2pFpVt--IsO3r5jdHQ9UJmy7qNKOrznXFAJQs66ZytTM_aem_fxpfKt93YxOqwkNSU4BqPw,,,,
https://spa.accor.com/fr/hotels/B4D0,,,,
https://www.spa-o-des-lauzes.com/?utm_source=google&utm_medium=my-business&utm_campaign=google-my-business,,,,
https://www.pasteurspa.com/,,,,
https://www.hotelsbarriere.com/enghien-les-bains/le-grand-hotel/experiences/spa,,,,
https://korpussante.fr/,,,,
http://www.kineospa.com/,,,,
https://www.lescuresmarines.com/fr/,,,,
http://www.ohammam.fr/,,,,
https://www.kate-spa-institut-quimper.fr/?utm_source=gmb,,,,
https://www.rennesaquacenter.fr/,,,,
https://www.centre-sereniss.fr/,,,,
https://www.aquatonic.fr/paris,,,,
https://www.spadreamcastle.com/,,,,
http://www.thermes-brideslesbains.fr/spa-thermal,,,,
http://www.spaprivatifnancy.fr/,,,,
https://www.maisonduspa.fr/magasin-spa-nancy,,,,
http://www.vip-spa.fr/,,,,
https://www.bleubienetre.com/,,,,
http://spa.accor.com/,,,,
http://www.ovive-desalpes.com/,,,,
http://www.natureospa.fr/,,,,
https://www.lafontdesperes.com/spa-les-restanques-bandol,,,,
http://meshimushki.com/,,,,
http://www.spadelafontaine.fr/,,,,
http://www.spalabulledos.com/,,,,
https://www.chateaudelagauderie.com/soins-balneotherapie-spa/,,,,
http://www.lesthermesdusultan.com/,,,,
https://spa-merignac.com/,,,,
https://institut-kanji.fr/,,,,
https://www.voluptospa.fr/,,,,
https://www.algotherm.com/at_fr/spa-deauville-la-touques,,,,
https://www.swimmy.fr/u/5b60b6df-0290-4156-8acd-0e2c2ac88cc7,,,,
https://www.douceurdo.com/?utm_source=google&utm_medium=wix_google_business_profile&utm_campaign=11966437358688852534,,,,
http://lalauthiere.com/,,,,
https://book-widget.pure-informatique.com/Categories.php?locationID=54705&sid=3oq4jhc0toikhcpl4ujc2ju2l0#startConnexion,,,,
http://www.terre-blanche.com/,,,,
https://www.planity.com/spa-la-tour-collection-belfort-90000,,,,
http://www.lachrysalide.institute/,,,,
https://www.spaduclos.com/,,,,
http://www.spapom.com/,,,,
https://www.deepnature.fr/dn_fr/center-parcs-domaine-des-hauts-de-bruyeres.html,,,,
http://www.lamaisonducoquelicot.fr/,,,,
https://bulletropicale.fr/,,,,
https://all.accor.com/hotel/B5V9/index.en.shtml,,,,
https://www.cristalspa.fr/,,,,
https://maisoncalea.fr/,,,,
http://www.tanah-spa.fr/,,,,
http://spa-alsace.com/,,,,
https://www.domaine-hirtz.com/spa-nordique/,,,,
https://hoteldubollenberg.com/fr/spa.html,,,,
https://www.hotel-lerichebourg.com/fr/le-spa-bourgogne.html,,,,
https://www.domaine-dolomieu.com/hotel-spa-piscine-isere-rhone-alpes,,,,
http://zenetspa38.com/,,,,
https://www.planity.com/spa-saint-quentin-en-yvelines-78114-magny-les-hameaux,,,,
https://abnb.me/tceBxnf4OHb,,,,
http://www.spa-balneo-normandie.fr/,,,,
https://cabinet-dermexpert.fr/,,,,
https://www.flinea.com/,,,,
https://spa-la-zoologie.fr/,,,,
https://www.spacoraline.com/,,,,
https://www.les-alpes-toussuire.com/lespace-bien-etre/,,,,
https://www.odescimes.com/fr/spas/lalpaga-1036,,,,
https://www.landerneau.laparenthesespa.fr/,,,,
http://www.spa-des-ducs.fr/,,,,
http://www.lespa.org/,,,,
http://www.d1spas-saint-etienne.fr/specialiste-bien-etre-rhone-alpes-achat-spas-spa-de-nage/,,,,
https://www.obalia.fr/,,,,
https://www.bluelagoonspas.com/,,,,
http://rouen.zeinorientalspa.fr/,,,,
https://domainedeladous.fr/,,,,
http://www.gitesdesophie.fr/,,,,
https://thermospa.fr/,,,,
http://www.therma-novas.com/,,,,
http://www.thermes-sextius.com/,,,,
http://www.spacenter.fr/,,,,
https://www.miriaform.com/,,,,
http://www.voluptespa.com/,,,,
http://www.samsara-massages.com/,,,,
https://www.planity.com/best-western-amarys-hotel-spa-78120-rambouillet,,,,
https://www.ezenspa.fr/,,,,
https://www.spa-montriond.com/,,,,
https://settons-spa.com/,,,,
https://www.alpapart.fr/sky-spa/,,,,
https://www.spalequilibre.com/,,,,
https://www.kalendes.com/site/spa-happybeauty/welcome,,,,
http://www.spa-damarose.fr/,,,,
http://www.alevidence-cotezen.fr/,,,,
https://www.planity.com/spa-la-tour-collection-mulhouse-68200,,,,
https://spa-morzine-avoriaz.com/,,,,
https://www.deepnature.fr/dn_fr/spa-avoriaz-l-amara.html,,,,
http://www.ax-hotel.com/fr/excellence-spa-fr,,,,
https://www.peaudours.com/,,,,
https://www.thermes-allevard.com/thermes-spa/sejour-detente-spa,,,,
https://book.pure-informatique.com/?locationID=52808,,,,
https://www.palmspa.fr/?utm_source=gbp&utm_medium=organic&utm_campaign=google-business-profile&utm_content=website_button,,,,
https://onlinebooking.ikosoft.com/466692E14C0BB7348D7400083/FRA/Services/ChoosePackageOrServices?familyId=103&offerService=False,,,,
http://www.kokum.fr/,,,,
https://www.spa-parenthese-aix-les-bains.com/fr/?utm_source=google-business-profile,,,,
https://www.lesbainsdesalpes.com/,,,,
http://hammamoriental.com/,,,,
http://www.shopnostress.com/,,,,
https://cocooningetzen.com/,,,,
https://www.centreaquatiquearsenal.fr/spaarzana/,,,,
http://www.energymer.fr/,,,,
http://www.les-bains-dagnia.fr/,,,,
https://www.compagniedesspas.fr/contact,,,,
https://www.aquatonic.fr/nantes/,,,,
https://www.lecomptoirdusoin.com/,,,,
http://www.terranga-salonzen.fr/,,,,
https://www.latitude-spa.fr/,,,,
http://www.spaoccitan.fr/,,,,
http://opalynne.fr/,,,,
http://www.terrediris.com/,,,,
http://escalecocooning.fr/,,,,
https://www.booking.com/Share-NWUSTbJ,,,,
http://thespabyhiltonevianlesbains.com/,,,,
http://app.kiute.com/le-cocoon-spa,,,,
https://www.ospa-zen.com/?utm_source=google&utm_medium=wix_google_business_profile&utm_campaign=6931349011708913570,,,,
https://www.spa-ahimsa.fr/,,,,
https://www.algotherm.com/at_fr/dermo-ocean-spa-nice,,,,
https://n-le-spa.com/,,,,
https://www.institut-beaute-nice.com/,,,,
https://www.anantara.com/fr/plaza-nice/spa,,,,
https://all.accor.com/hotel/A9P3/index.fr.shtml,,,,
https://infini-spa.fr/,,,,
https://www.maison-albar-hotels-l-imperator.com/fr/page/imperator-codage-spa-luxe-nimes.28582.html,,,,
https://loftbodyconcept.com/,,,,
http://nordicexperience.fr/?utm_source=gmb,,,,
https://zeyna-spa.fr/,,,,
https://spa.accor.com/fr/hotels/7326?utm_source=google+Maps&utm_medium=seo+maps&utm_campaign=seo+maps,,,,
https://www.planity.com/spa-reve-sens-94300-vincennes,,,,
https://clubsaintpaulparis.fr/,,,,
https://nuxe-spa.com/spa-carte-des-soins,,,,
http://www.charmedorient.fr/,,,,
https://www.maison-albar-hotels-le-pont-neuf.com/fr/page/spa-cinq-mondes.2490.html,,,,
https://hammamharimsultan.com/,,,,
http://www.thalasso.com/,,,,
https://iwana.fr/partenaires/pros/nouans-les-fontaines-les-portes-de-beauval,,,,
https://www.zoobeauval.com/dormir-a-beauval/spa-soins?utm_source=google&utm_medium=organic&utm_campaign=gmb&utm_content=zooparc,,,,
https://villa-castellane.fr/le-spa/,,,,
https://www.planity.com/osparadis-mb-institut-02300-chauny,,,,
https://www.hotelsbarriere.com/la-baule/l-hermitage/experiences/spa,,,,
https://www.spalemaubreuil.com/fr/,,,,
https://www.odivinspa.fr/,,,,
http://www.centre-yina-yanga.com/,,,,
https://rbe-clrhotels.aquao.fr/spa-nuxe-la-grande-terrasse/,,,,
http://www.bainsblues.fr/,,,,
https://www.auberge-de-l-ill.com/fr/spa.html?utm_source=MyBusiness&utm_medium=Spa,,,,
http://espacebienetredarocha.fr/,,,,
http://www.lsa-institut.fr/,,,,
https://laperladebelleza.fr/,,,,
https://artduspaorleans.fr/,,,,
https://app.kiute.com/spa-les-roches-noires/home,,,,
https://www.planity.com/spa-payot-les-cimes-orcieres-05170,,,,
http://orelle.net/,,,,
https://be-spa.fr/,,,,
https://www.planity.com/camy-head-spa-co-40300-orist,,,,
https://empreinte-hotel.com/fr/spa.html,,,,
https://www.maisonduspa.fr/,,,,
http://terraspa.fr/,,,,
http://www.jasminespa.fr/,,,,
https://www.alpinspa.fr/fr/,,,,
https://spaluminel.fr/,,,,
https://hotel-mendi-alde.fr/rendez-vous/,,,,
http://www.lejardindesbains.com/,,,,
https://www.lorestmabeaute.com/,,,,
https://www.aquatonic.fr/rennes/,,,,
https://www.lespabylefief.com/,,,,
https://www.planity.com/la-bulle-de-bien-etre-22500-paimpol,,,,
https://spa-broceliande.fr/,,,,
https://www.hotel-miura.com/massage-et-soins-hotel-miura-1375,,,,
http://www.mon-spa.com/,,,,
https://interbatspa.fr/,,,,
https://www.escapade-bienetre-40.fr/,,,,
https://www.zonezenspa.fr/,,,,
https://www.chevalblanc.com/fr/maison/paris/spa-et-piscine/spa-dior/,,,,
https://www.maison-albar-hotels-le-vendome.com/fr/page/hotel-spa-paris-luxe.22879.html,,,,
http://www.lespajadore.fr/,,,,
https://www.bainsdumarais.fr/,,,,
https://www.mandarinoriental.com/en/paris/place-vendome/wellness/the-spa?src=loc.local-listings.mopar.ggl,,,,
https://www.spa-luxury-paris.fr/,,,,
https://www.cinqmondes.com/pages/spa-cinq-mondes-samaritaine,,,,
https://www.oetkerhotels.com/hotels/le-bristol-paris/wellness/?utm_source=google&utm_medium=organic&utm_campaign=google_local_le_bristol_spa,,,,
https://www.planity.com/spa-28-le-prince-regent-spa-75006-paris,,,,
https://www.fourseasons.com/paris/spa/?utm_source=google&utm_medium=organicsearch&utm_campaign=tor-par-spa-mid-seo-na&utm_content=na-na&utm_term=na,,,,
https://www.hotelsbarriere.com/collection-fouquet-s/paris/experiences/spa,,,,
https://mgallery.accor.com/fr/hotels/A064/wellness.html,,,,
https://www.sensation-spa.com/,,,,
https://www.jardinsdufaubourg.com/fr/spa.html,,,,
https://www.codageparis.com/fr/pages/maison-codage-so-paris-1,,,,
https://monmassagespa.com/,,,,
http://www.spaluxedorient.com/,,,,
http://www.shangri-la.com/paris/shangrila/health-leisure/chi-the-spa/,,,,
https://www.spaphytomer.com/spa-trocadero.php,,,,
https://le-prieure-des-sources.com/,,,,
https://spa.accor.com/fr/hotels/2192?utm_source=google+Maps&utm_medium=seo+maps&utm_campaign=seo+maps,,,,
https://souslarbredevie.com/,,,,
https://www.phydrolec-spa.fr/,,,,
https://chateaudemaillat.simplybook.it/,,,,
https://www.cinqmondes.com/fr/spa-cinq-mondes-lyon.html,,,,
https://manoirdeleveche.fr/fr/spa.html,,,,
http://www.fishspaenauge.fr/,,,,
https://www.biospa-esthetique.fr/,,,,
http://www.thalasso-rivage.com/,,,,
https://www.endlesspools.fr/,,,,
https://www.hotspring.fr/,,,,
http://bainetsauna.com/,,,,
https://www.thalasso.com/destination/pornichet-baie-de-la-baule#sectionArea,,,,
https://www.planity.com/esprit-dorient-11100-narbonne,,,,
https://www.hammamdikouca.com/,,,,
https://instantcocoon.bookinbeautiful.fr/,,,,
https://www.prestige-amiens-kyriad-hotel.fr/obody,,,,
https://www.thalasso.com/destination/douarnenez#sectionArea,,,,
https://domaine-des-dryades.com/bien-etre-et-spa-val-de-loire/,,,,
https://www.hotelsbarriere.com/la-baule/experiences/ora-longevity,,,,
https://spa-zenko.fr/,,,,
https://acqua-sana.fr/,,,,
https://book.pure-informatique.com/Categories.php?locationID=54849&sid=ddctrgu4dglceiauvoi1829opo#,,,,
https://appartement-hotel-perigueux.fr/espace-bien-etre-a-perigueux/,,,,
http://www.auxvieuxremparts.com/fr/detente-et-spa.php#situation-et-plan-d-acces.php,,,,
https://spa-bewell.com/,,,,
https://www.planity.com/spa-fleur-de-sel-guidel-56520,,,,
http://www.lda-spa.fr/,,,,
https://toulouse.caliceo.com/,,,,
https://mel-lys-spa.fr/,,,,
https://bella-spa.fr/,,,,
https://www.secretspalille.fr/,,,,
https://ledomainedesdiamants.fr/le-lux/,,,,
https://www.hotspringsainttrop.fr/,,,,
https://bookings.zenchef.com/results?rid=376008&pid=1001&isPreview=1,,,,
https://www.chevalblanc.com/fr/maison/st-tropez/spa-et-piscine/?y_source=1_MTkzOTcyOTYtNzE1LWxvY2F0aW9uLndlYnNpdGU%3D,,,,
https://www.lareserve-ramatuelle.com/spa-proche-saint-tropez/?utm_source=google&utm_medium=local&utm_campaign=lrr-spa,,,,
http://www.spa-lesouffledeleau.fr/,,,,
http://www.centralhotelbort.fr/,,,,
https://www.spa-manche.com/,,,,
https://www.planity.com/spa-du-grand-luxembourg-14400-bayeux,,,,
https://nam12.safelinks.protection.outlook.com/?url=https%3A%2F%2Fwww.lebaillidesuffren.com%2Fespace-bien-etre-institut-esthederm%2F&amp	data=05%7C01%7C%7C408481607450442cdb6e08da7f67a619%7C84df9e7fe9f640afb435aaaaaaaaaaaa%7C1%7C0%7C637962380384418219%7CUnknown%7CTWFpbGZsb3d8eyJWIjoiMC4wLjAwMDAiLCJQIjoiV2luMzIiLCJBTiI6Ik1haWwiLCJXVCI6Mn0%3D%7C3000%7C%7C%7C&amp	sdata=rSalripFyl3t70aZId8r4fGq9BqbT8TpOV0GTcXk8Fw%3D&amp	reserved=0,,,,
https://www.planity.com/plenitude-head-spa-by-sonia-35600-redon,,,,
https://www.spa-connect.fr/,,,,
https://www.hotelsbarriere.com/ribeauville/resort-barriere-ribeauville/experiences/le-centre-balneo,,,,
http://www.belleduperche.com/,,,,
https://spa.accor.com/fr/hotels/7383?utm_source=google+Maps&utm_medium=seo+maps&utm_campaign=seo+maps,,,,
https://gervais.podia.com/,,,,
http://www.leprieuredessources.com/,,,,
https://www.hotelsbarriere.com/dinard/le-grand-hotel-dinard/experiences/spa,,,,
http://www.spa-groupelespadon.com/,,,,
https://lacledubonheur.co/,,,,
https://www.pauseospa.com/,,,,
https://www.planity.com/spa-honfleur-antares-14600-la-riviere-saint-sauveur,,,,
https://www.summerspa.fr/,,,,
http://institut-turquoise.fr/,,,,
https://vanessahomeserenity.fr/,,,,
https://www.planity.com/village-club-mileade-de-roquebrune-sur-argens-83520,,,,
http://spa-ledomebleu.fr/,,,,
https://www.thalasso.com/destination/roscoff#sectionArea,,,,
https://opulsion.fr/,,,,
https://www.artduspa.com/?utm_source=referal&utm_medium=solocal,,,,
http://www.odescimes.com/fr/spas/le-lodge-hemera-1026,,,,
https://www.planity.com/hotel-spa-jeanne-et-jules-22110-rostrenen,,,,
http://www.taeliaspa.com/,,,,
http://www.institut-aquavital.fr/,,,,
https://shop.tac.eu.com/HyattPlaceRouenDolzr/shop/,,,,
http://www.oplaisirduspa.fr/,,,,
https://www.spa-center-lille.fr/,,,,
https://www.spacium-lille.fr/,,,,
https://escapade-spa-beaute.fr/,,,,
http://www.espace-do.fr/,,,,
https://lorchideelimeil.wixsite.com/spa94,,,,
http://www.isatislespa.com/,,,,
http://sens-naturels.com/,,,,
https://www.mr-spas.fr/,,,,
https://instantspa.org/,,,,
https://www.relaxeo-spa86.com/,,,,
https://www.mercure-axlesthermes.com/se-relaxer-hotel-spa-ax-les-thermes/,,,,
https://bhavanaspa33.kalendes.com/,,,,
https://nolabeaute.fr/,,,,
https://grosnoyer.com/,,,,
https://lespamarin.kalendes.com/?utm_source=gmb,,,,
https://www.eliospa.fr/spas/eliospa-mallemort/,,,,
http://www.d1spas.fr/revendeur/achat-spas-berion-freres-besancon/,,,,
http://www.berion.fr/,,,,
https://www.ermitage-oasis.fr/le-spa/,,,,
https://www.couventdesminimes-hotelspa.com/fr/spa-loccitane.html,,,,
http://www.sensharmonie.com/,,,,
https://www.mgm-hotels-residences.com/fr/spa-montagnes-du-monder-hameau-de-lours,,,,
http://www.cristalspa.fr/,,,,
https://www.concept-spa.com/,,,,
https://cosyspacompiegne.fr/,,,,
https://www.planity.com/taim-hotel-spa-60280-margny-les-compiegne,,,,
https://www.planity.com/kyo-head-spa-59520-marquette-lez-lille,,,,
https://www.sundance-spas.fr/?utm_source=gmb,,,,
http://www.spas-wellness.com/?utm_source=gmb,,,,
https://www.bulle-des-sables.com/,,,,
https://www.deepnature.fr/dn_fr/spa-clarins-marseille.html,,,,
https://www.planity.com/spa-sofitel-spa-marseille-13007,,,,
http://www.spalabonneadresse.com/,,,,
https://www.spa-negresko.fr/,,,,
http://www.lessourcesdallauch.fr/,,,,
http://spalenorvegien.fr/,,,,
https://fr.caudalie.com/les-sources-de-caudalie,,,,
https://www.latourauxcrabes.com/spa-dieppe/phytomer-5-mondes-normandie,,,,
https://www.spalemagnolia.com/,,,,
https://www.horizon-resort.com/fr/spa-zephyr.html?utm_source=Google&utm_medium=My+Business,,,,
http://headspabyln.booksy.com/a/,,,,
https://www.hotelm-merignac.com/fr/spa.html,,,,
https://benestar-spa.fr/,,,,
https://piscine-bleutropical.com/?utm_source=google&utm_medium=organic&utm_campaign=gbp,,,,
https://www.baumaniere.com/le-spa,,,,
https://www.fourseasons.com/megeve/spa/?utm_source=google&utm_medium=organicsearch&utm_campaign=tor-mve-spa-mid-seo-na&utm_content=na-na&utm_term=na,,,,
http://physiospa.fr/,,,,
https://www.lesoleildor-megeve.com/fr/espace-bien-etre/?utm_source=google&utm_medium=seo&utm_campaign=gmbghsospa,,,,
https://www.planity.com/nel-art-spa-35520-melesse,,,,
http://www.sejour-gite-peche.fr/index.php/spa,,,,
http://www.pacificspa.fr/,,,,
https://www.enjoy-spas.com/,,,,
https://www.lesbainsdebernay.com/lacanopeedesbains/,,,,
https://www.planity.com/hotel-lorangeraie-de-menton-06500,,,,
https://mixsartcontact.wixsite.com/monsite/le-loft-spa,,,,
https://www.mas-de-la-senancole.com/fr/hotel-spa-gordes.html,,,,
https://www.europehotel.fr/fr/spa-la-canopee.html?utm_source=MyBusiness&utm_medium=Spa,,,,
https://www.planity.com/au-site-normand-spa-massage-jacuzzi-sauna-14570-clecy,,,,
https://lespademontfort.wixsite.com/website,,,,
https://spaprivateluxury.fr/,,,,
http://bellonaspa.wordpress.com/,,,,
https://spa-annecy.com/,,,,
http://www.espritcosy.fr/?utm_source=google&utm_medium=wix_google_business_profile&utm_campaign=5202490262074780622,,,,
https://www.cocoon-spa.fr/,,,,
https://www.institut-thalasso-spa.com/,,,,
http://www.hammam-lecleopatre.fr/,,,,
https://www.planity.com/chez-alex-47210-saint-etienne-de-villereal,,,,
https://spa-les-bains-romains.web.app/,,,,
https://www.capoxygene.com/,,,,
http://www.latitude-spa.fr/,,,,
https://www.hotel-villa-saint-antoine.com/spa-clisson-pres-de-nantes/,,,,
http://www.millesime-spa.fr/,,,,
http://www.hotel-spa-beausite.fr/,,,,
https://www.camping-guyonniere.com/le-parc-aquatique/#pt2sec1,,,,
https://www.lesspasinsolites.com/,,,,
http://www.tao-day-spa.fr/,,,,
https://www.maisondessilenes.com/,,,,
https://www.kalendes.com/site/lamaisondubienetrespa/welcome,,,,
https://www.planity.com/lasc-o-spa-24290-montignac,,,,
http://www.lilesaintlu.com/,,,,
https://www.planity.com/spa-institut-de-lor-blanc-best-western-hotel-de-la-cite-guerande-44350,,,,
https://www.vitalparc.com/fr/spa-lacanau.html,,,,
https://massage.ivof.com/hammam-le-bien-etre-a-valence/,,,,
https://www.hotel-labaronnie.com/spa-saint-martin-re/,,,,
https://www.planity.com/le-m-lacademie-du-mouvement-94210-saint-maur-des-fosses,,,,
http://alasource94.fr/,,,,
https://www.lavillaspa.fr/,,,,
https://www.spa-unmomentpoursoi.fr/,,,,
https://www.hotelhemen.com/00DATA/themes/hemen/soins/menu-soins-web.pdf,,,,
http://www.aquavenus.fr/,,,,
http://lebambou-spa.fr/,,,,
http://www.relaxsantes.fr/,,,,
https://jiyu-institut.fr/headspa-massage-drainagelymphatique,,,,
http://www.amazen-spa.fr/,,,,
https://www.chateaulamarquise.com/,,,,
https://www.homes-spas.fr/,,,,
https://rituel-holisticwellbeing.com/,,,,
https://www.odouceurdebebe.com/,,,,
http://pierredelune-sceaux.fr/,,,,
http://oosteo.com/osteopathe-schirmeck-67130-osteopathie-1681,,,,
https://www.siehr-bienetre.fr/,,,,
https://sedan-spa.fr/,,,,
http://www.norraspa.fr/,,,,
https://www.deepnature.fr/dn_fr/spa-arc-1950-les-sources-de-marie.html,,,,
https://www.lodesoibeautyspa.fr/,,,,
https://senas.irisetwillyspa.com/,,,,
https://spa-sud.com/,,,,
https://www.vannes.laparenthesespa.fr/,,,,
https://olesbains.com/,,,,
https://www.lutopispa.fr/,,,,
https://www.wellnessfamily.fr/,,,,
http://aix-marseille.vitalspa.fr/,,,,
https://www.planity.com/espace-massage-34410-serignan-plage,,,,
https://www.planity.com/le-spa-saint-pierre-34350-valras-plage,,,,
http://www.ideosens.fr/borneo-spa/,,,,
https://www.aqua-center.fr/,,,,
https://www.deepnature.fr/dn_fr/spa-chamonix-le-refuge-des-aiglons,,,,
https://www.deepnature.fr/dn_fr/spa-hotel-mont-blanc,,,,
https://www.institut-bellezza.fr/,,,,
https://www.opale-institut.com/,,,,
https://ghsplage.com/spa-nuxe-2/,,,,
https://spaodesoleil.com/?utm_source=gmb,,,,
https://rdvenligne.dylentab.fr/0323795303/,,,,
http://www.inatha-espacebienetre.fr/,,,,
http://www.vanillaspa.fr/,,,,
http://www.hotel-spa-en-normandie.com/,,,,
https://www.domainereinemargot.com/spa/,,,,
https://www.planity.com/spa-nuxe-des-demeures-de-varennes-91480-varennes-jarcy,,,,
https://yoannaheadspa.fr/,,,,
http://www.lespalamoutonne.com/,,,,
https://juvignac.zenitude-relais-spa.com/fr/spa,,,,
http://sparadisiaque.fr/,,,,
https://www.planity.com/privazen-59240-dunkerque,,,,
https://www.eauzone-spa.com/,,,,
https://spaleternel.fr/,,,,
http://www.laparenthese59114.fr/,,,,
http://www.linstantmagique.fr/,,,,
https://www.kemiri-spa.com/,,,,
https://enfantsdofee.kalendes.com/,,,,
https://www.planity.com/nomayana-13150-tarascon,,,,
http://www.archeli.fr/,,,,
https://spadubassin.fr/,,,,
https://tangara-spa.fr/,,,,
http://laetispa.fr/,,,,
https://www.physiospafrance.com/,,,,
https://chateau-de-theoule.com/fr/page/spa.29065.html,,,,
https://tiara-miramar-beach-resort.com/,,,,
https://jeflotte.com/,,,,
http://ouestdetente.com/,,,,
https://www.lesecretdesfilles.fr/,,,,
https://etincelles.com/,,,,
http://www.odescimes.com/fr/spas/le-telemark-1016,,,,
https://campanules.com/spa/,,,,
http://www.odescimes.com/fr/spas/le-kalinda-5,,,,
https://book.pure-informatique.com/Categories.php?locationID=52216,,,,
https://www.calyspa.com/,,,,
http://www.espace-evasion.net/?utm_source=gmb,,,,
https://enjoyspa.fr/,,,,
https://www.leklube.com/boutique/,,,,
https://www.nuitssalines.com/spa-eclae,,,,
http://spaeclae.com/,,,,
https://www.deepnature.fr/dn_fr/bains-et-spa-la-plagne,,,,
https://www.spaodyssee.com/,,,,
https://rdvenligne.dylentab.fr/institut/une-parenth-aiz-85190-aizenay-33251347810/,,,,
http://www.hotspring85.fr/,,,,
http://www.lespa-ajaccio.com/,,,,
http://www.carredesoi.com/,,,,
https://mgallery.accor.com/fr/hotels/1282/wellness/wellness-spa.html,,,,
https://www.spa-prairies.com/fr/Nous-contacter,,,,
https://www.spa-prairies.com/,,,,
http://www.spa-sauna-normandie.fr/,,,,
https://spa.center.ivof.com/california-love-spa/,,,,
https://www.maisonduspa.fr/magasin-spa-metz,,,,
http://www.cristal-des-alpes.fr/,,,,
http://www.odescimes.com/fr/spas/le-hameau-du-beaufortain-1014,,,,
https://babyo-spa.fr/,,,,
https://sunandspa.fr/,,,,
https://www.planity.com/la-source-62110-henin-beaumont,,,,
https://spa-melysiane.fr/,,,,
https://www.leden-spa-aqua-forme.fr/,,,,
http://www.biotyzen.fr/,,,,
http://www.monbania.fr/,,,,
http://www.sundance-spas.fr/,,,,
https://www.spasdefrance.fr/,,,,
http://www.odescimes.com/fr/spas/le-cristal-de-lalpe-1024,,,,
https://www.hotelgrandesrousses.com/fr/spa-d-ete.html,,,,
https://chamoisdor-alpedhuez.com/spa/,,,,
https://spa.accor.com/fr/hotels/1559?utm_source=google+Maps&utm_medium=seo+maps&utm_campaign=seo+maps,,,,
https://www.planity.com/les-hautes-mers-hotel-spa-fontenille-collection-85350-lile-dyeu,,,,
http://aujardindeflo.fr/,,,,
https://spa.accor.com/fr/hotels/B853,,,,
https://cotepiscines.fr/vente-installation-spa-sauna-hammam.html,,,,
https://www.lesspasduparc.com/fr,,,,
http://www.spayzeronevasion.fr/,,,,
https://spa-lenido.fr/,,,,
https://www.planity.com/linstant-douceur-34830-jacou,,,,
http://www.ainstantpoursoi.com/,,,,
http://dorevaspa.fr/,,,,
http://massage-thai-91.fr/,,,,
https://mabullebienetre-ardeche.fr/fr/,,,,
https://laroute69.fr/,,,,
https://www.deepnature.fr/dn_fr/spa-les-carroz-les-fermes-du-soleil,,,,
https://www.planity.com/kimmea-institut-30390-aramon,,,,
https://nuitospa.fr/,,,,
https://www.kalendes.com/site/maison-lecrin/welcome,,,,
http://www.anamae-spa.fr/,,,,
https://www.deepnature.fr/dn_fr/center-parcs-domaine-des-bois-francs.html,,,,
https://www.centerparcs.fr/fr-fr/france/fp_BF_vacances-domaine-les-bois-francs/spa-deep-nature?utm_source=google&utm_medium=Maps&utm_campaign=Maps_FR_Les_Bois_Francs,,,,
http://www.spa-alina.com/,,,,
http://www.spa-ozorigines.fr/,,,,
https://www.hotel-spa-fairway.com/hotel-spa-arras/spa-5-mondes-pas-de-calais.php,,,,
https://www.ospaarras.fr/,,,,
https://www.institut-laur-spa-dossau.fr/,,,,
https://www.mandarinoriental.com/en/paris/lutetia/wellness/the-spa,,,,
https://spa.center.ivof.com/ls-spa/,,,,
https://quietude-lieudebienetre.fr/,,,,
http://www.corailspa.com/,,,,
https://www.planity.com/la-bulle-spa-23200-aubusson,,,,
https://www.ledomainedecurgies.fr/,,,,
https://spa-valenciennes.rosemma.group/,,,,
https://www.vaux.azoya-spa.com/,,,,
https://www.mgm-hotels-residences.com/fr/spa-montagnes-du-monder-anitea,,,,
https://www.mgm-hotels-residences.com/fr/spa-montagnes-du-monder-residence-akoya,,,,
http://www.odescimes.com/fr/spas/la-grange-aux-fees-1032,,,,
http://www.novaspa-avignon.com/,,,,
https://spa.accor.com/fr/hotels/B6F6?utm_source=google+Maps&utm_medium=seo+maps&utm_campaign=seo+maps,,,,
https://www.planity.com/head-spa-sens-77210-avon,,,,
https://www.briqueteriechampagne.com/bienetre,,,,
https://www.histoire-do.net/,,,,
http://www.oxygeneattitude.com/,,,,
http://www.salsabil.fr/,,,,
https://www.planity.com/village-club-mileade-noirmoutier-85630-barbatre,,,,
https://www.be-spa.fr/,,,,
https://spa.accor.com/fr/hotels/8770?utm_source=google+Maps&utm_medium=seo+maps&utm_campaign=seo+maps,,,,
https://www.planity.com/spa-ozen-spa-soins-43120-monistrol-sur-loire,,,,
https://spa-boisdamour.fr/,,,,
https://bullesdereves90.com/,,,,
http://www.bullesdereves90.com/,,,,
https://www.planity.com/institut-de-beaute-les-alizes-33360-latresne,,,,
https://www.planity.com/spa-du-moulin-vert-61560-bazoches-sur-hoene,,,,
http://www.omainsdefey.fr/,,,,
http://www.spa-home.fr/,,,,
http://www.lesbainsdor.fr/,,,,
http://www.spa-eveildessens.com/,,,,
https://www.lesmassagesanmo.fr/,,,,
https://larboressence.com/,,,,
https://www.hotelsbarriere.com/deauville/le-royal-deauville/experiences/spa,,,,
http://www.voyageospa-34.com/,,,,
https://www.spa-chatel.com/,,,,
http://www.spa-ecole-fournier.com/,,,,
http://www.bodhispa.fr/,,,,
https://orchideaspa.com/,,,,
https://spa-lamarotine.fr/,,,,
https://www.spa-academy-nathacia.com/,,,,
http://bedinaspa.com/,,,,
https://spaplenitude.fr/,,,,
http://www.enterrement-vie-jeune-fille-provence.org/,,,,
https://www.lemasdesoules.eu/fr/spa-uzes/,,,,
http://doretdespa.com/,,,,
https://www.camping-la-rochelle-alacorniche.com/camping-spa-jacuzzi-la-rochelle,,,,
https://www.lekaila.com/en/ski-shop-meribel,,,,
https://www.deepnature.fr/dn_fr/spa-les-granges-d-en-haut,,,,
http://www.spa-bellecote.fr/,,,,
https://www.tourisme-montsetlacsenhautlanguedoc.com/a-voir-a-faire/le-bien-etre/,,,,
https://www.planity.com/head-spa-studio-33000-bordeaux,,,,
http://www.odescimes.com/fr/spas/les-granges-du-soleil-1010,,,,
https://www.odescimes.com/fr/spas/white-pearl-lodge-spa-1037,,,,
https://www.mgm-hotels-residences.com/fr/spa-montagnes-du-monder-manaka,,,,
https://spa.accor.com/fr/hotels/2049?utm_source=google+Maps&utm_medium=seo+maps&utm_campaign=seo+maps,,,,
http://www.bbzenspa.com/,,,,
https://panathaispa.fr/fr/,,,,
https://kryosphere.fr/,,,,
https://www.bestwestern-hotel-crystal.com/fr/crystal-spa.html,,,,
https://www.kalendes.com/platform/booking/atelierdessens,,,,
https://www.villagallici.com/fr/,,,,
https://www.adelphia.fr/bien-etre-et-spa/massages-et-soins/,,,,
https://www.villamarlioz.fr/contact/,,,,
http://www.balneodulioran.fr/,,,,
http://www.le-spa-toulouse.com/?utm_source=gmb,,,,
http://albaoria-headspa.booksy.com/a/,,,,
https://drive.google.com/file/d/1GTp2yfoLOGyf3pOAvtUGDXV7UnOkcabb/view?usp=sharing,,,,
http://www.sundancespas-ales.fr/,,,,
https://planity.com/la-pause-hygge-30100-ales,,,,
http://espace-zen-attitude.com/,,,,
http://aqualady.fr/,,,,
https://spapro.fr/,,,,
https://www.lmaquabienetre.fr/?utm_source=gmb,,,,
https://chalets-vdevaujany.fr/Fiches/Carte-soins-SPA-La-Perle-FR.pdf,,,,
https://institut-untempspourl.fr/,,,,
https://letempledaurora.fr/,,,,
https://antre2o.fr/,,,,
https://spas-wellis.com/?utm_source=google&utm_medium=wix_google_business_profile&utm_campaign=14604787299232266458,,,,
https://www.deepnature.fr/dn_fr/spa-meribel-hevana,,,,
https://www.lecoucoumeribel.com/fr/bien-etre,,,,
https://www.hoteldelacite.com/se-relaxer-hotel-carcassonne-piscine/spa-carcassonne/,,,,
https://www.eliospa.fr/spas/eliospa-carcassonne/,,,,
http://www.europe-spa.fr/,,,,
http://spa-amneville.fr/,,,,
https://www.pierreetvacances.com/fr-fr/vacances-spa-thalasso_om?facet[country_region][]=&facet[destination][]=38&facet[date]=&facet[date_end]=&facet[participantsPv][adult]=2&facet[participantsPv][child]=0&facet[participantsPv][baby]=0&sort=result_popularity&order=desc&pricing=&sortDefault=1&nb=&search_type=&counter_proposal_active=1&only_residence=&form_marker=om&isMapOpen=0&preview=?utm_source=google&utm_medium=Maps&utm_campaign=Maps_FR_Port_Guillaume,,,,
http://www.andirobaspa.fr/,,,,
https://www.crpce.com/clinique-esthetique-tours?utm_source=gmb&utm_medium=organic&utm_campaign=local_listing,,,,
https://www.hotelsbarriere.com/deauville/le-normandy/experiences/spa,,,,
http://www.lesparadisamiens.fr/,,,,
https://www.parenthese-detente-amiens.fr/,,,,
https://spa-lotetgaronne.fr/,,,,
https://hotel-parc-beaumont.secretbox.fr/,,,,
https://www.ledomainedelagneau.fr/fr/espace-relaxation,,,,
https://www.headspa-lehavre.fr/,,,,
https://natanelie.simplybook.it/,,,,
http://www.voyagedesmondeshonfleur.com/?utm_source=gmb,,,,
http://www.balneoleron.com/spa-ile-d-oleron-contact.html,,,,
https://lessoeurspa.com/,,,,
http://lespadespins.fr/,,,,
https://www.chaleurdorient.fr/,,,,
https://secure.reservit.com/rsl/booking/indexmodal.php?customerid=1853&_ga=2.172554144.289367443.1654355969-33029447.1653063411,,,,
https://spa-rhonelle-valenciennes.fr/,,,,
http://www.somathera.fr/,,,,
https://www.o-spa89.fr/,,,,
https://marie-esthetik.fr/,,,,
https://www.lavillaclemenceau.com/,,,,
https://espace-hina.fr/,,,,
https://jexistebienetre.wixsite.com/accueil/,,,,
https://maisondebeauteleden.com/,,,,
https://www.fresha.com/a/maya-spa-boulazac-isle-manoire-31-avenue-marcel-paul-yc6vpkzb,,,,
https://www.chatelas.com/fr/bien_etre.html,,,,
http://www.odescimes.com/fr/spas/le-coeur-dor-1023,,,,
http://www.cathyinstantdetenteetbienetre.com/,,,,
http://www.odescimes.com/fr/spas/les-chalets-de-flambeau-1025,,,,
http://angelspa.fr/,,,,
https://reservermonsejour.com/,,,,
https://piscinespadesign.com/,,,,
http://www.lespabrest.fr/,,,,
https://www.planity.com/jade-spa-14680-bretteville-sur-laize,,,,
https://www.planity.com/maison-rituel-eau-pure-91650-breuillet,,,,
https://www.amformesetbeaute.com/,,,,
http://relaxtherapie.com/,,,,
https://www.autour-du-spa.fr/,,,,
http://www.autourduspa.fr/,,,,
http://revenature.fr/,,,,
https://www.planity.com/spa-casanera-hotel-kasano-20260-calvi,,,,
https://www.deepnature.fr/dn_fr/le-c-club-spa-hotel-carlton,,,,
https://www.fiveseashotel.com/spa-bien-etre,,,,
http://www.wellness-spa.fr/,,,,
https://contact987250.wixsite.com/wellness-kafe,,,,
http://www.lecentrespacassis.com/,,,,
https://auvoyagedessens.fr/,,,,
http://www.laviespa.fr/,,,,
https://www.planity.com/spa-mileade-carqueiranne-evasion-bien-etre-83320,,,,
https://www.planity.com/hotel-spa-bleu-phytomer-13620-carry-le-rouet,,,,
https://www.eauzone-spa.com/centre-carvin-eau-zone-spa-espace-detente-massages-tourcoing-hellemmes.htm,,,,
https://lafermeduspa.fr/,,,,
http://indigo.kalendes.com/,,,,
https://www.domainedeverchant.com/fr/spa.html,,,,
https://www.planity.com/spa-payot-les-canissons-cavalaire-sur-mer-83240,,,,
https://www.unsparienquepourvous.fr/,,,,
https://www.aquamomento.fr/,,,,
http://lignesdeau.com/,,,,
https://www.zen-attitude86.fr/fr,,,,
https://www.leroomspa.fr/,,,,
https://jacuzzi49.fr/?utm_source=gmb,,,,
http://www.annamaya-spa.com/,,,,
http://www.spaodemer.com/,,,,
https://www.spa-lokiya.com/,,,,
https://piscinepatinoireloasis.fr/espace-865-bien-etre.html,,,,
http://www.la-bulle-de-bebe.fr/,,,,
https://www.hotel-st-alban.com/spa/,,,,
https://www.planity.com/spa-payot-le-chamois-la-clusaz-74220,,,,
https://steamsauna.fr/,,,,
https://spa-collioure.fr/,,,,
https://www.lesquisse-colmar.com/en/page/spa-5-star-spa-hotel-alsace.21449.html?utm_source=google+Maps&utm_medium=seo+maps&utm_campaign=seo+maps,,,,
https://www.mgm-hotels-residences.com/fr/spa-montagnes-du-monder-laska,,,,
https://www.biche-lescontamines.fr/,,,,
http://www.lescapade-dunkerque.com/,,,,
https://www.demeuredebeaulieu.fr/fr/page/espace-bien-etre-vitaminal,,,,
https://afleurdespa.fr/,,,,
https://www.planity.com/bulle-de-douceur-24660-coulounieix-chamiers-9ka,,,,
https://www.bimataz.fr/relaxation/spa-bien-etre/,,,,
http://www.hotelcontrexeville.com/fr/spa-et-activites-sportives-vosges.html,,,,
https://www.spacabotine.fr/,,,,
http://www.lasource-spa.fr/,,,,
https://spa.njfit.fr/,,,,
https://www.camping-ocean.com/institut-beaute-croisic.html,,,,
http://www.spa-aliceaupaysdesmerveilles.fr/,,,,
http://www.natural-spa-institut.fr/,,,,
https://spadelanouere.com/,,,,
http://www.ladolcebollaspa.fr/,,,,
https://www.brousse-hydroservices.fr/,,,,
https://surane-spa.fr/,,,,
https://www.ajna-centre.fr/,,,,
https://www.institutvert.fr/,,,,
http://www.uhainaspa.fr/,,,,
https://bulle-zen-spa.fr/,,,,
https://www.cote-et-zen.com/,,,,
https://institut-spa-leveildessens.com/,,,,
http://www.boutiquespas.com/,,,,
http://www.lartduresetetdelalegerete.fr/,,,,
http://cocoonheadspa.sitew.org/,,,,
https://chateau-hospitalet.com/spa-narbonne/,,,,
https://www.institut-du-cours.fr/,,,,
https://aixenprovence.cliniqueducheveu.fr/,,,,
http://mahina-corse.com/,,,,
https://poseidon-spa.com/magasin/187-le-boulou,,,,
http://www.natura-center.fr/,,,,
https://www.planity.com/headspa-thionville-mlkc-57100,,,,
https://www.aucocondelise.fr/,,,,
https://www.relaxation-zen-picardie.com/,,,,
http://www.spa-delarganier.com/,,,,
https://www.mgm-hotels-residences.com/fr/spa-montagnes-du-monder-residence-alhena,,,,
http://www.faure-gabriel.fr/,,,,
http://www.spa-massage-bretagne.com/,,,,
https://ncspathonon.com/,,,,
http://www.le-spa-solognot.fr/,,,,
https://www.lyseaspa.com/,,,,
https://www.kalendes.com/site/spafalcon/welcome,,,,
https://www.kalendes.com/site/spamanali,,,,
http://www.leenpao.com/index.php/massages/,,,,
https://www.institut-spa-bio-marckolsheim.fr/,,,,
https://www.wellness-spas57.fr/contact,,,,
https://chateau-duo.fr/,,,,
https://www.thalasso.com/destination/douarnenez,,,,
https://gites-de-troyes.fr/le-spa-de-la-cathedrale/,,,,
https://www.sweetylodge.com/,,,,
https://www.experience-by-alicia.fr/,,,,
http://www.auvergne-thermale.com/,,,,
http://www.villamelinoise.fr/,,,,
https://au-bonheur-de-nora.fr/,,,,
https://www.moulindelalauchere.fr/,,,,
https://www.secretspasolesmes.com/,,,,
https://www.a2location.com/,,,,
https://entre-nous-deux.fr/,,,,
https://www.leclosdeslilas16.com/,,,,
https://boudoiretsoins.com/chambre-dhotes-et-spa/,,,,
https://www.purescapade.fr/,,,,
http://www.chez-aurelia.com/,,,,
https://location-atypique-bourges.fr/,,,,
https://sanctuaire-aphrodite.com/,,,,
https://homefr.click/chambres-aoh-tes-45y6av,,,,
https://www.lovenight.fr/,,,,
https://www.nuitetspa.com/equipement-love-room,,,,
https://www.loft-spa-reims.fr/,,,,
http://www.gitelesablon.com/,,,,
https://parentheseadeux.com/,,,,
https://bulledereves38.jimdofree.com/,,,,
https://lannexetinyhouse.carrd.co/,,,,
https://www.lapetiteescapade.fr/,,,,
https://www.domainedelissole.com/,,,,
https://domaine-de-forges.partouche.com/,,,,
https://www.domainelemanoir.com/,,,,
http://www.laphinedetente.com/,,,,
https://mgallery.accor.com/hotels/8612?merchantid=seo-maps-FR-8612&sourceid=aw-cen&utm_source=google+Maps&utm_medium=seo+maps&utm_campaign=seo+maps&utm_term=MGallery-Launch,,,,
http://www.chezsuiteandspa35.com/,,,,
https://www.hotel-lapicholine.com/,,,,
https://www.lafermedecampodimonte.fr/,,,,
https://www.les-gites-de-dordogne.fr/fr/chambre/la-grotte,,,,
https://lasuiteneuvilloise.fr/,,,,
http://www.hotelparticuliernontron.com/,,,,
http://www.lidylle-spa.fr/,,,,
https://www.lebastidondetheo.fr/,,,,
http://www.lacharmeraie.com/,,,,
https://une-parenthese.fr/,,,,
http://www.domainelefrichebeau.fr/,,,,
https://www.53nuances.fr/,,,,
https://chalons-en-champagne.premiereclasse.com/fr-fr/?utm_content=partoo&utm_medium=seo-bgp&utm_source=google,,,,
http://www.domaineduder.fr/,,,,
http://www.la-ferme-du-chateau.fr/,,,,
http://loveroom02.fr/,,,,
https://hotelspa3bis.weebly.com/,,,,
https://upsell-noti.bubbleapps.io/version-test/?debug_mode=true,,,,
https://manoirdelouviers.com/,,,,
https://www.thalasso.com/destination/pornichet-baie-de-la-baule,,,,
https://www.chateauderance.fr/,,,,
http://le157lallaing.wixsite.com/le-157,,,,
http://www.trinidadvibes.com/,,,,
https://auxcapricesdalice.com/,,,,
https://www.ladolcevitaspa.fr/,,,,
https://www.hotel-restaurant-aurelaisthermal.fr/,,,,
https://hotelspadupuymary.com/,,,,
http://lecharmeauxfees.com/,,,,
https://chambredecharmevar.fr/,,,,
http://www.gitemoselle.com/,,,,
https://www.collectionbarbossi.fr/,,,,
https://hotelfr.click/golden-suites-spa-dztyfu,,,,
https://www.casa-lova.fr/,,,,
https://gites-de-troyes.fr/la-galaxy-room/,,,,
https://gites-de-troyes.fr/jungle-room/,,,,
https://www.sejourauthentique.fr/fr/chambre/prohibition-suite-love-atypique-room-spa-sauna,,,,
https://www.lexperienceappartements.fr/nos-logements/la-r%C3%AAverie,,,,
http://www.leglamour.fr/,,,,
https://www.spa-lebonhomique.com/,,,,
https://www.nuitetspa.com/spa-lyon/chambre-jacuzzi-secret-room-spa-lyon,,,,
http://www.spaetsaunadecogny.fr/,,,,
http://www.st-etienne-cuines.fr/,,,,
https://sites.google.com/view/le-clos-de-la-reserve/accueil,,,,
http://www.residence-vacances-des-mines-st-gildas.com/,,,,
https://villadejade-spa.fr/,,,,
https://www.domaine-de-rochebelle.com/,,,,
https://lesecretdumarquis.netlify.app/,,,,
https://villagoaspa.fr/,,,,
https://www.lagrangehotel.fr/,,,,
http://appartspanormandie.fr/,,,,
https://www.suitesduspa.fr/,,,,
http://www.ledomainedumoulin28.fr/,,,,
https://www.vieil-aiglun.fr/,,,,
https://mercurepeyragudes.fr/,,,,
http://www.parentheseenfinistere.fr/,,,,
https://mapfr.click/git-spa-house-wuy6ka,,,,
https://maison-dhotes-spa-hermival.fr/,,,,
http://www.clery.najeti.fr/,,,,
https://www.ihg.com/holidayinn/hotels/gb/en/mulhouse/mlhrb/hoteldetail?cm_mmc=GoogleMaps-_-HI-_-FR-_-MLHRB,,,,
https://www.eynarteco.com/,,,,
http://domaineduthore.com/,,,,
https://toulouse-sud-labege-innopole.campanile.com/fr-fr/?utm_content=partoo&utm_medium=seo-bgp&utm_source=google,,,,
http://www.hotel-arinthod.com/,,,,
https://eure-mb-prestataire.for-system.com/f132529_fr-.aspx,,,,
https://www.domainedelabrulaire.fr/,,,,
https://lamaisonbello.com/,,,,
https://www.greengo.voyage/hote/o-cocon-du-lauragais?checkIn=2026-06-22&checkOut=2026-06-23&numberOfAdults=2&numberOfChildren=0&numberOfPets=0&childrenAges=&utm_source=google&utm_medium=hotels_free_booking_link,,,,
http://www.maisonlesberrys.com/,,,,
http://www.suite1566.fr/,,,,
http://www.arras-online.com/Le-P-tit-Paradis-536-partenaire.html,,,,
http://www.hotel-nancy-thermal.fr/,,,,
http://www.albiezrandopatrimoine.com/,,,,
http://lamarante-chambres.com.es/,,,,
http://spa-orient.fr/,,,,
https://tourfr.click/spassimo-retreat-qgp59w,,,,
https://www.gitesespacedetente.com/,,,,
https://www.chateaudelalouptiere.fr/,,,,
https://unenuitpournous.com/,,,,
http://www.mairie-braud.fr/hebergements-braud/la-residence-hoteliere,,,,
https://www.guide-toulouse-pyrenees.com/fr/tourisme/se-loger/locations-de-vacances/prestige-charme/brax-419/epicur-loveroom-8768.html,,,,
https://locfr.click/spa-dunes-aap3w7,,,,
https://mabonne-etoile.com/,,,,
https://domaine-vandenesse-spa.fr/,,,,
https://hotel-cancale-alghotel.brithotel.fr/algospa,,,,
https://www.auxportesdesthermes.net/,,,,
http://www.chateaubazois.com/,,,,
http://www.lescoconsdelillon.fr/,,,,
https://loveroomvienne.com/,,,,
http://fermedubray.com/,,,,
https://www.lespacieuxchartres.fr/,,,,
https://les-trois-marches.fr/,,,,
http://www.aphroditeroom.com/,,,,
http://amorspavaldoie.fr/,,,,
https://albinat-lacolline.fr/,,,,
http://www.lacitedo.fr/?utm_source=gmb,,,,
https://www.officiel-thermalisme.com/stations/pietrapola-les-bains/,,,,
https://www.caleden.com/centre-thermoludique/,,,,
https://www.puremontagne.fr/fr/a-voir/roquebiliere-thermal,,,,
https://www.lachaldette.com/,,,,
https://www.thermesderoyat.fr/,,,,
https://www.thermes-bourbon-lancy.fr/,,,,
http://www.cure-amneville.com/,,,,
https://www.thermes-la-lechere.fr/?utm_source=google&utm_medium=my-business&utm_campaign=google-my-business,,,,
https://www.bienvenue-hautemarne.fr/visites-activites/thermalisme/,,,,
https://www.plombieres-les-bains.com/,,,,
http://bagnols-les-bains.com/,,,,
https://www.centerparcs.fr/fr-fr/france/fp_TF_vacances-domaine-les-trois-forets,,,,
https://headspa-saendriel.fr/,,,,
https://hotel-royal.evianresort.com/fr/bien-etre/evian-R-spa?utm_source=gmb,,,,
https://hotel-ermitage.evianresort.com/fr/bien-etre/le-spa-quatre-terres?utm_source=gmb,,,,
http://www.shaktitouch.com/,,,,
https://thermaltek.fr/,,,,
https://cryo-center.fr/,,,,
https://www.thermes-bagneres.fr/,,,,
http://www.luzea.fr/,,,,
https://www.puremontagne.fr/fr/a-voir/parc-alpha/item/spa-thermal,,,,
http://www.thermes-casteljaloux.com/,,,,
https://www.centrethermalavene.com/,,,,
https://acqs.com/,,,,
https://www.eaux-thermales-balaruc.com/,,,,
http://www.thermes-rochefort.com/,,,,
http://www.grandsthermes-bourboule.com/,,,,
http://www.thermes-chateauneuf.com/,,,,
https://polethermalamneville.com/thermapolis/,,,,
https://lesbainsdetaccana.corsica/,,,,
http://centre-thermal.uriage.com/,,,,
http://www.thermes-allevard.com/,,,,
https://www.thermes-vittel.com/fr/accueil.html,,,,
https://www.thermesdevals.com/,,,,
https://thermes-luchon.fr/,,,,
https://www.thermes-contrexeville.fr/,,,,
http://www.bains-saint-thomas.fr/,,,,
https://www.thermes-saint-gervais.com/,,,,
https://www.thermesdemarlioz.com/,,,,
http://www.thermes-brideslesbains.fr/,,,,
http://www.thermesdecauterets.com/,,,,
http://www.aquensis.fr/,,,,
https://thermesdecauterets.com/,,,,
https://www.thermes-dax.com/thermes-christus/,,,,
https://www.thermes-dax.com/,,,,
http://poggiolo.over-blog.fr/2017/11/visite.html,,,,
http://www.thermes-borda.com/,,,,
https://www.thermes-dax.com/thermes-regina/,,,,
https://www.coeurthermal.com/,,,,
https://www.thermes-berot.com/,,,,
http://www.ville-abrest.com/,,,,
http://tonithermes.com/,,,,
http://www.thermes-les-ecureuils.com/?utm_source=gmb,,,,
https://suite-mille-et-une-nuits-amneville.fr/,,,,
https://patrimoine-entrammes.fr/,,,,
https://www.lesthermesevian.com/?utm_source=gmb,,,,
http://www.saubusse-thermes.com/,,,,
http://www.villaaimee.com/,,,,
https://www.hotel-bb.com/fr/hotel/amneville-les-thermes?utm_source=googlemaps&utm_medium=fichehotel&utm_campaign=yext,,,,
http://www.thermes-renneslesbains.fr/,,,,
https://www.thermes-luchon.fr/ressources-vous/,,,,
http://hoteldesthermes.eu/,,,,
https://www.le-grand-hotel-des-thermes.fr/,,,,
https://www.thermes-dax.com/thermes-grand-hotel/,,,,
http://www.thermes-dax.com/thermes-des-arenes/,,,,
https://www.lesthermesdegaia.fr/votre-spa,,,,
http://www.musee-moyenage.fr/,,,,
http://aquiothermes.fr/,,,,
http://www.thermes-et-vacances.fr/,,,,
http://luxopuncture.weebly.com/,,,,
http://domainedesthermes.com/,,,,
https://www.thermesmarins.net/,,,,
http://www.archeologie.lyon.fr/archeo/sections/fr/sites_archeologiques/69005_lyon/thermes_publics_de_l,,,,
https://www.lesthermesdusultan.com/,,,,
https://les-thermes-marseille.com/,,,,
http://www.masdesthermes.com/,,,,
https://www.thermeice-04.fr/,,,,
https://all.accor.com/lien_externe.svlt?goto=fiche_hotel&code_hotel=C0V2&merchantid=seo-maps-France-C0V2&sourceid=aw-cen&utm_medium=seo%20maps&utm_source=google%20Maps&utm_campaign=seo%20maps,,,,
http://www.residence.fr/,,,,
https://br.bluepillow.com/search/64861dbd7f7e24c1922fe66a?dest=bkng&cat=Villa&lat=45.94648&lng=-0.51651&language=pt,,,,
https://les-thermes-toulouse.com/,,,,
http://www.thermesdebondonneau.com/,,,,
https://www.domainedethermes.fr/,,,,
https://www.bdr-thermea-eurotherm.fr/?utm_source=gmb,,,,
http://www.destinationvichy.com/,,,,
http://domaine-des-thermes.com/,,,,
https://www.ecotherme83.com/plombier,,,,
https://www.qualitherme-corseul.fr/,,,,
https://www.auboutdumonde.eu/,,,,
http://www.goldenthaispa.fr/,,,,
https://www.coqueospa.fr/,,,,
http://www.gaelle-bienetre.com/,,,,
https://www.planity.com/naturo-zen-76530-moulineaux-o7d,,,,
http://www.matseel.fr/,,,,
http://www.spadelalune.fr/,,,,
http://skinandspaphilosophy.com/,,,,
http://www.oasisdessens.fr/,,,,
http://the-woodness-spa.fr/,,,,
http://www.domaine-locguenole.com/,,,,
https://terre-deden.fr/,,,,
https://www.maposplaisir.fr/,,,,
http://www.spafactory.fr/,,,,
https://www.planity.com/le-palma-59300-valenciennes,,,,
https://elizabethstravelexperience.com/luxury-spa-concept-france,,,,
https://edenlocquirec.com/,,,,
https://www.thalasso-resort-concarneau.com/,,,,
https://www.etangs-corot.com/,,,,
https://www.domaine-foret-orient.com/,,,,
http://www.previthal.com/,,,,
https://la-spa-privatif.fr/,,,,
https://www.lejardindesoliviers.com/,,,,
https://www.aubaindisis.fr/,,,,
http://www.gites-et-spa-du-bienetre.com/,,,,
http://happydozen.wixsite.com/happydozen,,,,
http://www.spaaufildeleau.fr/,,,,
https://www.gites.fr/gites_la-longere-spa--bien-etre_la-chapelle-sur-loire_100135.htm,,,,
https://www.eden-villages.fr/campings/ocean/,,,,
https://romeline.fr/,,,,
http://www.institut-spa-plaisirdessens.fr/,,,,
http://www.institutdebeautelaurina.fr/,,,,
https://www.unique-beauty-studio.fr/,,,,
http://www.hotel-spa-saintmalo.com/,,,,
https://www.planity.com/head-spa-mira-les-suites-beaute-39400-hauts-de-bienne,,,,
https://www.make-up-beauty.fr/,,,,
http://spadurhone.fr/,,,,
https://carolinepetiot.fr/,,,,
http://labriduchateau.com/,,,,
http://www.escapade-bienetre.com/,,,,
https://www.planity.com/urban-medspa-instant-doux-soeurs-57050-longeville-les-metz,,,,
http://www.baanmai-thai-spa-91.fr/,,,,
https://cbioinstitut.fr/,,,,
http://le-domaine-de-maybach.amenitiz.io/,,,,
https://www.planity.com/omerveille-60150-thourotte,,,,
https://www.atelierdelulu.com/,,,,
http://www.lesterrassesdecouves.com/,,,,
https://hotel-spa-bagnoles-de-lorne.brithotel.fr/?utm_source=google&utm_medium=seo&utm_campaign=gmb,,,,
http://www.hotel-bagnoles.com/,,,,
https://eauxspa.fr/,,,,
https://cottageflottantinsolite.com/,,,,
http://spa-escalebienetre.fr/,,,,
https://www.beautyspa-lens.com/,,,,
https://spa-prive-lille.fr/,,,,
https://www.lilo-spa.fr/,,,,
https://www.acquavitalspa-yoga.com/,,,,
http://www.nuit-spa-cine.fr/,,,,
http://www.institutrayondesoleil.com/,,,,
https://var.private-room.fr/,,,,
https://www.la-grenade-bleue.com/,,,,
https://www.planity.com/orchid-spa-mas-la-farelle-30000-nimes,,,,
https://www.planity.com/pascal-coste-26270-loriol-sur-drome,,,,
https://www.lafabriquedubonheur.net/,,,,
https://hairspametz.com/,,,,
http://www.institut-spa-montagne.com/index.php,,,,
http://www.bains-rocher.fr/,,,,
http://cotebulle.fr/,,,,
http://www.natureaspa-gramat.fr/,,,,
http://chateaulatoursegur.com/,,,,
https://www.suitesspadetentedelalys.com/,,,,
http://andrineinstitut.kalendes.com/,,,,
http://www.ladolcevitaspa.fr/,,,,
https://head-spa-care.reservio.com/services,,,,
https://www.detenteetspa.fr/,,,,
https://www.la-spa.fr/st-parres-aux-tertres,,,,
https://www.la-spa.fr/etablissement/refuge-spa-haute-marne-voillecomte/,,,,
https://www.lesbienfaitsdumassagethai.com/,,,,
https://www.domaineroiarthur.com/,,,,
https://skinetsens.com/,,,,
https://sambava-institut.fr/,,,,
https://www.centre-eden-spa.fr/,,,,
http://nuaeste15.booksy.com/a/,,,,
http://spabeauterodez.com/,,,,
http://tatya-spa.fr/,,,,
https://sites.google.com/view/atilspa/accueil,,,,
http://www.lemasdepierre.com/,,,,
https://adrechas-mercantour.fr/?utm_source=google&utm_medium=organic&utm_campaign=gbp&utm_content=website_link,,,,
http://www.boisdesnauzes-cabane.com/,,,,
https://leclosdecyrano.fr/,,,,
http://suite-spa-privatif-barcares.fr/,,,,
https://4ubednspa.com/,,,,
http://www.hotel-lesaintcirq.com/,,,,
http://www.cabane-lot.fr/,,,,
http://www.lagirouardiere.com/,,,,
https://www.hameaudeplos.com/,,,,
https://www.gitespalaparenthese.com/,,,,
https://www.american-spa-motel.fr/?utm_source=Google&utm_medium=My%20Business,,,,
https://www.hotel-jenny.com/?utm_source=Google&utm_medium=My%20Business,,,,
http://www.la-boucotte.fr/,,,,
https://gite-ferme-doubs.com/,,,,
https://gites-spa-strasbourg.fr/visiter/la-villa-15,,,,
https://www.athenaspahotel.com/fr/?utm_source=mybusiness&utm_medium=organic&utm_id=mybusinessorganic,,,,
https://parchotel.net/,,,,
https://www.auberge-de-l-ill.com/fr/hotel.html?utm_source=MyBusiness&utm_medium=Hotel,,,,
https://hotel-colmar-est.brithotel.fr/?utm_source=google&utm_medium=seo&utm_campaign=gmb,,,,
http://www.pivoine-et-colibri.fr/,,,,
http://www.lacourdhortense-chambresdhotes.fr/,,,,
https://all.accor.com/lien_externe.svlt?goto=fiche_hotel&code_hotel=B388&merchantid=seo-maps-FR-B388&sourceid=aw-cen&utm_medium=seo+maps&utm_source=google+Maps&utm_campaign=seo+maps&y_source=1_NjMxMzgwMTItNzE1LWxvY2F0aW9uLndlYnNpdGU=,,,,
http://www.hotel-de-la-poste.com/?utm_source=MyBusiness,,,,
https://www.chateaulacommaraine.com/fr/,,,,
https://lespabeaunois.fr/,,,,
https://www.loveroom-impertinente.fr/,,,,
http://gite-spaleshirondelles.com/,,,,
https://gite-spa-larenardiere.com/,,,,
https://mgallery.accor.com/hotels/A7F3?merchantid=seo-maps-FR-A7F3&sourceid=aw-cen&utm_source=google+Maps&utm_medium=seo+maps&utm_campaign=seo+maps&utm_term=MGallery-Launch,,,,
http://www.villa-avril.com/,,,,
http://spametz.com/,,,,
http://www.domainedebarive.com/,,,,
http://www.clossaintjoseph.fr/,,,,
https://www.saviloisirs.com/,,,,
https://vichy-spa-hotel.fr/fr/?utm_source=mybusiness&utm_medium=organic&utm_id=mybusinessorganic,,,,
http://www.leonard-de-vinci.com/,,,,
https://laserpauderie.fr/,,,,
https://www.lesclarines.com/,,,,
https://www.appartspa-dijon.fr/,,,,
https://www.jardindesecureuils.fr/,,,,
http://www.topdestination-dijon.com/,,,,
http://www.hotel-le-richelieu.com/,,,,
https://mgallery.accor.com/hotels/7479?merchantid=seo-maps-FR-7479&sourceid=aw-cen&utm_source=google+Maps&utm_medium=seo+maps&utm_campaign=seo+maps&utm_term=MGallery-Launch,,,,
http://www.latillaie.com/,,,,
https://www.v-et-spaprivatif.com/,,,,
http://odelicesdelamonnerie.com/,,,,
https://lemoulin-hotelspa.alsace/,,,,
http://www.laparentheseavesnoise.com/,,,,
https://www.cabanessuspendues.fr/,,,,
https://www.momentsdedouceur.fr/,,,,
http://www.chateaudesayes.fr/,,,,
https://gite-spa-romantique-sarthe.fr/,,,,
https://centre-de-bien-etre-angers.fr/,,,,
https://www.couetteetconfitures.fr/,,,,
https://livablom.fr/,,,,
http://www.adawaspa.fr/,,,,
http://www.leffetspa.fr/,,,,
https://www.gites-de-france-orne.com/fiche-G661?ORI=GMAPS,,,,
https://www.villa-desirad17.fr/,,,,
https://ocoeurdelagrange.fr/,,,,
https://lamaisonduplaisir.fr/,,,,
https://www.chateau-saintgilles-bayeux.com/,,,,
https://www.labayeuzen.com/,,,,
https://lesecuriesderigny.com/,,,,
http://www.le-renard.com/,,,,
https://www.hotel-ginkgo.com/,,,,
http://www.les-gites-de-lopeau.fr/,,,,
https://app.superhote.com/#/rental/propertyKeyBQgutrSRAR8w3TVd0bCNqfpe2?startDate=&endDate=&adultsNumber=1&childrenNumber=0&lang=fr,,,,
https://www.luxuryloft-spa.fr/,,,,
https://aparthotelcerdanya.com/FR/hotel.html,,,,
https://spaprivatifbyxela.com/,,,,
http://www.location-sancy.fr/,,,,
https://www.ecrin-auvergne.com/,,,,
http://www.roche-des-fees.com/,,,,
https://www.au-wachtfels.fr/,,,,
http://www.hotel-les-cleunes.fr/,,,,
http://www.aquabella.fr/,,,,
https://chambresromantiquesjacuzzispa.com/,,,,
http://villadessonges-spa.fr/,,,,
http://www.lesriveschampenoises.com/,,,,
https://www.hotel-restaurant-au-soleil.fr/,,,,
http://www.legrandchalet-colmar.com/,,,,
https://mgallery.accor.com/hotels/7326?merchantid=seo-maps-FR-7326&sourceid=aw-cen&utm_source=google+Maps&utm_medium=seo+maps&utm_campaign=seo+maps&utm_term=MGallery-Launch,,,,
https://www.eden-love-spa-paris.com/,,,,
http://www.spamarincecilearnoux.fr/,,,,
https://www.niceandspa-maurepas.com/,,,,
http://www.douxmoment-spa.fr/,,,,
https://hannah-cesarine.fr/,,,,
https://harasdhavetot.com/,,,,
https://www.closdespommiers.com/,,,,
http://www.hotellebelvedere.com/,,,,
https://www.gite-spa-glam88.fr/,,,,
https://www.domaine-du-haut-jardin.com/fr/?utm_source=google&utm_medium=my-business,,,,
http://love-room-quarterelle.fr/,,,,
http://www.chaletcimebleu.com/,,,,
http://www.gitesdeliezey.fr/,,,,
https://chaletprestigevosges.com/locations/chalets-spa-des-3-vallees/,,,,
https://amneville.goldentulip.com/fr-fr/?utm_content=partoo&utm_medium=seo-bgp&utm_source=google,,,,
http://terminusenbaie.com/,,,,
http://www.lesportesduhablebaiedesomme.com/,,,,
http://www.relais-spa.com/valdeurope/,,,,
https://www.a-loffre-zen.com/,,,,
https://www.gite-chambres-hotes-soissons.com/,,,,
https://private-room.fr/,,,,
https://mgallery.accor.com/hotels/A086?merchantid=seo-maps-FR-A086&sourceid=aw-cen&utm_source=google+Maps&utm_medium=seo+maps&utm_campaign=seo+maps&utm_term=MGallery-Launch,,,,
http://www.sousletilleulgers.fr/,,,,
https://www.hotelmarmotel.com/,,,,
http://www.azteca-hotel.fr/,,,,
https://mgallery.accor.com/hotels/B4D0?merchantid=seo-maps-FR-B4D0&sourceid=aw-cen&utm_source=google+Maps&utm_medium=seo+maps&utm_campaign=seo+maps&utm_term=MGallery-Launch,,,,
https://www.villaluxuria.com/,,,,
https://www.newcottagehonfleur.com/,,,,
http://www.almoria-deauville.com/,,,,
http://letrophee.com/,,,,
https://www.labaysecrete.com/,,,,
http://www.lemasdescerisiers.com/?utm_source=google&utm_medium=wix_google_business_profile&utm_campaign=9712269973897958523,,,,
https://sites.google.com/view/giteprestige/accueil?authuser=0,,,,
https://domaine-sainte-anne.fr/,,,,
http://www.lascasasprovence.fr/,,,,
http://www.hotel-ventoux-provence.com/,,,,
https://www.hotel-ermitage.com/,,,,
http://www.villa-castellane.fr/,,,,
https://www.gites.fr/gites_chalet-de-charme-entre-lac-et-montagne_les-clefs_55986.htm,,,,
https://dieppe.goldentulip.com/fr-fr/?utm_content=partoo&utm_medium=seo-bgp&utm_source=google,,,,
https://www.grand-monarque.com/fr/,,,,
http://www.lecemarose.com/,,,,
https://www.cabane-dans-arbres.com/,,,,
https://www.lepatio79.com/,,,,
https://www.hotelsparibeauville.com/,,,,
https://alpizen.fr/,,,,
http://www.ancremarine.com/,,,,
https://dinan.brithotel.fr/?utm_source=google&utm_medium=seo&utm_campaign=gmb,,,,
https://www.pasinohotellehavre.com/,,,,
https://romancespalh.fr/,,,,
http://www.ausecretdubonheur.com/,,,,
https://tulip-inn-honfleur.goldentulip.com/,,,,
https://spae-evreux.org/,,,,
https://www.aux-5-sens-maison-hotes.com/,,,,
http://www.hotel-upalazzu.fr/,,,,
http://www.apiattatella.fr/,,,,
https://all.accor.com/lien_externe.svlt?goto=fiche_hotel&code_hotel=9172&merchantid=seo-maps-FR-9172&sourceid=aw-cen&utm_medium=seo%20maps&utm_source=google%20Maps&utm_campaign=seo%20maps,,,,
https://sensualroom.fr/,,,,
http://hedonenancy.fr/,,,,
https://entrenousloveroom.com/,,,,
https://domainedesvaulx.fr/,,,,
https://all.accor.com/lien_externe.svlt?goto=fiche_hotel&code_hotel=7383&merchantid=seo-maps-FR-7383&sourceid=aw-cen&utm_medium=seo+maps&utm_source=google+Maps&utm_campaign=seo+maps&y_source=1_MTUzNjE2MjctNzE1LWxvY2F0aW9uLndlYnNpdGU=,,,,
https://prestige-amiens-poulainville.kyriad.com/fr-fr/?utm_content=partoo&utm_medium=seo-bgp&utm_source=google,,,,
https://bouddhableu-loveroom.fr/,,,,
https://villa-namaste.fr/convivialite-une-villa-spacieuse/,,,,
http://www.lechurchill.com/,,,,
https://oceainstitut.wixsite.com/institut-spa-ocea,,,,
https://www.lebonheurestenbretagne.com/,,,,
http://www.au-petit-manoir.fr/,,,,
https://sevadertm.com/,,,,
https://www.hotel-lescale.com/,,,,
https://pasithea-loft-spa-privatif.fr/,,,,
https://www.insolite-spa-privatif.com/fr,,,,
http://www.lesgitesduroc.com/,,,,
https://www.loveroom21.fr/,,,,
https://suite785-montauban.com/,,,,
http://closdelafontainelabastidemarnhac.com/,,,,
http://giteduhallot.holiduhost.com/,,,,
https://www.salers-hotel-remparts.com/,,,,
https://www.bestwestern.fr/fr/hotel-Lescar-Best-Western-Hotel-and-SPA-Pau-Lescar-Aeroport-93900?utm_source=ReferencementLocal&utm_medium=GMB,,,,
http://www.castel-fleuri.com/,,,,
https://prestige-residence-dives-sur-mer.kyriad.com/fr-fr/?utm_content=partoo&utm_medium=seo-bgp&utm_source=google,,,,
https://terejo.fr/,,,,
https://www.booking.com/Share-e529L3N,,,,
http://www.labulledesanges.fr/,,,,
http://www.hotel-auvergne-saintroch.com/,,,,
https://www.lecuriedeluzerand.fr/,,,,
https://www.hotelduroi.com/,,,,
https://www.hacienda-solea.fr/,,,,
http://www.amore-hotel-spa-agen.fr/,,,,
https://www.villa-margaux.com/,,,,
http://www.legrandlogis.com/,,,,
http://charda-spa.fr/,,,,
https://perpignan.appart-hotel-spa.com/,,,,
https://www.villaspabeziers.com/,,,,
https://www.domainedupuydore.fr/,,,,
https://www.auxbainsmarie.fr/,,,,
https://leden-spa-cinema.lodgify.com/,,,,
https://chez-jogo.mgx.world/,,,,
http://www.lesdemeuresazelie.com/,,,,
https://www.la-font-vineuse.fr/,,,,
http://lovandspa30.com/,,,,
https://www.lapaillotexotique.com/,,,,
https://www.scandinavespa.fr/,,,,
http://www.aucieletoile.fr/,,,,
https://suite-and-spa.smoobu.net/fr/,,,,
http://www.lesprecieusesavignon.com/,,,,
https://lesnoyersdegaudelle.fr/,,,,
http://www.cabane-ladouceparenthese.fr/,,,,
https://www.domaine-leverdier.com/?utm_source=google_fiche&utm_medium=organic_maps&utm_campaign=fiche_principale,,,,
http://www.leffervescense.fr/,,,,
http://www.domaine-rymska.com/,,,,
https://www.domainedumoulin71.com/?utm_source=gmb,,,,
http://www.location-gironde.com/,,,,
http://www.ainerak.fr/,,,,
https://www.domaine-hirtz.com/,,,,
https://www.hotel-spa-fairway.com/,,,,
http://www.giteamelievosges.com/,,,,
http://www.chateaulamarquise.com/,,,,
http://www.hotel-les7fontaines.com/fr,,,,
http://letincelle30.fr/,,,,
http://www.lamaisondesautres.com/,,,,
https://sites.google.com/view/nidsecretloveroom/accueil?authuser=0,,,,
https://www.sweetdreamsjacuzzi.com/,,,,
http://ellendor.fr/,,,,
https://www.lefoyerceltique.fr/fr-FR,,,,
https://headspa25.bookinbeautiful.fr/?utm_source=ig&utm_medium=social&utm_content=link_in_bio&fbclid=PAb21jcAPm4m5leHRuA2FlbQIxMQBzcnRjBmFwcF9pZA81NjcwNjczNDMzNTI0MjcAAadxLCHOS8FV4xCPniVjrrjIXYzYJdc0dc4PdidInJiOh0obUQjMREUb65IYcQ_aem_TfyHJHaBMIHH29mDJJoF6g,,,,
https://www.tantraloveroom.com/fr,,,,
http://www.lodge-alpes-spa.com/,,,,
https://www.hotelm-merignac.com/fr/,,,,
https://www.chateau-hotel-dordogne.fr/,,,,
http://www.gitesarlat.com/,,,,
http://www.locationtournesol.com/,,,,
https://www.les-glycines-dordogne.com/?utm_source=google&utm_medium=organic&utm_campaign=mybusiness,,,,
http://www.suitelinattendu-moussan.com/,,,,
https://lecellierdebeaulieu.com/,,,,
https://tipis-et-chalets-du-grand-peuch.fr/,,,,
https://www.grandsgites.com/gite-24-grange-langlade-5685.htm,,,,
https://www.radissonhotels.com/en-us/hotels/radisson-individuals-beauxarts-bourges?cid=a:se+b:gmb+c:emea+i:local+e:ri+d:ukirwe+h:FRBOUAAA,,,,
http://o-refuge-divin.fr/,,,,
https://cabane-et-spa-dans-les-arbres.com/,,,,
https://karelstraveltips.com/chalet-nature-spa-amp-sauna-2-france,,,,
http://lamascrabiere.amenitiz.io/,,,,
https://www.lacloseriedubiard-perigord.fr/,,,,
http://www.ileau36.fr/,,,,
http://www.lesmaisonsdupont.com/,,,,
http://carrementperchee.fr/,,,,
http://www.ospachampenois.com/,,,,
https://www.la-spa.fr/chilleurs-aux-bois,,,,
https://www.joa.fr/casinos/saint-brevin/hotel-spa,,,,
https://g-spa.fr/,,,,
https://www.sixsenses.com/en/hotels-resorts/europe/france/residences-courchevel/,,,,
https://www.chaletzenae.com/,,,,
http://gites-chez-marco.com/,,,,
https://all.accor.com/lien_externe.svlt?goto=fiche_hotel&code_hotel=C1V2&merchantid=seo-maps-France-C1V2&sourceid=aw-cen&utm_medium=seo%20maps&utm_source=google%20Maps&utm_campaign=seo%20maps,,,,
http://www.redroom.fr/,,,,
http://www.tropicalspa.fr/,,,,
https://www.bullesetspa.fr/,,,,
https://hotel-fougeres-parc.brithotel.fr/?utm_source=google&utm_medium=seo&utm_campaign=gmb,,,,
https://location-lamalou.com/,,,,
https://www.hotel-leboutdumonde.com/fr,,,,
http://lepratdelacout.fr/,,,,
https://lespaorleans.com/,,,,
http://www.aubiniere.com/,,,,
https://spa.center.ivof.com/aquafit-spa/,,,,
https://prestige-lyon-est-saint-priest-eurexpo.kyriad.com/fr-fr/?utm_content=partoo&utm_medium=seo-bgp&utm_source=google,,,,
https://www.hotel-de-chassieu.com/,,,,
https://www.hoteldespecheurs.com/?utm_source=gmb,,,,
https://www.hotel-lesmouettes.com/?utm_source=gmb,,,,
https://www.hotel-des-elmes.com/?utm_source=google&utm_medium=organic&utm_campaign=fiche,,,,
https://www.gite-l-oasis.com/,,,,
http://www.hotel-ecrin-honfleur.com/fr/,,,,
http://www.hotel-austria.fr/,,,,
http://www.loveroomevasion.fr/,,,,
https://latoursecrete.lodgify.com/,,,,
https://br.bluepillow.com/search/5d96c5c1e24da41074d5fa08/560178204?dest=bkng&cat=Apartment&lat=45.4492&lng=6.98015&language=pt,,,,
http://www.opervenches73.fr/,,,,
https://lecellierspa.fr/,,,,
https://www.hotelgrandesrousses.com/fr/?utm_source=GBP,,,,
https://cabanespasauna.e-monsite.com/,,,,
http://www.fleursdevignes.com/,,,,
https://ledomainedesecusdor.com/,,,,
http://www.segala-spa.com/,,,,
https://www.ardure.fr/,,,,
https://spassionnement.fr/,,,,
http://www.lespierresblanches-gers.fr/,,,,
https://lesalouettesspa.wixsite.com/les-alouettes/,,,,
http://www.suitespaprivatif.fr/,,,,
https://www.lapepitedamour.com/,,,,
https://www.comme-une-evidence-savoie.com/,,,,
https://lafourmyverte.com/,,,,
https://www.siandaki-charme-et-spa.com/,,,,
https://www.la-spa.fr/flayosc,,,,
https://www.coutureducharme.fr/,,,,
https://pokhara-spa-institut.com/,,,,
http://www.divenliespa.fr/,,,,
https://www.odalys-vacances.com/location-montagne/haute-savoie/la-clusaz/le-chamois-by-odalys.html?ept-publisher=uska&ept-name=la-clusaz-le-chamois-by-odalys,,,,
https://all.accor.com/lien_externe.svlt?goto=fiche_hotel&code_hotel=B9F3&merchantid=seo-maps-FR-B9F3&sourceid=aw-cen&utm_medium=seo%20maps&utm_source=google%20Maps&utm_campaign=seo%20maps,,,,
http://swimlodgehotel.corsica/,,,,
http://www.saint-brieuc-hotel.fr/?utm_source=gmb,,,,
https://www.planity.com/linstitut-by-spa-les-5-sens-fonbeauzard-31140,,,,
http://www.terra-bulle.com/,,,,
http://www.aura-cabana.com/,,,,
https://www.booking.com/hotel/fr/loft-industriel-proche-des-cascades-du-sautadet-gard-occitanie.fr.html,,,,
http://appart-spa-alessia.com.es/,,,,
https://www.etape-en-foret.com/,,,,
http://www.lesnuitsdolympe.fr/,,,,
https://www.couventdesminimes-hotelspa.com/?utm_source=My%20Business,,,,
https://mgallery.accor.com/hotels/9736?merchantid=seo-maps-FR-9736&sourceid=aw-cen&utm_source=google+Maps&utm_medium=seo+maps&utm_campaign=seo+maps&utm_term=MGallery-Launch,,,,
https://www.la-spa.fr/forbach,,,,
http://www.domainedebracheux.com/,,,,
https://www.hotel-echaillon.com/,,,,
http://suite-spa-no-idem.fr/,,,,
https://le-chalet-du-blanc.amenitiz.io/fr/booking/room,,,,
https://www.planity.com/l-instant-sana-76160-darnetal,,,,
http://domainedubugassou.com/,,,,
https://garrigae.fr/etablissements/domaine-de-lesterel/,,,,
http://www.valescure.najeti.fr/,,,,
https://all.accor.com/lien_externe.svlt?goto=fiche_hotel&code_hotel=6752&merchantid=seo-maps-FR-6752&sourceid=aw-cen&utm_medium=seo%20maps&utm_source=google%20Maps&utm_campaign=seo%20maps,,,,
https://www.hotel-saint-malo-courtoisville.com/,,,,
https://www.gitelinstantreve.com/?utm_source=google&utm_medium=wix_google_business_profile&utm_campaign=16038630860639029065,,,,
http://www.lecocooning.fr/,,,,
http://cabanespa40.com/,,,,
https://www.autourdessens49.com/,,,,
https://premium-spa-montreuil.com/,,,,
https://www.perceneige.com/,,,,
https://www.hotel-belle-juliette-paris.com/fr/,,,,
http://www.paris-hotel-stjacques.com/,,,,
https://www.nuits-chartraines.com/,,,,
http://www.ty-puns.fr/,,,,
https://nuxiasuites.fr/?utm_source=gmb,,,,
https://www.institutspabeautedange.fr/,,,,
https://www.morzinedayspa.com/,,,,
https://www.lamaisondenbasdesseigneurs.fr/,,,,
https://www.chambresdirect.fr/hebergements/view/leden-enchante?ref=host-badge,,,,
https://www.hoteldeparis-moulins.com/institut-spa/,,,,
https://bienloindici.com/,,,,
https://www.hotel-les-bains-perros-guirec.fr/fr/,,,,
https://mgallery.accor.com/hotels/B1K8?merchantid=seo-maps-FR-B1K8&sourceid=aw-cen&utm_source=google+Maps&utm_medium=seo+maps&utm_campaign=seo+maps&utm_term=MGallery-Launch,,,,
https://www.lescottagesduparc.fr/,,,,
http://www.chateaudesfleurs.paris/,,,,
https://www.hotelroyalmadeleine.com/#utm_source=google&utm_medium=organic&utm_campaign=google%20my%20business,,,,
https://www.villadeltaspa.com/,,,,
https://villacosyetspa-strasbourg.com/,,,,
https://www.aucoeurdespuys.com/,,,,
https://www.oustaucamarguen.com/,,,,
https://relais-magdeleine.com/?utm_source=google&utm_medium=google-my-business,,,,
http://www.cosy-nature.com/,,,,
https://siretlys.fr/,,,,
https://www.omikuji.fr/,,,,
http://www.nantesdayspa.fr/,,,,
https://loveroomvendee.fr/,,,,
https://chambre-labsolu.fr/,,,,
https://cleffr.click/spa-pirates-dvp643,,,,
https://www.monsieurgeorge.com/,,,,
http://www.auspadumonde.com/,,,,
https://www.love-room-alsace-67.fr/,,,,
https://mgallery.accor.com/hotels/B7T4?merchantid=seo-maps-FR-B7T4&sourceid=aw-cen&utm_source=google+Maps&utm_medium=seo+maps&utm_campaign=seo+maps&utm_term=MGallery-Launch,,,,
https://www.re-lax.fr/,,,,
https://www.la-spa.fr/niort,,,,
https://www.planity.com/ab-spa-hamman-60180-nogent-sur-oise,,,,
http://www.chambres-hotes-nohant.fr/,,,,
https://www.cote-plageetspa.fr/,,,,
https://gitegrangelekulmino.com/fr,,,,
https://suite-laparenthese.fr/,,,,
https://champcenest.wixsite.com/leshirondelles,,,,
https://www.la-spa.fr/etablissement/refuge-spa-de-cliron-charleville-mezieres/,,,,
https://www.seren-spa-touraine.com/,,,,
https://sarah-recommends.com/chambre-avec-spa-privee-france,,,,
http://www.hotel-le-provence.com/,,,,
https://www.splendid-hotel-spa.com/?utm_campaign=GMB_LE_SPLENDID&utm_medium=DIRECT&utm_source=GOOGLE,,,,
https://www.hotel-mendi-alde.fr/,,,,
https://chambresdhotesbouchesdurhone.com/,,,,
https://www.fidelius-spa.fr/,,,,
https://www.damonalodges.com/lodges-vendee/,,,,
https://loyatspa.fr/,,,,
http://skinstudioandspa.fr/,,,,
https://www.tonichotel-biarritz.com/fr/,,,,
https://www.lapetitemaisondenoemie.fr/,,,,
http://www.gites-dordogne-sarlat.fr/,,,,
https://www.chambresdhotes-ladyjule.fr/,,,,
https://www.maisonnaturellebio.fr/,,,,
http://babysparelax.fr/,,,,
http://www.appartspaprivatif.fr/,,,,
https://hotel-spa-le-thor.fr/,,,,
https://www.masdesrieges.fr/,,,,
https://www.instantromantique.com/,,,,
https://www.hotelmadamedrouot.com/,,,,
https://www.phileashotel.com/,,,,
http://www.latourmaubourg.com/,,,,
http://www.leroyalspa.fr/,,,,
http://www.spathaidoree.com/,,,,
http://www.institutspaabricotine.com/,,,,
https://isaanthaispa.fr/,,,,
https://parismassage.fr/,,,,
http://www.vitalparc.com/,,,,
https://loft47spa.com/,,,,
https://lovenspa.fr/products/l-obscure,,,,
https://www.lesclefsdeval.com/,,,,
https://www.energie-et-beaute.fr/,,,,
https://www.othera-spa.fr/,,,,
https://enjoyyourlifes.fr/,,,,
https://www.ledomainedesdiamants.fr/le-fraisier,,,,
https://br.bluepillow.com/search/65e2282a93553be8f5569b78?dest=ago&cat=Vacation+rental+%28other%29&lat=49.64741&lng=4.61423&language=pt,,,,
http://www.galaxy-spa.fr/,,,,
http://institut-rimel.fr/,,,,
https://le-spa-pont-labbe.eatbu.com/?lang=fr,,,,
http://www.penichespa-lemakara.com/,,,,
https://www.cosy-and-spa.com/,,,,
https://centresmyrna.com/,,,,
https://www.planity.com/bien-etre-by-pauline-22170-plerneuf,,,,
https://www.radissonhotels.com/en-us/hotels/radisson-individuals-amoria-labaule?cid=a:se+b:gmb+c:emea+i:local+e:ri+d:ukirwe+h:FROBCAAA,,,,
http://www.pointe-saint-mathieu.com/,,,,
https://www.tantraloveroom.com/,,,,
https://reservation.urban-spa.fr/?ownerid=63991&propid=114549,,,,
https://www.la-spa.fr/poulainville,,,,
http://www.location-chalet-luxe-gerardmer.com/,,,,
http://reservationbeaute.fr/institut-de-beaute-et-spa-rituel-08000,,,,
https://www.escalebienetrespapuget.fr/,,,,
https://www.le-christiania.com/,,,,
https://www.moulindevernegues.com/,,,,
http://www.casadelsole-corsica.com/,,,,
https://boheme.spa/,,,,
https://www.planity.com/linstitut-cotentin-relaxation-india-spa-massage-soin-hammam-50500-appeville,,,,
https://www.spadolcevita.fr/,,,,
https://www.hotelrestaurantkerbot.com/,,,,
https://www.adagio-city.com/B795?utm_source=googleMaps&utm_medium=seoMaps&utm_campaign=seoMaps&y_source=1_MTUzNTkyODctNzE1LWxvY2F0aW9uLndlYnNpdGU%3D,,,,
https://www.villaduport.fr/,,,,
https://reservation.urban-spa.fr/?ownerid=63991&propid=114562,,,,
https://lescaledudonon.myweb.smoobu.com/,,,,
http://ospadecaudry.com.es/,,,,
https://www.tropical-lodge.fr/lannexe-du-tropical-lodge,,,,
http://www.lareserve-ramatuelle.com/?utm_source=google&utm_medium=local&utm_campaign=lrr,,,,
https://www.la-spa.fr/refuges,,,,
https://la-spa.fr/sarreguemines,,,,
http://www.asiaspaexperience.fr/,,,,
https://fr.caudalie.com/online-booking/location,,,,
https://www.suiteemeraude.fr/,,,,
https://www.lespritspabykatja.fr/,,,,
http://luxuryspa-loveroom.com/,,,,
https://mgallery.accor.com/hotels/B853?merchantid=seo-maps-FR-B853&sourceid=aw-cen&utm_source=google+Maps&utm_medium=seo+maps&utm_campaign=seo+maps&utm_term=MGallery-Launch,,,,
https://www.lasultanedesaba.com/,,,,
https://l-abri-spa-et-detente.meilleurhotel.top/,,,,
https://bluespa-fitness.com/,,,,
http://gitesdeliezey.fr/,,,,
https://www.apsarathaispa.com/,,,,
https://kechmara.fr/,,,,
https://aroma-spa-institut.fr/,,,,
http://www.infini-beaute-institut-lumbres.com/,,,,
https://yaroma-headspa.fr/,,,,
https://www.planity.com/amazona-reve-damazonie-30960-les-mages,,,,
http://www.gougnats.com/,,,,
https://www.planity.com/clementine-01340-montrevel-en-bresse,,,,
http://www.latelierspa.com/,,,,
https://www.ermitage-oasis.fr/,,,,
https://www.priva-spa-family.com/,,,,
https://lessuiteslove.fr/,,,,
https://all.accor.com/lien_externe.svlt?goto=fiche_hotel&code_hotel=C3J4&merchantid=seo-maps-FR-C3J4&sourceid=aw-cen&utm_medium=seo%20maps&utm_source=google%20Maps&utm_campaign=seo%20maps,,,,
https://sweethomespa.com/,,,,
https://www.obalinais.fr/reservation/,,,,
https://demeuredelabaronne.fr/,,,,
http://www.gite-lozere-tarn.com/,,,,
https://www.thalasso-resort-bretagne.com/fr/residence-hoteliere/residence-tourisme.html,,,,
http://www.vacances-uzes.fr/,,,,
https://lacabaneduval.fr/,,,,
https://www.planity.com/bello-spa-17170-la-laigne,,,,
https://www.letemps-duninstant.fr/,,,,
https://juvignac.zenitude-relais-spa.com/fr/,,,,
https://www.voiledor.fr/,,,,
https://www.hotel-spa-legambetta-bergerac.com/,,,,
http://autempledesens.com/,,,,
https://www.piscinesetspa35.fr/,,,,
https://www.migennes.azoya-spa.com/,,,,
https://www.la-spa.fr/millau,,,,
https://www.kalendes.com/naturaiaspa/#/welcome,,,,
https://bulleo-spa.fr/,,,,
https://linstantdouceur-spa.fr/,,,,
https://www.la-spa.fr/,,,,
https://www.la-spa.fr/etablissement/refuge-de-vitre-saint-germain-du-pinel/,,,,
https://lacabanedesmassages.fr/,,,,
https://www.hotel-coeurdemaurienne.com/,,,,
http://gite-spa-le-montagnard.fr/,,,,
https://spa-sauna-hammam.wixsite.com/bollene,,,,
https://www.villaboisoleil-lacanau.fr/,,,,
https://www.planity.com/o-soins-du-monde-45170-saint-lye-la-foret,,,,
https://www.spavilla94.com/,,,,
http://www.ospabeaute.fr/,,,,
http://www.giteetspa-alsace.com/,,,,
http://hotel-spa-vichy.fr/,,,,
http://sigridbeaute.wixsite.com/sigrid-beaute,,,,
https://spa.center.ivof.com/eden-spa-institut-saint-ouen-laumone/,,,,
http://institut-formentera.fr/,,,,
http://www.relaxnspa.fr/,,,,
https://www.spa-dune-santec.com/,,,,
https://www.planity.com/secrets-de-beaute-45770-saran-exp,,,,
http://www.laconciergeriedestruches.com/,,,,
http://beaute-amincissement42.fr/?utm_source=gmb,,,,
https://gite-et-spa21.fr/,,,,
https://institut-spa-eleo.wixsite.com/institut-spa-eleo,,,,
https://www.scharrach.fr/hotel/,,,,
http://www.tayaba.fr/,,,,
http://www.aqua-experience.fr/,,,,
http://www.linstitut-sezanne.fr/,,,,
https://www.laurybeaute.com/,,,,
http://www.sourceane.fr/,,,,
https://spadouai.com/,,,,
http://voluptea-institut-spa.fr/,,,,
https://villa-alienor.com/,,,,
https://paris-enghien-love-room.fr/,,,,
https://www.so-spa.fr/,,,,
https://escapaderouen.fr/,,,,
https://www.transhumance-pyrenees.fr/,,,,
https://azenka-spa.com/,,,,
http://www.ospapiscine.com/,,,,
https://www.odessa-spa.fr/,,,,
https://www.planity.com/eden-spa-institut-69170-tarare,,,,
http://www.o-spa-tarbes.fr/,,,,
https://www.capfrance-terrou.com/,,,,
https://www.hotelvillalamartine.com/,,,,
http://www.la-spa.fr/thionville,,,,
http://ldoceane.booksy.com/,,,,
https://institutspa-officiel.fr/,,,,
http://www.lespadulac.fr/,,,,
http://www.spa-institut-nymphea.fr/,,,,
http://www.appart-spa-gray.fr/,,,,
https://www.piscinescobas.fr/,,,,
https://www.planity.com/julia-spa-esthetique-59198-haspres,,,,
https://www.juliaspa.fr/,,,,
https://www.cocktailpiscine.com/,,,,
http://www.ococoonight.fr/,,,,
http://nouveaurefugespa.com/,,,,
https://gites-spa-strasbourg.fr/visiter/la-villa-11,,,,
http://www.leprinceregent.com/,,,,
https://luxury-lbs.com/,,,,
https://www.planity.com/l-beaute-38140-izeaux-6dm,,,,
http://www.chambres-hotes-nature-vosges.com/,,,,
https://www.planity.com/maison-marie-institut-35133-javene,,,,
https://app.superhote.com/#/get-available-rentals/qlm4WpxU7NzEkfvZqDkZXqm7K,,,,
https://www.planity.com/beldame-institut-spa-94340-joinville-le-pont,,,,
https://www.airotel-ocean.com/,,,,
https://www.airotel-ocean.com/camping-gironde-spa,,,,
https://www.vitalparc.com/fr/restaurant-bar-lacanau.html,,,,
https://lasourceauxdesirs.fr/,,,,
https://www.la-spa.fr/arry,,,,
https://www.institutdebeautejasmine.fr/,,,,
http://www.flottaison-ardennes.fr/,,,,
https://paumedamour-babyspa.fr/,,,,
http://www.sublim-et-sens.com/,,,,
https://all.accor.com/hotel/0994/index.fr.shtml,,,,
https://mgallery.accor.com/hotels/C2U9?merchantid=seo-maps-FR-C2U9&sourceid=aw-cen&utm_source=google+Maps&utm_medium=seo+maps&utm_campaign=seo+maps&utm_term=MGallery-Launch,,,,
https://www.planity.com/linstitut-spa-et-bien-etre-49150-bauge-en-anjou,,,,
https://www.lauzun-piscines-spas.com/,,,,
http://instant-zen-72.fr/,,,,
https://www.la-spa.fr/lons-le-saunier,,,,
https://www.la-spa.fr/etablissement/refuge-spa-de-saone-et-loire-beaurepaire-en-bresse/,,,,
http://www.cabanesdebelfahy.com/,,,,
https://www.roseanathee.com/?utm_source=google&utm_medium=wix_google_business_profile&utm_campaign=1204641228840593020,,,,
https://spa.accor.com/fr/hotels/0417?utm_source=google+Maps&utm_medium=seo+maps&utm_campaign=seo+maps,,,,
http://www.bulledespa.fr/,,,,
https://www.planity.com/moment-detente-62000-arras,,,,
https://www.lochin-piscines-abrisjardin.com/,,,,
https://sauna4tilleuls.fr/,,,,
https://omdesiam-massages.fr/,,,,
https://www.harmoniedavril.com/,,,,
https://cigogneshotel.fr/,,,,
http://ospadeflo.com/,,,,
https://www.planity.com/le-head-spa-de-lola-38510-saint-sorlin-de-morestel,,,,
http://gites-des-granges.amenitiz.io/,,,,
https://cath-equilibre.webnode.fr/,,,,
https://lartdelabeaute-cosne.fr/,,,,
https://nuancesdalcoves.com/,,,,
https://www.alexandre-institut.com/,,,,
https://www.planity.com/best-western-le-relais-de-laguiole-hotel-spa-12210,,,,
http://www.tahaa-spa.com/,,,,
http://www.saludamoreskobido.com/,,,,
https://www.lespadelaforet.com/,,,,
https://www.pool-services.fr/,,,,
https://www.mondial-piscine.eu/,,,,
https://lessencebambou.com/,,,,
https://www.baby-spa-sun-and-white.fr/,,,,
https://spa.center.ivof.com/thi-hoa-spa/,,,,
https://www.sumupbookings.com/bell-adetente,,,,
https://camomillebabyspa.fr/,,,,
https://www.planity.com/nia-nature-87000-limoges,,,,
http://www.montra.life/,,,,
https://lecrespin-gitelozere.fr/,,,,
http://www.zachhome.fr/,,,,
https://gite-brest.com/,,,,
https://naturezen.kalendes.com/,,,,
https://www.lespadanslenoir.com/nos-spas/le-spa-dans-le-noir-bordeaux/,,,,
https://www.la-spa.fr/etablissement/refuge-de-bouguenais-nantes/,,,,
https://www.esprit-piscine.fr/piscine-et-spa-29,,,,
http://www.hydrospa.fr/,,,,
http://www.obainsoleil.com/,,,,
https://www.planity.com/topaz-10450-breviandes,,,,
https://www.le-stbarnabe.com/fr/,,,,
https://www.planity.com/feenix-alexandrine-sporny-praticienne-bien-etre-bryueres-le-chatel-91680-bruyeres-le-chatel,,,,
https://oribabienetre.fr/,,,,
https://www.la-spa.fr/le-cannet,,,,
https://www.wclass.fr/fr/beautysalon,,,,
https://www.la-spa.fr/le-garric,,,,
https://maisonkaruna.com/,,,,
https://www.cbspa.fr/,,,,
https://abnb.me/193QxdCaHzb,,,,
https://www.chateaudelatourlandry.fr/slow-tourisme/,,,,
https://www.gites-spa-clairvauxleslacs.fr/,,,,
https://linstitut-clouange.netlify.app/,,,,
http://www.villaoceanzen.com/,,,,
https://www.opiovalbonnegolfresort.com/fr/notre-hotel/chateau-de-la-begude/,,,,
http://feeduspa.fr/,,,,
http://www.clini-spa.fr/,,,,
https://www.la-spa.fr/chameyrat,,,,
https://pranaspa.fr/,,,,
https://lucie-esthetique.jimdofree.com/,,,,
http://www.effyligne.com/,,,,
https://lumeaspa.fr/nos-prestations/,,,,
http://eclatdedouceheure.com/,,,,
http://zohra-spa.com/,,,,
https://www.planity.com/eden-spa-95350-piscop,,,,
https://www.greengo.voyage/hote/ecrin-nature-spa-villaconcept57,,,,
https://vichy-en-amoureux.com/,,,,
http://www.ubud-spa.fr/,,,,
https://spa-anahita.fr/,,,,
https://www.planity.com/lun-des-sens-20243-prunni-di-fiumorbo,,,,
https://chambrelapresquile.wixsite.com/website,,,,
https://douceurnaturel.com/accueil,,,,
https://www.latelierlumiere.fr/,,,,
https://www.booking.com/hotel/fr/le-spa-d-ailly.en-gb.html?aid=2068758&utm_source=seogooglelocal&utm_medium=description&utm_term=hotel-10569302&utm_campaign=en-gb&label=seogooglelocal-link-imagesaow-hotel-10569302_grp-2_gendate-20260816,,,,
https://reservation.gites-de-france-sud.fr/fiche-11G3218?ORI=GMAPS,,,,
https://centretamaris.fr/,,,,
http://www.suitepriveeailly.com/,,,,
http://www.planity.com/antik-spa-27110-le-neubourg,,,,
https://www.planity.com/garden-spa-95000-neuville-sur-oise,,,,
http://dolcebellezza.fr/,,,,
https://zenitudeparis.fr/,,,,
https://www.linstitutdubienetremassageetheadspa.fr/,,,,
http://www.institutmartine.com/,,,,
https://www.aquacove.fr/,,,,
http://www.villakerasy.com/?utm_source=google&utm_medium=organic&utm_campaign=my_business,,,,
http://www.legalet.fr/,,,,
https://www.lecalmedeleau.fr/,,,,
http://www.lilleospa.com/,,,,
http://spa-maroilles.com/,,,,
https://www.thalasso.com/destination/roscoff,,,,
https://legoluret.com/wp/,,,,
http://www.centralspa.fr/,,,,
https://www.hotel-mont-saint-michel.com/?utm_source=Google&utm_medium=Mybusiness&utm_campaign=GoogleMyBusiness,,,,
https://signaturebienetre-headspa-saintetienne.fr/,,,,
https://refugeinsoliteenbugey.fr/,,,,
http://www.poema-spa.fr/,,,,
http://www.parenthesespa.fr/,,,,
https://www.planity.com/hoya-spa-91310-montlhery,,,,
http://www.ambiancespa-beaute.fr/,,,,
https://www.lafolie20spa.com/,,,,
http://gouttesdedetente.fr/,,,,
https://manahiaspatulle.com/,,,,
http://www.levasionspa.fr/,,,,
https://hotelapartfr.cfd/villalcpsupbxhm,,,,
https://www.massage-spa-gannat.com/,,,,
https://www.le-clos-saint-michel.com/,,,,
https://www.planity.com/pascal-coste-pure-head-spa-loriol-sur-drome-26270,,,,
https://www.centremasroulan.com/,,,,
http://anne-floreheadspa.fr/,,,,
http://www.zenospa.fr/,,,,
https://www.loftandspa.com/,,,,
https://www.planity.com/s-glamm-institut-by-nouna-44430-le-loroux-bottereau,,,,
http://www.lavillabienetrespa.fr/,,,,
http://lesinstantsvoles.fr/,,,,
http://www.spalazen-nature.com/,,,,
https://www.kalendes.com/platform/booking/lemondeduspa,,,,
https://www.institut-lelotusbleu.com/,,,,
http://noctambullespa.fr/,,,,
http://www.eauxloft-louhans.fr/,,,,
https://www.hotelgallialondres.com/fr/hotel-romantique-pyrenees,,,,
https://www.barruerot.fr/,,,,
https://www.wellness-spas57.fr/,,,,
http://sodouceur.com/,,,,
https://www.panneethaispa.fr/,,,,
https://www.beaute-bien-etre-28.com/,,,,
http://www.familyspa.fr/,,,,
https://www.yakithaispa.fr/,,,,
http://www.linstant-bien-etre-spa.fr/,,,,
https://chrysalide-spa.fr/,,,,
https://www.ecleasoins.fr/,,,,
https://www.ilot-cosy-and-spa.fr/fr,,,,
https://www.planity.com/le-centre-spa-20200-bastia-nd4,,,,
https://bynaturespa.squarespace.com/,,,,
http://www.cantemerle-hotel-vence.com/,,,,
https://www.oetkerhotels.com/hotels/chateau-saint-martin/?utm_source=google&utm_medium=organic&utm_campaign=google_local_chateau_saint_martin,,,,
http://www.lepredescolombiers.fr/,,,,
https://lehameaudegalice.com/,,,,
https://www.golfdeclecy.fr/,,,,
https://rouet-nature.fr/,,,,
http://www.collineduchatperche.fr/,,,,
http://gite-vert-anduze.com/,,,,
https://masdeboissiere-cros-cevennes.fr/,,,,
http://moulindejouenery.fr/,,,,
https://gitelaruine.ellohaweb.com/,,,,
http://leclosdesvignes.alsace/,,,,
https://www.lodges-spas-meisenthal.fr/,,,,
http://lidylle.fr/,,,,
http://www.hostellerie-chateaux.fr/,,,,
http://hotel-clinique-repos.com/soins-spa/,,,,
http://www.lesrevesdebaiedesomme.com/,,,,
http://www.relais-du-beffroi.fr/,,,,
https://www.beauvallon.com/cedre-beaune,,,,
http://moulinbrune.fr/,,,,
https://www.kyriad.com/fr/hotels/kyriad-reims-centre?utm_source=google&utm_medium=maps&utm_content=FRA23306&utm_campaign=Kyriad,,,,
http://www.myspa-attitude.fr/,,,,
https://www.marriott.com/en-us/hotels/rheak-la-caserne-chanzy-hotel-and-spa-autograph-collection/overview/?scid=f2ae0541-1279-4f24-b197-a979c79310b0,,,,
http://www.bellile.com/,,,,
https://www.lasuiteprivee.fr/,,,,
https://www.radissonhotels.com/en-us/hotels/radisson-blu-resort-ajaccio-bay-spa?cid=a:se+b:gmb+c:emea+i:local+e:rdb+d:ukirwe+h:FRAJARSP,,,,
http://sofitel.accor.com/hotels/0587?merchantid=seo-maps-FR-0587&sourceid=aw-cen&utm_source=google+Maps&utm_medium=seo+maps&utm_campaign=seo+maps&utm_term=Sofitel-Launch,,,,
https://lyon-ouest.goldentulip.com/,,,,
https://www.gite-country-cottage-01.fr/,,,,
https://chateau-de-maillat.com/,,,,
https://hotel-resto-lounge-spa-romillysurseine.fr/,,,,
https://dreamspa.fr/,,,,
https://www.belenos-suites-spa.com/,,,,
https://unepauseadeux.fr/,,,,
https://app.flexybeauty.com/zenit-beaute-and-spa,,,,
https://www.parchotel-alsace.com/?utm_source=google&utm_medium=organic&utm_campaign=fiche,,,,
https://www.marriott.com/en-us/hotels/sxbak-maison-rouge-strasbourg-hotel-and-spa-autograph-collection/overview/?scid=f2ae0541-1279-4f24-b197-a979c79310b0,,,,
http://www.lamaisondejadespa.com/,,,,
http://closgrimont.com/,,,,
https://ressource-dame.fr/,,,,
http://www.la-gatine.fr/,,,,
https://www.paradissecretspa.fr/,,,,
https://www.clos-saint-paul.com/,,,,
http://www.zenia-hotel-spa.fr/,,,,
https://rspire.reservio.com/?utm_id=97759_v0_s00_e227_tv3_tp1&fbclid=IwRlRTSASyV_VleHRuA2FlbQIxMABzcnRjBmFwcF9pZAo2NjI4NTY4Mzc5AAEec6ySQ7OsIpmJts3Vu_F3pkLh7SQqQoSKPC7mpZq6H99H8dPOaSvMq2RnwMg_aem_ltByj0jSvY1BlG0hHSjSmA#services,,,,
http://www.clos-celeste.com/,,,,
https://www.hotel-de-brunville.com/,,,,
https://www.grand-hotel-luxembourg.com/,,,,
https://www.domaineduchatelet.com/,,,,
http://www.hotel-rambouillet.com/,,,,
https://www.beauvallon.com/villa-florentine,,,,
https://www.hotel-lesvagues-arcachon.com/,,,,
http://escapade-en-luberon.com/,,,,
http://www.maisonelincourt.com/,,,,
https://vichy.kyriad.com/fr-fr/,,,,
https://www.loreedes4chemins.fr/,,,,
http://www.auvergne-chalets.fr/,,,,
http://www.cosyloftspa.com/,,,,
https://www.la-belle-epoque-cournon.fr/,,,,
https://www.domainesaintflorent.com/fr,,,,
https://www.bacam-spa-privatif.com/,,,,
https://www.leslodgessaintevictoire.com/,,,,
https://www.grandesetapes.com/chateau-hotel-isenbourg-alsace?utm_source=google&utm_medium=gmb&utm_campaign=gmb-ise,,,,
http://www.le-domaine-enchante.fr/,,,,
https://unenuitauspa.com/,,,,
https://www.suite-eden-spa.com/,,,,
https://www.maspuig.com/,,,,
https://www.hotel-lechapitre.com/,,,,
https://www.epinalhotellafayette.com/,,,,
https://www.hotel-interlaken.fr/,,,,
https://www.giterochedesducs.com/,,,,
https://www.gitelavosgienne.com/,,,,
https://www.hotelpechedevigne.fr/,,,,
https://www.gites-de-france-morbihan.com/location-vacances/Gite-Serent-56G24422.html?nbp_min=2,,,,
https://www.hotel-altitude.fr/,,,,
https://www.les-finesbulles.com/,,,,
https://www.chambre-spa-privatif-somme.fr/,,,,
https://www.ternelia-lm.com/hotel/chadenas-spa-embrun/,,,,
http://www.hotelvillaromanticparis.com/,,,,
http://www.taimhotel.com/,,,,
https://all.accor.com/lien_externe.svlt?goto=fiche_hotel&code_hotel=1223&merchantid=seo-maps-FR-1223&sourceid=aw-cen&utm_medium=seo%20maps&utm_source=google%20Maps&utm_campaign=seo%20maps,,,,
https://www.nuitsdycimes.fr/,,,,
https://www.lajarbelle.com/,,,,
https://letrophee.com/appart-hotel-deauville/,,,,
http://www.auberge-de-la-source.fr/,,,,
https://www.hoteledenspa.com/,,,,
https://www.hyggechalets-spa.fr/,,,,
https://www.lesateliersducucheron.com/,,,,
https://www.latourauxcrabes.com/hotel-spa-normandie/chambres-dieppe,,,,
https://toietmoigite.fr/,,,,
http://www.beauvallon.com/briqueterie,,,,
https://www.manoir-henri-giraud.com/fr,,,,
https://frgite.click/te-vintage-spa-v5jzul,,,,
https://www.hotel-radiana.com/,,,,
http://www.generaldelbee.fr/,,,,
http://www.lescabanesdumoulin.fr/,,,,
https://www.bhd-lodge.com/,,,,
https://domaine-des-dryades.com/?utm_source=google&utm_medium=organic&utm_campaign=mybusiness,,,,
http://www.nordiquefrance.com/?utm_source=google&utm_medium=organic&utm_campaign=local,,,,
http://www.hotel-liberata.fr/,,,,
https://www.hotel-casarossa.com/,,,,
http://www.hotel-lapietra.com/,,,,
http://www.bestwestern-hotel-crystal.com/,,,,
https://all.accor.com/lien_externe.svlt?goto=fiche_hotel&code_hotel=9170&merchantid=seo-maps-FR-9170&sourceid=aw-cen&utm_medium=seo+maps&utm_source=google+Maps&utm_campaign=seo+maps&y_source=1_MTUzNjAyMTgtNzE1LWxvY2F0aW9uLndlYnNpdGU=,,,,
http://www.lecoq-gadby.com/?utm_campaign=uberall&utm_source=googlelisting&utm_medium=organic,,,,
https://suites47spa.fr/,,,,
http://www.carnaclodge.com/?utm_source=google&utm_medium=organic&utm_campaign=gtm,,,,
https://www.hotel-edenia-carnac.fr/,,,,
https://www.radissonhotels.com/en-us/hotels/radisson-blu-malo-les-bains?cid=a:se+b:gmb+c:emea+i:local+e:rdb+d:ukirwe+h:FRMLBHSP,,,,
https://www.o-chambres-dhotes-nord.fr/,,,,
https://www.le-clos-saint-vincent.com/,,,,
https://gites-omessa-haute-corse.fr/,,,,
http://juliaspa.fr/,,,,
https://www.planity.com/hotel-lescale-piscine-spa-cap-blanc-nez-62179-escalles,,,,
http://www.maisonblanchelocations.com/,,,,
https://www.chateaudefiac.com/,,,,
http://www.hotel-lerivedroite.com/,,,,
http://www.sowood33.com/,,,,
https://chateaulecusse.fr/hotel,,,,
http://www.les-pertuis-rochelais.fr/?utm_source=gmb,,,,
https://www.cabanes-peydebe.fr/,,,,
http://www.chateau-de-floure.com/,,,,
http://www.chateaudupalanquey.com/,,,,
https://www.capmasil.fr/,,,,
http://www.aloreeduparc-auvergne.com/,,,,
http://eleganceetspa.fr/,,,,
https://garrigae.fr/etablissements/distillerie-de-pezenas/,,,,
https://www.hotel-marmotte.com/?utm_source=google&utm_medium=organic&utm_campaign=fiche,,,,
https://www.hotel-lesgets.com/,,,,
http://www.loreedesbois-ardeche.com/,,,,
http://www.lafermebeauregardspa.com/,,,,
https://all.accor.com/lien_externe.svlt?goto=fiche_hotel&code_hotel=B6F6&merchantid=seo-maps-FR-B6F6&sourceid=aw-cen&utm_medium=seo%20maps&utm_source=google%20Maps&utm_campaign=seo%20maps,,,,
https://www.l-ostal.eu/,,,,
https://maison-dada.com/,,,,
https://www.leshautsdebagadou.fr/,,,,
http://www.happyspa.fr/,,,,
http://www.vuemer-chambresetspa.fr/,,,,
https://www.chateauartigny.com/,,,,
https://www.auvieuxmorvan.com/,,,,
https://manoirdelasauvageonne.com/,,,,
https://www.hotelstalban.com/,,,,
http://sofitel.accor.com/hotels/0557?merchantid=seo-maps-FR-0557&sourceid=aw-cen&utm_source=google+Maps&utm_medium=seo+maps&utm_campaign=seo+maps&utm_term=Sofitel-Launch,,,,
http://www.lapetitemadeleine.net/,,,,
http://www.entre-mer-et-pinede.fr/,,,,
https://www.suitehelios.fr/?utm_source=google&utm_medium=wix_google_business_profile&utm_campaign=3036296098534775700,,,,
http://www.lespatinium.com/,,,,
http://www.le-moulin-etourneau.com/,,,,
http://www.hotelsoleil.com/,,,,
https://www.location-provence-et-montagne.com/fr/chambre/love-room,,,,
http://www.lemasromantique.fr/,,,,
https://www.chambresdhotes-valence.fr/,,,,
https://www.beautengocmai.com/,,,,
http://lemasdupestrin.com/,,,,
http://lemasdebriquepierre.fr/,,,,
https://www.ferme-chateaudecordey.com/,,,,
https://www.cabanesdupuymary.fr/,,,,
http://www.domainelasalvagie.fr/,,,,
https://lelodgeoccitan.wixsite.com/meuble-de-tourisme-c,,,,
https://nid-cosy.fr/,,,,
https://mgallery.accor.com/hotels/8232?merchantid=seo-maps-FR-8232&sourceid=aw-cen&utm_source=google+Maps&utm_medium=seo+maps&utm_campaign=seo+maps&utm_term=MGallery-Launch,,,,
http://www.borie-du-chevrier.com/,,,,
https://hotel-les-dunes.com/,,,,
https://roomapartfr.cyou/gtedomaineqap11,,,,
http://www.sensetspa.fr/,,,,
http://www.chabichou-courchevel.com/,,,,
http://www.hotelrevellata.com/,,,,
http://www.lafermedudouanier.com/,,,,
https://www.thalasso.com/destination/saint-jean-de-monts,,,,
http://www.ariane-mt-st-michel.com/,,,,
https://lecouventherepian.com/,,,,
https://leclosdelaronziere.fr/,,,,
https://beautifulspa.fr/,,,,
https://www.lejardindevossecrest.fr/,,,,
http://www.gentianettes.fr/?utm_campaign=uberall&utm_source=googlelisting&utm_medium=organic,,,,
https://lechalet-loftspa.fr/,,,,
http://www.domainedeslumieres.com/,,,,
http://www.chateaupimo.fr/,,,,
https://hotelcasa-c.com/fr/?utm_source=mybusiness&utm_medium=organic&utm_id=mybusinessorganic,,,,
https://absoluspaporto-vecchio.com/,,,,
https://www.falgos.com/?utm_source=google&utm_medium=organic&utm_campaign=mybusiness,,,,
https://maisonnova-collioure.com/?utm_source=google&utm_medium=organic&utm_campaign=fiche,,,,
https://www.mas-des-colombes.com/,,,,
http://www.viadoma.fr/,,,,
https://www.booking.com/hotel/fr/les-logis-du-port-suites-amp-spa-port-canal-montauban.fr.html?aid=356980&label=gog235jc-10CAsoTUI1bGVzLWxvZ2lzLWR1LXBvcnQtc3VpdGVzLWFtcC1zcGEtcG9ydC1jYW5hbC1tb250YXViYW5IDVgDaE2IAQGYATO4ARfIAQzYAQPoAQH4AQGIAgGoAgG4Asmx6tAGwAIB0gIkNDNiYWE4ZmYtOTVkOC00OGJkLWE5MjctZWUwZjQ4YjU1YjQx2AIB4AIB&sid=d7b1d1acb9667b7726118fd3a1e69ddb&dest_id=-1452421&dest_type=city&dist=0&group_adults=2&group_children=0&hapos=1&hpos=1&no_rooms=1&req_adults=2&req_children=0&room1=A,,,,
https://www.planity.com/lp-beauty-massage-head-spa-27210-fiquefleur-equainville,,,,
http://www.reveaubois.fr/,,,,
http://www.nature-et-spa.com/,,,,
https://www.chateau-hospitalet.com/,,,,
http://www.hotels-gruissan.com/,,,,
https://www.allevard-les-bains.com/offres/le-parc-hotel-spa-allevard-fr-6293045/,,,,
https://www.lesbullesdesavoie.com/,,,,
https://www.booking.com/hotel/fr/exotic-spa.fr.html?label=gen173bo-1DCAsoTUIKZXhvdGljLXNwYUgzWANoTYgBApgBDbgBGMgBDdgBA-gBAYgCAZgCBqgCBLgC86SyqQbAAgHSAiRmODg1MGFmYi0yOWY4LTRkODYtODBlZS0zMThlZTFkNjMwMzjYAgTgAgE&sid=966c85e58e2b93af73277c2bef67f126&room1=A%2CA	sb_price_type=total	type=total&,,,,
https://www.le-saint-antoine.fr/spa-bien-etre-hotel-piscine-lamarche-sur-saone-dijon,,,,
https://chambre-d-hote-oustaou.com/,,,,
https://br.bluepillow.com/search/69f931a5a8387c9ba635a3a5?dest=bkng&cat=House&lat=43.36658&lng=6.21148&language=pt,,,,
http://lechaletromantique.fr/,,,,
https://audomainedupredieu.com/,,,,
http://www.manoirdeconde.com/,,,,
https://www.tropical-lodge.fr/,,,,
https://leclosvercheron.fr/,,,,
https://netfr.click/partage-viala-chambre-eg816m,,,,
http://www.celigne.fr/,,,,
https://www.planity.com/flore-spa-34510-florensac,,,,
https://www.leshautsdurebeillou.com/,,,,
https://hotel-st-brieuc-plerin.brithotel.fr/?utm_source=google&utm_medium=seo&utm_campaign=gmb,,,,
https://dennisstravelexperience.com/castle-spa-foix-france,,,,
https://chambresdhoteslimousin.fr/,,,,
https://www.prestige-spas-piscines.fr/,,,,
http://www.masdegarrigon.com/,,,,
http://www.ledomainedesdoucins.com/,,,,
https://www.locacharme.fr/fr/chambre/castel-house?info[arrival_date]=06/06/2024&info[departure_date]=08/06/2024&info[rooms]=true&info[total_adult]=2,,,,
https://gites-atypiques-saumur.com/,,,,
https://saumur-centre.kyriad.com/fr-fr/?utm_content=partoo&utm_medium=seo-bgp&utm_source=google,,,,
http://www.naturalys-spa.com/,,,,
http://appart.hotel-lens.com/,,,,
http://www.hotelvatel.fr/fr/nimes,,,,
https://www.boisbolchet-ecolodge-spa.com/,,,,
https://www.pierreetvacances.com/fr-fr/fp_HOL_location-residence-premium-residence-et-spa,,,,
https://www.lovebulle.fr/,,,,
http://www.unique-hotelsresidences.com/,,,,
https://unmomentspa.fr/,,,,
https://www.legrandbe.com/,,,,
http://www.lareserve-paris.com/en/?utm_source=google&utm_medium=local&utm_campaign=la-reserve-paris,,,,
http://au-domaine-fresnois.com.es/,,,,
https://www.loxybullesetspa.fr/,,,,
https://www.gites-ecrindevendee-maisonneuve-sallertaine.com/,,,,
http://www.lebassindutertre.fr/,,,,
https://www.gites-cabanes-spa-aveyron.com/fr-fr,,,,
https://cnaturel.ellohaweb.com/,,,,
https://spadium-monts.fr/,,,,
http://spadium-monts.fr/,,,,
https://terracottapiscines.com/,,,,
https://www.bahyanspa.com/,,,,
https://www.declercq-piscines.fr/,,,,
https://sophia-antipolis.goldentulip.com/,,,,
https://www.bastidedeloliveraie.fr/,,,,
http://dansunjardin.hubside.fr/,,,,
http://www.pulseayurveda.com/,,,,
http://aubergedevalmoureze.com/,,,,
http://www.hammam-arts.com/,,,,
https://www.grandhotel-perrosguirec.com/,,,,
https://gite-landes-location.fr/,,,,
https://www.leslandines.com/,,,,
http://www.padja-hotel-spa.com/,,,,
http://www.hotel-villa-saint-antoine.com/,,,,
https://www.ledamantin.com/?utm_source=GMB&utm_medium=organic&utm_campaign=gmb,,,,
http://www.sablesdocre.fr/,,,,
http://www.ladomitia.com/,,,,
https://www.lemaquisrooms.fr/,,,,
https://www.lebainsauvage-pyrenees.com/,,,,
https://www.domainelesfeuillants.com/,,,,
http://laetitia-paluma-massage.fr/,,,,
https://gites-neuvicqlechateau.fr/,,,,
http://www.pommedamourspa.com/,,,,
https://www.planity.com/majestic-hammam-69250-neuville-sur-saone-3x5,,,,
http://www.la-joie-de-vivre.fr/,,,,
http://www.niceandspa.org/?utm_medium=referral&utm_source=gmb&utm_campaign=lnk-gmb,,,,
https://www.instant-spa-nice.com/,,,,
https://magasin.aquilus-piscines.com/143-aquilus-piscines-et-spas-bourgoin?utm_source=gmb,,,,
http://carecenter.fr/,,,,
https://www.piscines-spas.com/?utm_source=gmb,,,,
https://www.nympheadetente.com/,,,,
http://asianthaispa.fr/,,,,
http://www.sueno-institut.fr/,,,,
https://www.planity.com/centre-de-bien-etre-lescale-13550-noves,,,,
http://www.cote-spa-lens.fr/,,,,
https://pornichet.relaisthalasso.com/,,,,
https://hotel-labaule-gardenspa.com/,,,,
http://www.domaineroma.fr/,,,,
https://www.lebonchemin-53.fr/,,,,
https://spa-angers.fr/,,,,
https://www.leparchotel.fr/fr/asiane-hotel-spa-strasbourg,,,,
https://lagouttedevasion.fr/,,,,
http://albatrepiscines.com/,,,,
https://www.pur-elegance.com/?utm_source=gmb,,,,
http://www.institut-beaute-oloron.fr/,,,,
http://nu-de.fr/,,,,
http://www.a2pasdesvignes.com/,,,,
https://baccarratspa.wixsite.com/baccarat-spa,,,,
https://suites-marines.com/,,,,
https://www.pausesublime.com/,,,,
https://apparthotelladestiere.top/,,,,
https://magasin.aquilus-piscines.com/132-aquilus-piscines-et-spas-paray-le-monial?utm_source=gmb,,,,
https://letainstitut-parentisenborn.fr/,,,,
https://www.manuitospa.com/,,,,
https://all.accor.com/lien_externe.svlt?goto=fiche_hotel&code_hotel=0344&merchantid=seo-maps-FR-0344&sourceid=aw-cen&utm_medium=seo%20maps&utm_source=google%20Maps&utm_campaign=seo%20maps,,,,
https://polar-spas.fr/,,,,
https://www.hotelsaintpetersbourg.com/fr/?utm_source=GBP,,,,
http://www.leroch-hotel.com/,,,,
https://www.hoteljardinsdemademoiselle.com/,,,,
http://auxbainsmontorgueil.fr/,,,,
http://www.hotel-bresil-opera.com/,,,,
https://maisonthaispa.fr/,,,,
https://www.nadis-spa.com/,,,,
http://www.zenthaispa.com/,,,,
https://hotelkleberparis.com/,,,,
https://www.alohaspa-chartres.com/,,,,
https://www.demeureduporzou.fr/,,,,
https://kergroaz.bzh/,,,,
https://magasin.aquilus-piscines.com/123-aquilus-piscines-et-spas-pont-salomon?utm_source=gmb,,,,
https://www.eau-jardin-piscine-et-spa.com/,,,,
https://www.dahomeyspa.com/home,,,,
https://haumeababyspa.fr/lieux/seine-et-marne/pontault-combault/,,,,
https://gite-o-bien-etre-massage.amenitiz.io/fr,,,,
http://institutrevedebienetre.fr/,,,,
https://spadiumzen.smartbooker.fr/,,,,
https://www.planity.com/art-et-beaute-83480-puget-sur-argens,,,,
https://www.planity.com/wat-pho-heritage-92800-puteaux,,,,
https://www.sowell.fr/hotel/le-parc-spa/,,,,
https://all.accor.com/lien_externe.svlt?goto=fiche_hotel&code_hotel=0909&merchantid=seo-maps-France-0909&sourceid=aw-cen&utm_medium=seo%20maps&utm_source=google%20Maps&utm_campaign=seo%20maps,,,,
https://gratuit-5039415.webadorsite.com/,,,,
https://www.la-spa.fr/quimper,,,,
https://www.planity.com/lhibiscus-beauty-spa-81800-rabastens,,,,
http://larome-loveroom.fr/,,,,
https://spa-odyssee.fr/,,,,
http://xn--coeurdetroyes-olb.fr/,,,,
https://www.chateauloyd.com/,,,,
https://panoramasuitespa.ellohaweb.com/,,,,
https://www.alombredespods.fr/,,,,
http://domaineourea.com/,,,,
http://domaineduchantdelaplanche-spa.fr/,,,,
http://www.royalpalacehotelspa.com/,,,,
http://cotespa.fr/,,,,
http://www.awelys-spa.com/,,,,
https://www.chambres-hotes.fr/ch21476,,,,
https://www.hilton.com/en/hotels/tlnleqq-le-hameau-des-pesquiers-ecolodge/?SEO_id=GMB-EMEA-QQ-TLNLEQQ,,,,
https://le-passionnant-hotel-morzine.eatbu.com/?lang=fr,,,,
https://sabrinalecoz.com/,,,,
http://escalenamaste.fr/,,,,
http://www.la-demeure-insoupconnee-cassis.com/,,,,
http://www.hotel-cezanne.fr/,,,,
http://www.chambres-hotes.fr/33037,,,,
https://www.malitespa.com/,,,,
https://www.royalspa.fr/,,,,
https://zengardeninstitut.com/,,,,
https://www.hotel-dubarry.fr/,,,,
https://anemosspa.fr/,,,,
https://frmaps.xyz/business/les-soins-de-ness-beaut-spa-MWvaPXZY,,,,
http://www.luxeandspa.com/,,,,
https://www.souki-lodges.com/?utm_source=google&utm_medium=organic&utm_campaign=mybusiness,,,,
http://www.perles-de-spa.fr/,,,,
https://www.chambre-hote-sete.com/,,,,
https://centresaquatiquesagglo.com/,,,,
http://rongshu-13.fr/,,,,
https://www.lesbainsdusud.fr/,,,,
http://sofitel.accor.com/hotels/2049?merchantid=seo-maps-FR-2049&sourceid=aw-cen&utm_source=google+Maps&utm_medium=seo+maps&utm_campaign=seo+maps&utm_term=Sofitel-Launch,,,,
http://moncocoonspa.fr/,,,,
https://app.reservation-en-ligne.fr/koantiz-44290-masserac/home,,,,
http://www.lesbichonnieres.com/,,,,
https://love-room-bordeaux.com/,,,,
https://www.domaineduferret.com/,,,,
https://www.lasymphoniedesmains.com/,,,,
https://my-love-spa.fr/,,,,
http://www.mhhotelspa.com/,,,,
https://chalet-les-loups.fr/,,,,
http://magasin.aquilus-piscines.com/408706-aquilus-rennes?utm_source=gmb,,,,
https://espaceprivegiteetspa.hubside.fr/,,,,
http://www.chateaudeneyran.fr/,,,,
https://www.barracuda-spa.com/,,,,
https://www.sensei-spa.fr/,,,,
https://www.domainedumoulinavent-gitespa.fr/,,,,
http://www.institutmahea.fr/,,,,
https://www.pavillon-faubourg-saint-germain.com/,,,,
https://www.domainedechaligny.com/,,,,
https://www.planity.com/lart-et-la-beaute-85210-saint-jean-de-beugne,,,,
http://institut-beaute-des-lys.fr/,,,,
http://www.viladelamar.com/,,,,
https://www.planity.com/beaute-by-kaoutar-39150-saint-laurent-en-grandvaux,,,,
https://reservation.delkeys.fr/reservation/?appart=propertyKeykYDSTU6e2rr6OPPLbr6jkeFNV,,,,
https://www.kalendes.com/saintlysbeautespa/#/welcome,,,,
https://www.coteetspa.net/,,,,
https://www.dcl-piscine.com/,,,,
https://www.planity.com/aqualya-spa-26130-saint-paul-trois-chateaux-l7t,,,,
https://www.planity.com/esthetica-spa-95110-sannois,,,,
https://www.lon-spa.com/,,,,
http://www.evasionetspa.fr/,,,,
https://www.villasweethome-spa-angers.com/?utm_source=google&utm_medium=wix_google_business_profile&utm_campaign=15714993667338853271,,,,
https://www.carrebleu-pau.fr/,,,,
https://www.nicole-esthetique-spa.com/,,,,
http://www.couleursboisetspa.com/,,,,
http://www.revdeau.com/,,,,
https://www.chateau-de-theoule.com/fr/,,,,
http://www.elixirinstitut-spa.fr/,,,,
https://www.piscine-64.com/,,,,
https://www.kalendes.com/institutevasionspa/#/booking,,,,
https://hammam-justepourelles.com/,,,,
https://www.spa.leniddelerdre.fr/,,,,
https://vitazensel.fr/?utm_source=Google+My+Business&utm_medium=organic,,,,
https://sites.google.com/d/1pdoWmnfrtBKscqY-nMur80f7r21F2WUg/p/11ykF9OIFpgD0z4HCUkNSk3Gj0QUdZm_2/edit,,,,
http://www.sensoria-spa.com/,,,,
https://www.planity.com/hightech-bb-spa-spa-des-sens-92340-bourg-la-reine-iih,,,,
https://www.palmyra-beaute.fr/,,,,
https://www.vrbo.com/pdp/lo/23496323?MDPCID=VRBO-META.HPA.WEB-ORGANIC.VR,,,,
http://www.lesspasdumillamour.fr/,,,,
http://www.izeaspa.com/,,,,
https://aucoeurduspa.com/,,,,
https://lavuedardenne.fr/,,,,
http://www.easy-piscines-les-herbiers.fr/,,,,
https://www.sowell.fr/hotel/mont-blanc/,,,,
https://reservations-eden-spa-idron.fr/,,,,
https://www.planity.com/aquabeauty-21120-is-sur-tille,,,,
https://ladependance-spa.com/,,,,
https://www.cybevasion.fr/chambres-hotes-manoir-les-feuillantines-piscine--spa-isques-e88927.html,,,,
http://www.auverviespa.com/,,,,
https://frmaps.xyz/business/mineral-spa-hPsAx9Oo,,,,
http://lns-institut.fr/,,,,
https://www.escapezen.fr/,,,,
https://gite-h2o-spa.fr/,,,,
https://appartement-spa-nahleo-industriel.stayinfrance.top/,,,,
http://www.leauriental-spa.fr/,,,,
https://salyevasion.fr/,,,,
http://www.aideaupiscine.fr/,,,,
http://www.chrysbeaute.fr/,,,,
http://institut-reyana.fr/,,,,
https://www.assa-spa.fr/home,,,,
https://www.massaya-spa.fr/,,,,
https://www.planity.com/flowzen-avrille-49240,,,,
https://www.grain-beaute-spa.com/,,,,
https://www.booking.com/hotel/fr/maison-de-village-barbentane-avec-spa.en-gb.html?aid=2068758&utm_source=seogooglelocal&utm_medium=description&utm_term=hotel-11822036&utm_campaign=en-gb&label=seogooglelocal-link-imagesaow-hotel-11822036_grp-0_gendate-20260816,,,,
http://www.spa-desbauxdeprovence.com/,,,,
https://lauzun-piscines-spas.com/magasin-piscines-spas-langon-bazas/,,,,
https://air.tl/ZLIJ83m4,,,,
https://www.suite-b-spa.com/,,,,
https://spadestination.fr/,,,,
https://tablissement-ferm-manoir-de-benerville-et-spa.tourdefrancetravel.top/,,,,
https://www.euphoriaspa.fr/,,,,
https://www.naturel-beaute-spa-somme.fr/,,,,
http://www.aucosyspa.fr/,,,,
https://ecoleterrade.com/ecoles/rhone-alpes/vichy/campus-vichy/?utm_campaign=GoogleMyBusiness&utm_medium=Local&utm_source=Google&utm_content=Site+Web,,,,
https://www.planity.com/the-black-square-04510-aiglun,,,,
https://www.la-charmaie.com/,,,,
https://masdeletoile.eu/,,,,
https://www.planity.com/manava-spa-kobido-anti-age-massages-drainage-34000-montpellier,,,,
https://reservationbeaute.fr/yoshino-institut-luxeuil-les-bains/institut-beaute-bien-etre-et-spa-luxeuil-les-bains-centre-historique-70300-cosmetiques-biologiques-et-naturels-,,,,
http://luneblanche.fr/,,,,
https://ecoleterrade.com/ecoles/normandie/alencon/campus-alencon/?utm_campaign=GoogleMyBusiness&utm_medium=Local&utm_source=Google&utm_content=Site+Web,,,,
https://asian-spa.com/,,,,
https://copacabanainstitut.com/,,,,
https://www.planity.com/head-spa-mad-origins-13800-istres,,,,
https://leliving-institut.com/,,,,
https://jayaprada-ayurveda-spa.com/,,,,
http://antinella-esthetique-millau.com/,,,,
https://www.lechamarelspa.fr/,,,,
https://www.planity.com/le-cocon-de-lily-76190-saint-clair-sur-les-monts,,,,
http://www.jo-anna-massage.fr/,,,,
http://espacebeautebyanais.fr/,,,,
https://www.toulbienetre.fr/?utm_source=gmb,,,,
http://www.maisondhotesdelaboissiere.com/,,,,
https://app.kiute.com/tao-institut,,,,
https://serenizen-headspa.fr/,,,,
https://www.villalesnevalspa.com/,,,,
https://odeaspa.fr/,,,,
https://www.planity.com/la-pause-pampa-62880-annay?fbclid=IwVERDUAM-FbZleHRuA2FlbQIxMAABHuGOIUm5caggPU-6gLD3FyAxQH6BTRn-iWofkI9nSo6M-93pqzTrl9iI-9H-_aem_P4W5OCPvc_Vn4LQDH-J8kg,,,,
https://harmoniarituelspabeaute.fr/,,,,
http://www.noescapeannonay.fr/,,,,
https://belo-piscine.fr/,,,,
https://marineheadspa76.simplybook.it/,,,,
https://www.planity.com/liora-head-spa-energetique-38280-villette-danthon,,,,
http://www.oasis-piscines.fr/,,,,
http://www.corsepiscine.com/,,,,
http://changsiamthaispa.com/,,,,
https://www.planity.com/art-des-sens-62200-boulogne-sur-mer-uwv,,,,
http://ava-spa.eu/,,,,
https://lartduspa.kalendes.com/,,,,
https://www.airellesspa.com/?utm_source=gmb,,,,
https://sankkura.fr/,,,,
http://www.odazurspa.com/,,,,
https://app.kiute.com/lozen-spa-1,,,,
https://www.douce-vague.bzh/,,,,
https://lemanaspa.com/,,,,
https://www.divinnightspa.com/fr,,,,
https://janstraveltips.com/la-valentine-spa-france,,,,
https://etresoisophrologiemassage.fr/,,,,
https://lesreinesdebeaute.kalendes.com/,,,,
https://www.daothaispa.com/,,,,
http://www.lescale-spa.fr/,,,,
https://elixirduspa-cherbourg.fr/,,,,
http://www.planity.com/delphes-esthetique-clairoix,,,,
https://www.shoppingpromenade-clayesouilly.fr/enseigne/yogi-spa/,,,,
http://www.aqualys-lespa.fr/,,,,
https://br.bluepillow.com/search/6811ca006178c7268f2e4d4d?dest=bkng&cat=House&lat=45.05947&lng=1.66599&language=pt,,,,
http://suites-residences-spa.com.es/,,,,
http://www.spamahana.fr/?utm_source=gmb,,,,
https://magasin.aquilus-piscines.com/125-aquilus-piscines-et-spas-laval?utm_source=gmb,,,,
http://www.planity.com/jaroen-thai-spa-92400-courbevoie,,,,
https://www.baanpik.fr/,,,,
https://paradiseinstitut78.com/,,,,
https://ospacieux.kalendes.com/,,,,
http://justeuninstantpourelle.com/,,,,
http://sites.google.com/view/royal-riviera-fishspa,,,,
http://tendancespa-larochesuryon.fr/,,,,
https://www.revesdebeaute.fr/,,,,
https://www.moninstantmassage.fr/,,,,
https://www.stefmassageroisel.com/,,,,
https://okhoon.fr/?utm_source=google+local&utm_medium=Fiche+%C3%A9tablissement+Langueux&utm_campaign=Fiche+%C3%A9tablissement+Langueux,,,,
https://hestia-dbe.fr/,,,,
http://www.spa-aqualora.fr/?utm_source=gmb,,,,
http://www.thalasso-resort-bretagne.com/,,,,
http://www.bullededen.com/,,,,
http://www.spadesplagesdeloire.fr/,,,,
https://legerclaire-hypnose49.fr/,,,,
https://www.planity.com/la-villa-des-5-sens-31320-castanet-tolosan,,,,
https://www.planity.com/la-malouiniere-des-longchamps-hotel-spa-aqua-bien-etre-35430-saint-jouan-des-guerets,,,,
http://www.spa-besancon.fr/,,,,
https://www.prendre-rdv.fr/dbe,,,,
http://spaevasion.fr/,,,,
https://www.hotel-les7fontaines.com/fr/le-spa?utm_source=google&utm_medium=organic&utm_campaign=gmb,,,,
https://www.spadescailloux.fr/,,,,
https://spa.1770-avignon.fr/,,,,
https://spalescinqsensfougereslecousse.fr/?clear-pimpmyshop=1&,,,,
https://www.spavallea.com/,,,,
https://www.deepnature.fr/dn_fr/center-parcs-domaine-des-trois-forets.html,,,,
https://www.planity.com/spa-amara-76190-yvetot,,,,
http://www.audreystetik.com/,,,,
https://www.dodoetc.com/spa,,,,
http://planity.com/les-rituels-de-charlyne-72500-dissay-sous-courcillon,,,,
https://www.commanderie.fr/fr/contact-et-acces-chateau-spa-rhone-alpes,,,,
http://www.giteduvieuxsaule.fr/,,,,
https://www.spaprivatifbyxela.com/,,,,
https://www.spa-entrenous.com/,,,,
https://www.booking.com/hotel/fr/spa-nature-et-vous.fr.html?label=gen173nr-10CAsoTUISc3BhLW5hdHVyZS1ldC12b3VzSDNYBGhNiAEBmAEzuAEXyAEM2AED6AEB-AEBiAIBqAIBuAK1m5bJBsACAdICJDY4NzlkOGY5LTI0NWEtNGFlZS1hMGIzLTczZGFlNzJmMjEwMdgCAeACAQ&sid=6eaf9fe0b6f0f8f132c5d5f6ec144ef9&dist=0&group_adults=2&group_children=0&keep_landing=1&no_rooms=1&sb_price_type=total&type=total&,,,,
https://app.flexybeauty.com/le-jasmin/home,,,,
https://centrethermal.laroche-posay.fr/SPA-Source,,,,
https://www.ospades3etots.com/,,,,
https://www.iletaitunefoisgitespaprivatif.com/,,,,
https://spadelatoureiffel.com/,,,,
http://www.natural-thaispa.com/,,,,
http://spa-et-cryo.fr/,,,,
https://www.lemasdulac.fr/,,,,
https://spa-elle-et-lui.fr/,,,,
https://abnb.me/wtTJk18JPgb,,,,
https://www.vacances-lagrange.com/vacances-location-mer-montagne,,,,
https://www.spacasablue.com/,,,,
https://stcgestion.com/,,,,
https://www.planity.com/spa-bien-etre-au-domaine-fresnois-62490-fresnes-les-montauban,,,,
https://www.spa-sourcedebeaute.fr/l-institut.html,,,,
http://www.crychar.com/,,,,
https://institutrdv.com/amethyste60,,,,
https://spa-les-cigales.fr/,,,,
https://gitenajac.com/spa-ligal/,,,,
https://www.spasourcedelasaintebaume.com/,,,,
http://www.manja-source.com/,,,,
https://www.aubergedeclochemerle.fr/?utm_source=MyBusiness,,,,
http://lesbainsdedieppe.fr/,,,,
https://www.spaevasiondesoi.com/,,,,
http://www.hammam-et-traditions.com/,,,,
https://spathailuxe.com/versailles/,,,,
https://fenardiere.fr/,,,,
http://www.spa-pontarlier.com/,,,,
https://www.planity.com/spa-beauty-77340-pontault-combault,,,,
https://massageevasion.bonkdo.com/fr/,,,,
https://www.planity.com/spa-du-faubourg-59380-quaedypre,,,,
http://www.spahorsdutemps.fr/,,,,
http://www.spadereallon.com/,,,,
http://www.spaduroannais.fr/,,,,
https://www.deepnature.fr/dn_fr/spa-flaine-terrasses-helios,,,,
http://www.spa-annecy-marlioz.fr/,,,,
https://passionzen.org/,,,,
http://www.spamensignac.com/,,,,
https://spastgeorgessurlaa.jimdofree.com/,,,,
https://www.spa-sourcedebeaute.fr/,,,,
https://www.spaetbeaute-saintjust.fr/nous-contacter.php,,,,
http://www.limmersion.fr/,,,,
http://lapassionnante.com/,,,,
http://www.spaaunaturel.com/,,,,
http://bloomyheadspacupping.fr/,,,,
https://www.planity.com/spa-les-douceurs-de-loire-49400-saumur,,,,
https://br.bluepillow.com/search/67a232835a2dfa15b182ffb5?dest=bkng&cat=Villa&lat=44.31866&lng=3.07194&language=pt,,,,
https://spagray70.jimdoweb.com/?preview_sid=356288,,,,
https://www.spadelamauna.com/?utm_source=gmb,,,,
http://www.spa-grillon.fr/,,,,
https://www.spa-sauna-vexin.fr/,,,,
http://www.spa-ocean.fr/,,,,
https://www.domaine-longemer.com/fr/bien-etre,,,,
http://www.spa-celtique.com/,,,,
http://www.loveandspaautun.com/,,,,
https://www.ledomainedesfagnes.com/les-soins-au-spa-elyana,,,,
https://beautebienetrefrancais.fr/,,,,
https://www.les-bains-douches-loches.fr/,,,,
https://www.spabelfort.com/,,,,
https://spadeauville.fr/,,,,
http://www.spa-escaledoxygene.fr/,,,,
https://spa-des-vosges-saonoises.com/,,,,
https://www.spafleurdepeau.fr/,,,,
http://www.spadejastres.fr/,,,,
https://www.residence-oxalys.com/espace-detente/,,,,
https://headspacurls.fr/,,,,
https://spaozalee.simplybook.it/,,,,
https://spachamrousse.fr/,,,,
http://spa-montbeliard.fr/,,,,
https://www.soinbyco.fr/,,,,
https://refugebrioude.wixsite.com/refuge-spa,,,,
https://naturospa-chaumont.com/,,,,
http://www.spa-domaine-fournarie.fr/,,,,
https://www.domaine-golf-saumur.com/,,,,
https://www.spa-addict.fr/,,,,
https://maisonmanavae.com/,,,,
https://maisonnova-collioure.com/fr/spa-detente-hotel-spa-collioure,,,,
https://www.spa-colmar.fr/,,,,
http://spadecornouaille.fr/,,,,
https://www.crillonlebrave.com/fr/bien-etre,,,,
https://www.lecoq-gadby.com/spa-bien-etre.php,,,,
https://spa-sibo.fr/,,,,
https://ocoeurdesoibyprisca.krenoa.fr/,,,,
https://www.hotelpashmina.com/,,,,
https://www.planity.com/passion-du-regard-un-instant-suspendu-77220-liverdy-en-brie,,,,
https://www.planity.com/mams-bien-etre-senteurs-57500-saint-avold,,,,
http://www.instantdebienetre.fr/,,,,
http://auptitsoin-massage.fr/,,,,
https://www.laetitia-reflexologie.fr/,,,,
https://sites.google.com/view/aurelaisbientrewavrin/accueil?authuser=0,,,,
https://www.salondegaia.fr/,,,,
http://www.pauseetbienetre.com/,,,,
https://institutpurebeaute.fr/,,,,
https://salonmassagethai.fr/var/hyeres/massage-thai-bien-etre-hyeres/,,,,
https://www.planity.com/lappartte-57050-le-ban-saint-martin,,,,
https://trea.tw/QsXNjHSfyDUprEgda,,,,
http://flokatiebeaute.com/,,,,
https://www.fresha.com/book-now/massage-bien-etre-patricia-lt9gkcow/all-offer?id=1437095&pId=1364789,,,,
https://www.lechateaudeslumieres.com/fr/page/spa,,,,
http://www.moninstantbien-etre.com/,,,,
https://www.kapcarebienetre.fr/,,,,
https://www.florie-bienetre.fr/,,,,
https://www.moniaturelle.fr/,,,,
https://www.planity.com/mas-des-flaments-rose-34140-bouzigues,,,,
https://www.labreakzen.fr/,,,,
https://www.elodier-massage.com/,,,,
https://www.thai-bienetre.fr/,,,,
https://www.lartdusoininstitutbienetre.com/,,,,
https://www.planity.com/cryo-performance-20600-furiani,,,,
http://www.larchedubienetre.fr/,,,,
https://www.planity.com/au-temple-du-bien-etre-80100-abbeville?fbclid=PAQ0xDSwLH8vBleHRuA2FlbQIxMAABp_bzPa4kClPvbIDOXfgFNF23Es9aZEWWLH0nXRF1z51UykX4Q_71L5WHjMaF_aem_eqYlfLq2IC2tRC_hnKZlxg,,,,
http://www.leclosdelarose.fr/,,,,
http://www.le-temps-dun-instant.fr/,,,,
http://ermontbienetre.fr/,,,,
https://www.lerelaisdesanges.com/,,,,
http://lafermedebeaute.com/,,,,
http://www.lartdessensbienetre.com/,,,,
https://www.shaantimassage.com/,,,,
https://www.namaste-mbe.com/,,,,
http://bienetrealafontaine.fr/,,,,
https://www.lagarenne-hotel.fr/,,,,
https://w.vibrancedusoi.fr/,,,,
https://www.planity.com/lescale-centre-de-bien-etre-60400-noyon,,,,
https://eospoissy.com/,,,,
http://annemariealexandre.wixsite.com/zenetsens,,,,
http://www.mfcryoconcept.com/,,,,
https://espacebeauteregnie.com/,,,,
https://milusabien-etre.fr/,,,,
http://letangdubienetre.fr/,,,,
https://www.ammatebienetre.com/,,,,
https://www.planity.com/cabinet-du-bien-etre-91310-linas,,,,
https://guillaumecynthia.wixsite.com/metamorphose,,,,
https://www.planity.com/le-rendez-vous-du-bien-etre-50690-martinvast,,,,
https://beauticainstitut.fr/,,,,
https://spa-levieuxport.com/,,,,
https://sglomeau.wixsite.com/website,,,,
http://lavilladubienetre82.com/,,,,
https://app.reservation-en-ligne.fr/lisle-o-soins-22210-saint-etienne-du-gue-de-lisle/home?fbclid=IwY2xjawDS8pMBHZby1Nl266_DVH4upVxoRx-LsGQ_vhQiERGEwMvb7i8nZzrIKSoBpNZ7FA,,,,
https://lairdubienetre.kalendes.com/,,,,
https://bien-etre-ayurveda.fr/,,,,
https://www.calypso-bienetre.com/,,,,
http://www.cinqa.fr/,,,,
https://bienetredethailande.com/,,,,
http://www.lavillainstitut.com/,,,,
https://www.cc-ballonsdeshautesvosges.fr/,,,,
http://www.esbbienetre.com/,,,,
https://www.planity.com/henry-fanny-25750-aibre,,,,
http://www.lauriebienetre.fr/,,,,
https://www.biennaitreenbaretous.com/?utm_source=gmb,,,,
http://renaissancecentredebienetre.fr/,,,,
http://www.gitesdewarincthun.com/,,,,
https://www.naturopathe-abbaretz.fr/,,,,
http://www.massage.ovh/,,,,
https://www.soin-marianeige.com/,,,,
https://bienetreetgrandir.fr/,,,,
https://www.natzenso.fr/,,,,
http://www.cloeborghini.com/,,,,
https://www.bienetrebytiph.fr/,,,,
http://cevennesbienetre.fr/,,,,
https://sophroequilibrecom.wordpress.com/,,,,
http://www.better-live.fr/,,,,
https://www.planity.com/loree-des-sens-68520-burnhaupt-le-bas,,,,
http://www.le-bastidon-du-bien-etre.com/,,,,
https://www.planity.com/centre-de-bien-etre-amarea-33350-castillon-la-bataille,,,,
https://osmose-institut.webnode.fr/,,,,
http://www.bienetre-au-quotidien.fr/,,,,
https://www.conches-en-ouche.fr/sante/107156,,,,
https://www.planity.com/la-maison-du-bien-etre-32100-condom,,,,
https://www.loasisdubienetre.fr/,,,,
https://www.bienetrenaturel37.com/,,,,
https://www.serenahome.fr/,,,,
http://www.sissi-bienetrenature.com/,,,,
https://gwenaelmassage.wordpress.com/,,,,
http://www.keolabienetre.fr/,,,,
https://theleabienetre.fr/,,,,
https://www.xn--dessens-s0a.fr/,,,,
https://www.massage-bien-etre-sportif.com/,,,,
https://bangaeric3.wixsite.com/eric-banga---masseur,,,,
http://guilhamou-marine.reservio.com/booking,,,,
https://www.palomagerynaturopathe.fr/,,,,
https://www.ostrowskymassagepeps.com/,,,,
https://www.cevenharmonie.fr/,,,,
https://www.massage-et-sophrologie-ales.fr/,,,,
https://bomassagebienetre.fr/,,,,
https://taplink.at/fr/profile/17883568/pages/,,,,
http://www.purebienetre74.com/,,,,
https://mabulledebienetreaveccharlie.webador.fr/,,,,
https://labullebienetredenoemie.bookinbeautiful.fr/r/AW2710,,,,
http://www.almeo.fr/,,,,
http://www.alohaparc.fr/,,,,
http://www.anjouwakepark.com/,,,,
https://www.aqua-arena-fitness.fr/,,,,
https://www.aquabubbleboom.fr/base-de-loisirs-de-brognard/,,,,
https://www.aquabubbleboom.fr/base-de-loisirs-de-chour/,,,,
https://www.sarlat-tourisme.com/offres/aqua-delire-tamnies-fr-4593798/,,,,
https://www.aquader51.fr/,,,,
http://www.aquafamily.fr/,,,,
https://www.centerparcs.fr/fr-fr/france/fp_LG_vacances-domaine-les-landes-de-gascogne/aqua-mundo,,,,
https://www.centerparcs.fr/fr-fr/france/fp_VN_vacances-domaine-villages-nature-paris/aqua-mundo#js-stickyNavFp,,,,
http://www.aqua-base.fr/,,,,
https://www.grandperigueux.fr/,,,,
https://www.aquaclubbelledune.fr/accueil.html,,,,
https://aquafitness.lernee.fr/,,,,
https://www.lasallebyplanetform.fr/,,,,
https://www.aquagame.fr/,,,,
https://aquagm33.wixsite.com/aquasport,,,,
https://www.golfedumorbihan-vannesagglomeration.bzh/aquagolfe-elven,,,,
https://www.aquagonfle.fr/?utm_source=Google&utm_medium=My%20Business,,,,
http://www.aquajetnarbonne.fr/,,,,
https://www.aqua-kids.fr/?fbclid=IwY2xjawEWJQhleHRuA2FlbQIxMAABHREO3gf-oGAqGYN_5Ekjexa-OQOYulRnDu1U8yXIMhFySrmpexg9hz8DLQ_aem_p46Y7i5wJwTLYGKcEvMFtw,,,,
https://www.aqualand.fr/bassin-d-arcachon/,,,,
https://www.aqualand.fr/cap-d-agde/,,,,
https://www.aqualand.fr/frejus/,,,,
https://www.aqualand.fr/port-leucate/,,,,
https://www.aqualand.fr/,,,,
https://www.aqualand.fr/sainte-maxime/,,,,
https://www.aqualiday.com/,,,,
https://www.aqualoire.fr/,,,,
http://aqualoisirs-auvergne.fr/,,,,
https://parcaqualol.fr/,,,,
https://www.vert-marine.com/aqualone/,,,,
http://www.aqualoops.fr/,,,,
https://muret.horanet.com/,,,,
https://www.vert-marine.com/aqualys/,,,,
https://www.aquamosa.fr/,,,,
https://www.aquamotioncourchevel.com/,,,,
https://aquamouv.fr/,,,,
https://aquanoblat.fr/,,,,
http://slidesparc.fr/,,,,
http://www.aquaparcdelaroche.com/,,,,
https://aquaparcdeletangdupuits.fr/,,,,
https://sites.google.com/view/parcaquatiqueducoucou/accueil,,,,
https://www.aquaparcdulouron.com/,,,,
https://www.aquaparc-embrun.fr/,,,,
http://aquaparc-lafertemace.fr/,,,,
https://aquaparc-madine.fr/,,,,
https://aquaparcpyrenees.com/,,,,
https://www.aquaparctoulouse.net/,,,,
https://bzhwakepark.com/aquapark/,,,,
http://www.aquapark33.fr/,,,,
https://www.aquapark-aix-en-provence.com/,,,,
https://www.aquapark-beluga.fr/,,,,
http://marketplace.awoo.fr/563/shop/Par/Site/UCPANautique,,,,
http://www.aquapark-capdagde.com/,,,,
https://www.passy-mont-blanc.com/activites/activites-aquatiques/aquapark/,,,,
https://tsjwakepark.com/aquapark/,,,,
https://www.total-jump.fr/,,,,
http://www.aquaplaypark.fr/,,,,
https://www.centreaquatiqueaquare.fr/,,,,
https://www.futuroscope.com/fr/resort/aquascope,,,,
http://www.aquasoa.fr/,,,,
https://parc-aquasplash.fr/,,,,
https://www.kinebalneomesanger.com/espace-forme,,,,
https://www.vert-marine.com/aquavabre/,,,,
http://www.aquavallee.fr/,,,,
https://www.rodezagglo.fr/informations-pratiques/le-pole-aquatique/,,,,
https://aquaventurepark.wixsite.com/aquaventurepark,,,,
http://www.aquavert.fr/,,,,
http://www.aquavillageparc.com/,,,,
http://www.aqua-warriors.webador.fr/,,,,
https://aquazone64.com/,,,,
https://superbesse.com/base-aquatique-ete/,,,,
http://www.basenautique-saintemaxime.com/,,,,
https://www.beaver-aquapark.fr/,,,,
http://www.brindeforme.fr/,,,,
http://www.activites-aquatiques-argeles.fr/,,,,
https://www.ccce.fr/centre-aquatique-cap-vert/,,,,
https://www.capadapt.fr/piscine/,,,,
http://centre-aquanautique-rosny93.fr/,,,,
http://www.les-aubazines.com/index.php?option=com_content&view=category&layout=blog&id=16&Itemid=183&lang=fr,,,,
http://www.porteoceane-dulimousin.fr/pol-vous-invite/se-divertir/centre-aqua-recreatif/,,,,
https://centreaquatique.aurillacagglo.fr/,,,,
https://www.maisonslaffitte.fr/Centre-aquatique/10202/,,,,
https://www.piscine-alencon.fr/,,,,
https://www.vert-marine.com/centre-aquatique-amphitrite/,,,,
https://aquanes.fr/,,,,
http://piscine-aquabray.fr/,,,,
http://www.aquabresse.fr/,,,,
https://www.aquadombes.com/,,,,
https://www.centreaquatique-aquagaron.fr/,,,,
http://www.centreaquatique-vannes-agglo.fr/,,,,
http://www.centremorbihancommunaute.bzh/nous-connaitre/equipements/centre-aquatique-aqua-lud-site-de-locmine/,,,,
http://www.aquamm.fr/,,,,
https://www.piscineatlantys.fr/,,,,
https://www.vert-marine.com/aufildelo/,,,,
https://www.centreaquatiqueaubervilliers.fr/,,,,
http://www.centreaquatique-aureo.fr/,,,,
https://piscines.portededromardeche.fr/centre-aquatique-bleu-rive/,,,,
https://www.grandparissud.fr/equipement/centre-aquatique-camille-muffat/,,,,
https://capvert.paysdesherbiers.fr/,,,,
https://piscines.agglo-larochelle.fr/etablissements/centre-aquatique-a-chatelaillon-plage,,,,
http://www.vienneetgartempe.fr/vivre/sport-loisirs/centre-aquatique-communautaire/#toggle-id-4,,,,
https://www.thionville-fensch.fr/sortir-decouvrir/piscines/piscine-thionville,,,,
https://centreaquatique.payssabolien.fr/,,,,
https://www.vert-marine.com/conflans/,,,,
https://www.grand-villeneuvois.fr/horaires-de-la-piscine-77.html,,,,
https://www.ccserreponcon.com/infos-pratiques/centre-aquatique-serre-poncon,,,,
https://piscine.niortagglo.fr/les-fraignes,,,,
https://centreaquatiquedespresles.horanet.com/,,,,
https://osmose.grandlongwy.fr/,,,,
https://www.montigny78.fr/mes-loisirs/faire-du-sport/le-centre-aquatique-du-lac/,,,,
https://www.centreaquatiquedupaysfertois.fr/,,,,
http://www.cap-provinois.fr/,,,,
http://centreaquatiqueduvalois.fr/,,,,
https://www.centreaquatique-grandchambord.fr/,,,,
https://cc-hautvaldesevre.fr/competences/centre-aquatique/aqua-severa.html,,,,
https://www.les7laux.com/ete/offres/espace-aquatique-des-7-laux-les-sept-laux-prapoutel-fr-ete-2646482/,,,,
https://www.ccpvm.fr/sport-loisirs-et-culture/piscines/,,,,
http://www.les-bassins-aqueduc.fr/,,,,
https://aquatis.fougeres-agglo.bzh/,,,,
https://www.lavague-cps.com/,,,,
http://www.laufolies.com/,,,,
https://www.lechantdeleau.com/,,,,
https://www.ledome-equalia.fr/,,,,
https://www.rt78.fr/centre-aquatique-les-fontaines/horaires,,,,
https://lesvagues.meyzieu.fr/,,,,
https://www.paysflechois.fr/au-quotidien/sport-culture-et-loisirs/centre-aquatique-lilebulle/,,,,
https://www.lodyssee-aquatique.fr/,,,,
https://www.centreaquatiqueodysseeo.fr/,,,,
https://www.cc-sms.fr/centre-aquatique-sarrebourg-moselle-sud/,,,,
http://www.natureo-denain.fr/,,,,
http://www.natureo-ccds.fr/,,,,
http://www.nauticaa.fr/,,,,
https://www.grandparissud.fr/equipement/centre-aquatique-nymphea/,,,,
https://www.piscine-plouf.fr/,,,,
https://www.saint-lo-agglo.fr/fr/centre-aquatique-saint-lo-agglo,,,,
https://www.centreaquatiquesergeroux.fr/,,,,
http://ccvimeu-vimeo.fr/,,,,
https://xeau.fr/,,,,
https://www.argenteuil.fr/fr/le-centre-aquatique-youri-gagarine,,,,
https://www.laplaineoxygene.com/,,,,
http://www.piscine-amberieu.fr/,,,,
http://voile-en-charente-maritime.com/?ecole=cnpa-marennes-bourcefranc,,,,
http://www.piscinedes3rivieres.fr/,,,,
http://www.nogentsuroise.fr/se-divertir/sport/les-equipements-sportifs/214-le-centre-nautique-nogent-villers,,,,
https://www.centreaquatiquerogercreuzot.fr/,,,,
https://www.lehavreseinemetropole.fr/annuaire-general/complexe-aquatique-belle-etoile-montivilliers,,,,
https://www.piscine-hennebont.bzh/,,,,
https://www.lehavreseinemetropole.fr/annuaire-general/complexe-aquatique-gdo-gonfreville-lorcher,,,,
https://www.valenceromansagglo.fr/loisirs/sports/piscines/centre-aquatique-diabolo-bourg-de-peage/,,,,
https://jeux-lacdejouarres-34.fr/,,,,
https://www.paradise-aventures.com/fr/parcs-et-attractions/drop-in/,,,,
http://www.complexesaquatiquesduo.fr/,,,,
https://www.eldoradeau.net/,,,,
https://www.papeaparc.fr/espace-aquatique/,,,,
https://paysdelor.fr/vivre-ici/piscines-sport/nos-piscines/espace-grand-bleu/,,,,
https://familysparadise.fr/parc-gonflable-a-peyrins-26/,,,,
https://www.frenzywaterpark.fr/,,,,
https://www.funzoneaquaparc.com/,,,,
https://hyeres.playpark.fr/go-ninja/,,,,
https://puget.playpark.fr/go-ninja,,,,
http://www.greenpark.ovh/,,,,
https://lesrivesdaurec.fr/jardin-aqualudique-aurec-sur-loire/,,,,
https://www.jurasplash.fr/,,,,
https://www.kids-paradise.net/,,,,
https://www.lacevasion.fr/,,,,
https://lakepark.fr/,,,,
https://www.vert-marine.com/latrium/,,,,
http://www.lecap-sartrouville.fr/,,,,
https://www.tignes.net/activites/lagon,,,,
http://parcdelaplagevillerest.e-monsite.com/,,,,
http://www.lemeraude-valdesambre.fr/,,,,
https://www.lesbainsdeminerve.fr/,,,,
https://www.lesbainsdulac-grandsoissons.com/,,,,
https://www.balneides.fr/,,,,
https://www.lespiscinesduthouarsais.fr/,,,,
https://www.vert-marine.com/odyssee/,,,,
https://www.vesoul.fr/sortir-bouger-se-divertir/espace-de-loisirs-du-lac/le-ludolac.html,,,,
http://mosellewakepark.fr/,,,,
https://payssaintgilles.fr/sport/multiplexe-aquatique/,,,,
http://www.mylittlewakepark.net/,,,,
https://nancythermalresort.fr/aquasports.html,,,,
http://www.nautiland.net/,,,,
https://www.nautilis.fr/,,,,
https://www.oceanide-du-bonnevalais.fr/,,,,
https://oglisspark.fr/,,,,
https://oupaparcs.fr/accueil-oupa-splash/,,,,
https://piscines.agglo-larochelle.fr/etablissements/centre-aquatique-palmilud,,,,
http://www.paradis-kids-anduze.fr/,,,,
https://paupyrenees-stadeeauxvives.fr/,,,,
https://www.centerparcs.fr/fr-fr/france/fp_BF_vacances-domaine-les-bois-francs/aqua-mundo?utm_campaign=Maps_FR_Les_Bois_Francs&utm_medium=Maps&utm_source=google,,,,
https://www.centerparcs.fr/fr-fr/france/fp_BD_vacances-domaine-le-bois-aux-daims/billets-journee,,,,
https://www.centerparcs.fr/fr-fr/france/fp_CH_vacances-domaine-les-hauts-de-bruyeres/aqua-mundo?utm_campaign=Maps_FR_Les_Hauts_de_Bruyeres&utm_medium=Maps&utm_source=google,,,,
http://aquafolies.fr/parc-aquatique.html,,,,
https://www.splash-world.fr/,,,,
https://www.aqualand.fr/agen/,,,,
https://www.lesgets.com/que-faire/activites-ete/loisirs-sportifs/wibit/,,,,
http://www.copeyre.com/,,,,
http://parc-aquavagues-millau.fr/,,,,
https://www.parc-aquaviva.com/,,,,
https://www.aquatic-landes.com/?utm_source=google&utm_medium=my-business&utm_campaign=google-my-business,,,,
https://www.nyons.com/vivre-nyons/culture-et-loisirs/parc-aquatique-nyonsoleiado,,,,
https://www.valdallos.com/parc-de-loisirs-allos.html,,,,
http://www.parkseajump.com/,,,,
https://parcdepeche.jimdofree.com/,,,,
http://val.d-huisne.pagespro-orange.fr/,,,,
https://piscinegirardy.fr/,,,,
https://www.piscine-quiberon.fr/,,,,
https://puget.playpark.fr/playcity/,,,,
https://projetx-aquapark.fr/,,,,
https://www.centreaquatiquequercyo.fr/,,,,
http://www.renacland.fr/,,,,
http://www.slidesparc.fr/,,,,
http://www.plage-lac-aiguebelette.com/,,,,
https://www.ville-cesson-sevigne.fr/contacts/base-sports-nature/,,,,
https://www.stadenautique-de-pessac.fr/,,,,
http://www.ville-saint-nectaire.fr//thermadore-centre-aqualudique/,,,,
http://totemwakepark.fr/,,,,
http://www.sportsnature-correze.com/,,,,
http://www.tropicaljump.fr/,,,,
https://tsjwakepark.com/,,,,
https://www.valseo.fr/,,,,
https://vitam.fr/,,,,
https://www.wampark.fr/base/bordeaux-nord-avensan/,,,,
https://www.wampark.fr/base/grenoble-tencin/,,,,
https://sites.google.com/view/waterfunparkyc/accueil,,,,
http://watergame66.com/,,,,
https://www.waterjumpgrandest.fr/,,,,
http://www.waterjumpgrandest.fr/,,,,
https://www.waterworld83.fr/,,,,
https://www.waveisland.fr/,,,,
https://www.western-park.fr/,,,,
http://www.aqua-balneoc.fr/,,,,
https://aquabearn-loisirs.fr/aqua-bearn/,,,,
http://aquableuemarine.wordpress.com/,,,,
http://www.aquabubbleboom.fr/,,,,
http://www.aquaforest.fr/,,,,
http://www.aqua-form.net/,,,,
http://aquafunpark01.fr/fr/,,,,
https://aquagarden78.fr/,,,,
http://www.aquamira.fr/,,,,
https://www.journee-centerparcs.fr/le-lac-d-ailette/FR,,,,
https://www.aquaparkaventure.com/,,,,
https://aquapensezvous.com/agence-albi/?utm_source=google&utm_medium=organic&utm_campaign=gbp-albi,,,,
https://www.aquapitech.fr/,,,,
https://rdvenligne.dylentab.fr/33471030027,,,,
http://www.aquasensbysopink.com/,,,,
http://www.arbres-et-sens-aventures.fr/aquaparc,,,,
http://aqua-sun.biz/,,,,
https://www.esprit-piscine.fr/aqua-system/,,,,
http://www.aqua-vibes.fr/,,,,
http://aquazen-gv.com/,,,,
http://www.aqua-bulles.com/,,,,
http://www.vert-marine.com/aquabar,,,,
https://www.aquabaule.fr/,,,,
https://aquabella-lac.fr/,,,,
https://www.aquacap.fr/,,,,
https://aquacime-lescarroz.elisath.fr/ELISATH_RESERVATION_WEB/FR/PAGE_VA_VenteArticles.php?PHPSESSID=0icep2aamss81qosmu9crcjrq6,,,,
https://www.rdv360.com/aquacryo,,,,
http://www.verdun-aquadrome.fr/,,,,
http://www.aquaeforme.com/,,,,
http://aquafiteo.fr/,,,,
https://piscine-aqua-forme-quimper.com/?utm_source=gmb,,,,
http://aquafun-parc.fr/,,,,
https://grand-lac.fr/au-quotidien/services-a-la-population/aqualac,,,,
https://www.aqualand.fr/saint-cyr-sur-mer/,,,,
http://www.piscine-erstein.fr/,,,,
https://www.aqualoisirs23.com/,,,,
https://www.aqualorn.fr/,,,,
https://www.ville-canteleu.fr/wp-content/uploads/2025/06/Aqualoup-HorairesTarifs-2025.pdf,,,,
http://www.centre-aqua-lys.com/,,,,
https://www.vert-marine.com/aquamaris/,,,,
http://www.aquamelia-spa.com/,,,,
https://piscines.saintnazaireagglo.fr/aquaparc-saint-nazaire.html,,,,
https://aquaparklafrancaise.fr/,,,,
http://aquapark21.fr/,,,,
https://www.aqua-real.fr/,,,,
https://aquarena.ville-sevran.fr/,,,,
http://www.aquarium-amneville.com/,,,,
https://aquasantal76360.wixsite.com/monsite,,,,
https://aquaserv83.fr/,,,,
http://www.aquasports.fr/,,,,
http://www.piscines-aquastar.com/?utm_source=gmb,,,,
http://www.aquasub82.fr/,,,,
https://abc-7vallees.fr/,,,,
https://www.aquatiko.fr/,,,,
https://www.aquatique-vacances.com/,,,,
http://www.aquatonale.com/,,,,
https://www.aquatonic.fr/saint-malo,,,,
https://www.vert-marine.com/aquaval/,,,,
https://valdegaronne.fr/37-les-piscines.htm,,,,
http://piscines.ouestrhodanien.fr/,,,,
http://www.aquavenus.net/,,,,
https://www.aquavilla.fr/,,,,
https://www.angers.fr/vivre-a-angers/sport/les-equipements-sportifs/les-piscines/aquavita/index.html?utm_source=gmb,,,,
http://aquazenspaprivatif.com/,,,,
http://www.aquazen-rouen.com/,,,,
http://www.aquazen-location.fr/,,,,
https://aquazic.liffre-cormier.fr/,,,,
https://aac89.comiti-sport.fr/,,,,
http://www.cc-lbn.fr/culture-et-sport/sport/,,,,
https://www.eyrium.fr/,,,,
http://www.aquakub.com/accueil/,,,,
https://www.aquarium62.fr/,,,,
https://www.campingaquaviva.com/?utm_campaign=gmb_search&utm_medium=organic&utm_source=google,,,,
http://www.medoc-cpi.fr/Piscines/Centre-Aqua-Medoc-a-Lesparre,,,,
http://www.cap43.fr/,,,,
https://npsport.fr/,,,,
http://www.terredecamargue.fr/vivre/equipements-sportifs/centre-aqua-camargue/,,,,
https://saint-flour-communaute.fr/mes-sorties/sports-et-activites-de-pleine-nature/centre-aqualudique,,,,
https://www.grand-chatellerault.fr/sport/centre-aqualudique-saint-gervais-les-3-clochers,,,,
http://www.capissoire.fr/,,,,
https://piscines-des-sablesdolonne.fr/piscine-aqualonne/,,,,
http://www.cap-ile-verte.com/,,,,
http://www.nautiloue.fr/,,,,
http://www.cauvaldor.fr/,,,,
https://www.villarddelans-correnconenvercors.com/activites/lespace-loisirs/centre-aquatique/,,,,
https://www.cherbourg.fr/culture-et-loisirs/sport/les-piscines-de-cherbourg-en-cotentin/piscine-centre-aquatique-dequeurdreville-hainneville/,,,,
https://www.ccterresduvaldeloire.fr/centre-aquatique-de-beaugency/,,,,
https://ccvsa.fr/se-divertir/centre-aquatique,,,,
https://www.grand-chatellerault.fr/sport/centre-aquatique-la-piscine-chatellerault,,,,
http://www.lesnautiles.fr/,,,,
https://grand-couronne.fr/centre-alex-jany/,,,,
https://www.lavalleedelacreuse.fr/vie-quotidienne/loisirs-et-culture/centre-aquatique/,,,,
http://alreo.fr/,,,,
https://www.lisieux-normandie.fr/centre-aquatique-aquadauge/,,,,
https://ville-nangis.fr/aqualude-2/,,,,
https://www.annonayrhoneagglo.fr/vivre-ici/equipements-sportifs/aquavaure,,,,
https://www.centreaquatiquearsenal.fr/,,,,
https://www.payszorn.com/sortir-et-decouvrir/sortir-au-pays-de-la-zorn/le-centre-aquatique-atoo-o/,,,,
https://www.dieppe.fr/mes-activites/le-sport/les-equipements-sportifs/les-piscines,,,,
https://www.balsaneo.fr/,,,,
https://www.vert-marine.com/calyssia/,,,,
https://www.grandbourg.fr/3205-carre-tonique.htm,,,,
https://www.cctdm.fr/centre-aquatique-communautaire/centre-aquatique-communautaire,,,,
https://www.thionville-fensch.fr/sortir-decouvrir/piscines/piscine-hamelys,,,,
http://www.ville-briancon.fr/centre-aquatique,,,,
https://www.agglo-foix-varilhes.fr/Centre-aquatique/68/,,,,
https://www.vert-marine.com/centreaquatiquesaintcyr/,,,,
https://www.centre-aquatique-departemental-annette-kellermann.com/,,,,
https://www.lemans.fr/mes-activites/sport/piscines/piscine-des-atlantides,,,,
http://centre-de-saone.paqe.io/,,,,
https://www.centre-aquatique-du-couserans.com/,,,,
https://centreaquatique-hautvaldoise.fr/fr/,,,,
https://piscine.lorient.bzh/,,,,
https://www.paysdepouzauges.fr/centre-aquatique/le-centre-aquatique/,,,,
https://centreaquatique.cc-paysdesachards.fr/,,,,
http://aquasostranien.fr/,,,,
http://www.ca-valdeurope.com/,,,,
https://www.centre-aquatique-elhogar.fr/,,,,
https://piscines.hanau-lapetitepierre.alsace/,,,,
https://www.combrailles-sioule-morge.fr/sport/centre-aquatique/presentation-et-actualites/,,,,
https://www.casteleau.com/,,,,
https://www.roissypaysdefrance.fr/annuaires/equipements/detail/centre-aquatique-intercommunal-christiane-et-guy-canzano-1,,,,
https://www.luberonmontsdevaucluse.fr/luberon-monts-de-vaucluse/vivre-ici/piscines/piscine-plein-air/,,,,
https://www.champsaur-valgaudemar.com/offres/centre-aquatique-du-champsaur-saint-bonnet-en-champsaur-fr-3373941/,,,,
https://www.rmcom.bzh/,,,,
https://www.agglo-fecampcauxlittoral.fr/au-quotidien/faire-du-sport/centre-aquatique-la-piscine/,,,,
http://www.agglo-maubeugevaldesambre.fr/au-quotidien/les-piscines/aiguade-aulnoye-aymeries/,,,,
http://www.aunisceane.fr/,,,,
https://www.lisieux-normandie.fr/culture-loisirs/centres-aquatiques/le-nautile/,,,,
https://www.lesbainsdebernay.com/,,,,
https://www.ccpcp.bzh/vie-pratique/centre-aquatique-communautaire/,,,,
https://www.vert-marine.com/lestritons/,,,,
https://www.ca-liliade.fr/,,,,
https://o-des-sucs.horanet.com/,,,,
https://piscinepatinoireloasis.fr/,,,,
http://www.lolympide.fr/,,,,
https://londine-flandrelys.fr/,,,,
https://www.billy-montigny.fr/site/vivre-a-billy-montigny/sport/centre-aquatique/,,,,
http://piscinelovive.jimdofree.com/,,,,
http://www.centreaquatique-camg.fr/,,,,
http://piscine-neptunia.fr/,,,,
https://www.coeurhautesomme.fr/territoire-equipements/centre-aquatique-o%E2%82%82-somme/,,,,
https://www.valleesud.fr/fr/centre-aquatique-pajeaud-antony,,,,
https://www.vert-marine.com/philippeloisel/,,,,
https://www.portoceane.fr/,,,,
https://www.reveo-champagnepicarde.fr/,,,,
https://centreaquatique.terresdargentan.fr/,,,,
https://www.centreaquatique-vpa.fr/,,,,
http://www.valsdudauphine.fr/,,,,
https://www.stpierredetrivisy.fr/centre-de-bien-etre-aquamonts,,,,
https://www.ecla-jura.fr/sport/centre-nautique-aquarel/,,,,
https://www.mulhouse-alsace.fr/sports-loisirs/piscines-et-plan-deau/piscine-aquarhin-ottmarsheim/,,,,
https://aquavallees.valleedeville.fr/,,,,
https://www.grandlieu-tourisme.fr/voir-faire/balades-et-randonnees/nos-26-circuits-de-randonnees/circuit-aquaterra,,,,
http://www.cogleo.com/,,,,
https://www.cenon.fr/piscine,,,,
https://www.cristallys-piscine.fr/,,,,
https://www.piscines.agglo-tlp.fr/complexe-aquatique-de-lourdes,,,,
https://lesjardinsdeletang.fr/lespace-aquatique/,,,,
https://www.le-creusot.fr/creative/complexe-aquatique/,,,,
https://www.lecube-lafertesaintaubin.fr/,,,,
http://www.piscine-leseauxchaudes.com/,,,,
http://aquaglissfm.fr/,,,,
https://www.decathlon.fr/store-view/magasin-de-sports-paris-aquaboulevard-0070005800058,,,,
https://dynamic-aqua89.systeme.io/1ce18e34,,,,
https://www.ecopiscine-objat.fr/,,,,
https://www.saintbrieuc-armor-agglo.bzh/sortir-et-decouvrir/faire-du-sport/les-piscines/lespace-aqualudique-aquabaie,,,,
https://www.reservation-aquatis.com/accueil.html,,,,
https://www.err-aqualudique.com/,,,,
https://plijadour.poher.bzh/accueil_plijadour,,,,
https://www.lannion-tregor.com/vos-services/piscines/ti-dour-lannion/,,,,
https://www.vitrecommunaute.org/listes/piscine-de-la-guerche-de-bretagne/,,,,
http://amphelia.free.fr/,,,,
https://www.cc-chateaubriant-derval.fr/sortir-decouvrir-et-pratiquer/sports-et-loisirs/lespace-aquatique-aquachoisel/,,,,
http://atlantis.grand-albigeois.fr/,,,,
https://camping-descartes.fr/%20et%20https://www.ville-descartes.fr/base-de-loisirs-article-21-0-247.html,,,,
https://www.o-bleue.fr/,,,,
https://www.vert-marine.com/espaceaquatiquedeloust/,,,,
https://www.mairie-morzine-avoriaz.com/espace-aquatique/,,,,
https://www.laclusaz.org/espace-aquatique/,,,,
https://ville-chauny.fr/decouvrir-et-bouger/sport/#Espace-aquatique-LOasis,,,,
http://balnea.fr/,,,,
https://www.paysdechateaugontier.fr/espace-aquatique/,,,,
http://piscines.ouestrhodanien.fr/espace-forme.html,,,,
http://www.fiestaparc.fr/,,,,
https://www.giteaquacagire.com/,,,,
http://www.domaine-tilleuls.fr/,,,,
https://www.institutaqualigne.fr/,,,,
https://www.c-aqua-beaute.fr/,,,,
http://www.kansla.fr/,,,,
https://www.keraqua.fr/keraqua-chateaubourg/,,,,
https://www.keraqua.fr/keraqua-thorigne-fouillard/,,,,
http://www.eau-et-rivieres.org/aquarium-des-curieux-de-nature,,,,
https://maconnais-tournugeois.fr/espace-aquatique-intercommunal/,,,,
http://www.piscine-bullaquatic.com/,,,,
https://www.sportwellnesslesbelleville.com/lieux/la-bulle/,,,,
https://laconfluence.bassinpompey.fr/,,,,
https://lacdhommes.fr/,,,,
https://www.agglo-laval.fr/envie-de-bouger/sport-et-loisirs/les-piscines-de-lagglo/laquabulle-1,,,,
http://www.ville-lelude.fr/,,,,
https://www.cca.bzh/sortir/piscines/latlantide-a-concarneau/,,,,
http://www.lelugonbleu.com/,,,,
http://www.signal-lessaisies.com/,,,,
https://www.jardin-aquatique-acorus.fr/,,,,
https://piscine.lesvauroux.com/,,,,
http://www.cca.bzh/,,,,
http://www.materrasseaquatique.fr/,,,,
https://migennes-subaquatique.jimdofree.com/,,,,
https://www.noblataquatiqueclub.com/,,,,
https://canaux.bretagne.bzh/biodiversite/faune/,,,,
http://www.oda-centreaquatique.fr/,,,,
https://www.ville-loudeac.fr/listes/parc-aquarev/,,,,
http://www.centerparcs.fr/fr-fr/france/fp_LA_vacan,,,,
https://www.piscines-aquaval.fr/,,,,
http://piscine.chalons-agglo.fr/,,,,
https://piscines.agglo2b.fr/aquadel-cerizay.html,,,,
https://www.quimperle-communaute.bzh/vivre-ici/sport/piscines/laquapaq-de-quimperle-2/,,,,
http://www.quimperle-communaute.bzh/Loisirs/Sports/Les-Aquapaq/Horaires-Tarifs-Scaer,,,,
https://www.anjou-tourisme.com/fr/diffusio/loisirs/piscine-aqua-relle-a-durtal-durtal_TFOLOI968000005,,,,
https://piscines-aquaval.fr/?utm_source=gmb,,,,
https://centre-sportif-gard.fr/centre-sportif/individuels/bouger/piscine-d-ete-aquaforme,,,,
https://www.bretagnecentre.bzh/vivre/sports/piscines,,,,
https://bretagnecentresports.bzh/ELISATH_RESERVATION_WEB/FR/PAGE_VA_VenteArticles.php?PHPSESSID=830d7tk2tco1262f8dedql7314,,,,
https://www.objat.fr/vivre-%C3%A0-objat/espace-d%C3%A9tente/,,,,
https://www.bassin-pont-a-mousson.fr/sortir-bouger/piscine-espace-forme,,,,
http://pyrenees-aquatiques.com/,,,,
https://www.piscine-labourboule.fr/,,,,
http://www.aquaclimservice.fr/,,,,
https://www.cc4v.fr/culture-loisirs-tourisme/site-archeologique-et-musee-segeta,,,,
https://www.risoul.com/skiseo-centre-aqualudique-de-detente-hiver.html,,,,
http://www.stade-aquatique.fr/,,,,
https://www.vrbo.com/pdp/lo/107130595?MDPCID=VRBO-META.HPA.WEB-ORGANIC.VR,,,,
https://www.centreaqualudique-eperviere.fr/,,,,
https://www.lodyssee-aulnaysousbois.fr/,,,,
http://www.villa-maris.fr/,,,,
https://www.aquafitzen.com/,,,,
https://www.waterform.fr/,,,,
https://westpark.bzh/,,,,
https://www.9-hotel-bastille-lyon.fr/,,,,
https://www.marriott.com/en-us/hotels/paral-ac-hotel-paris-le-bourget-airport/overview/?scid=f2ae0541-1279-4f24-b197-a979c79310b0,,,,
http://www.aerel.fr/,,,,
http://www.alexain.net/,,,,
https://www.alpina-lodge-vanoise.com/fr,,,,
https://www.adagio-city.com/8362?utm_source=googleMaps&utm_medium=seoMaps&utm_campaign=seoMaps&y_source=1_MTUzNTkyODctNzE1LWxvY2F0aW9uLndlYnNpdGU%3D,,,,
https://www.adagio-city.com/a0x3?utm_source=googleMaps&utm_medium=seoMaps&utm_campaign=seoMaps&y_source=1_MTUzNTkyODctNzE1LWxvY2F0aW9uLndlYnNpdGU%3D,,,,
https://www.adagio-city.com/8696?utm_source=googleMaps&utm_medium=seoMaps&utm_campaign=seoMaps&y_source=1_MTUzNTkyODctNzE1LWxvY2F0aW9uLndlYnNpdGU%3D,,,,
https://www.adagio-city.com/C5J6?utm_source=googleMaps&utm_medium=seoMaps&utm_campaign=seoMaps&y_source=1_MTUzNTkyODctNzE1LWxvY2F0aW9uLndlYnNpdGU%3D,,,,
https://www.adagio-city.com/b7m5?utm_source=googleMaps&utm_medium=seoMaps&utm_campaign=seoMaps&y_source=1_MTUzNTkyODctNzE1LWxvY2F0aW9uLndlYnNpdGU%3D,,,,
https://www.adagio-city.com/6799?utm_source=googleMaps&utm_medium=seoMaps&utm_campaign=seoMaps&y_source=1_MTUzNTkyODctNzE1LWxvY2F0aW9uLndlYnNpdGU%3D,,,,
https://www.adagio-city.com/6798?utm_source=googleMaps&utm_medium=seoMaps&utm_campaign=seoMaps&y_source=1_MTUzNTkyODctNzE1LWxvY2F0aW9uLndlYnNpdGU%3D,,,,
https://www.adagio-city.com/9779?utm_source=googleMaps&utm_medium=seoMaps&utm_campaign=seoMaps&y_source=1_MTUzNTkyODctNzE1LWxvY2F0aW9uLndlYnNpdGU%3D,,,,
https://www.adagio-city.com/6987?utm_source=googleMaps&utm_medium=seoMaps&utm_campaign=seoMaps&y_source=1_MTUzNTkyODctNzE1LWxvY2F0aW9uLndlYnNpdGU%3D,,,,
https://www.apart-hotel-cotedopale.com/,,,,
https://www.garden-city.fr/fr/cauterets.html,,,,
https://www.garden-city.fr/fr/malaucene.html,,,,
http://hotel-artemisia.com/,,,,
http://www.au-30.com/,,,,
http://www.hotelduchevalblanc56.com/,,,,
http://www.auberge-du-lac.fr/,,,,
https://fb.me/chezlecubain,,,,
https://www.hotel-bb.com/fr/hotel/agen-castelculier?utm_source=googlemaps&utm_medium=fichehotel&utm_campaign=yext,,,,
https://www.hotel-bb.com/fr/hotel/alencon-nord?utm_source=googlemaps&utm_medium=fichehotel&utm_campaign=yext,,,,
https://www.hotel-bb.com/fr/hotel/amelie-les-bains-centre?utm_source=googlemaps&utm_medium=fichehotel&utm_campaign=yext,,,,
https://www.hotel-bb.com/fr/hotel/amiens?utm_source=googlemaps&utm_medium=fichehotel&utm_campaign=yext,,,,
https://www.hotel-bb.com/fr/hotel/angers-1-beaucouze?utm_source=googlemaps&utm_medium=fichehotel&utm_campaign=yext,,,,
https://www.hotel-bb.com/fr/hotel/angers-2-universite?utm_source=googlemaps&utm_medium=fichehotel&utm_campaign=yext,,,,
https://www.hotel-bb.com/fr/hotel/angers-parc-expos?utm_source=googlemaps&utm_medium=fichehotel&utm_campaign=yext,,,,
https://www.hotel-bb.com/fr/hotel/angouleme?utm_source=googlemaps&utm_medium=fichehotel&utm_campaign=yext,,,,
https://www.hotel-bb.com/fr/hotel/argenteuil?utm_source=googlemaps&utm_medium=fichehotel&utm_campaign=yext,,,,
https://www.hotel-bb.com/fr/hotel/arras?utm_source=googlemaps&utm_medium=fichehotel&utm_campaign=yext,,,,
https://www.hotel-bb.com/fr/hotel/aurillac-le-lioran?utm_source=googlemaps&utm_medium=fichehotel&utm_campaign=yext,,,,
https://www.hotel-bb.com/fr/hotel/avignon-1?utm_source=googlemaps&utm_medium=fichehotel&utm_campaign=yext,,,,
https://www.hotel-bb.com/fr/hotel/avignon-2?utm_source=googlemaps&utm_medium=fichehotel&utm_campaign=yext,,,,
https://www.hotel-bb.com/fr/hotel/avranches-baie-du-mont-saint-michel?utm_source=googlemaps&utm_medium=fichehotel&utm_campaign=yext,,,,
https://www.hotel-bb.com/fr/hotel/bayonne?utm_source=googlemaps&utm_medium=fichehotel&utm_campaign=yext,,,,
https://www.hotel-bb.com/fr/hotel/bayonne-tarnos?utm_source=googlemaps&utm_medium=fichehotel&utm_campaign=yext,,,,
https://www.hotel-bb.com/fr/hotel/beaune-sud-1-palais-des-congres?utm_source=googlemaps&utm_medium=fichehotel&utm_campaign=yext,,,,
https://www.hotel-bb.com/fr/hotel/belfort?utm_source=googlemaps&utm_medium=fichehotel&utm_campaign=yext,,,,
https://www.hotel-bb.com/fr/hotel/berck-sur-mer-rang-du-fliers?utm_source=googlemaps&utm_medium=fichehotel&utm_campaign=yext,,,,
https://www.hotel-bb.com/fr/hotel/besancon-chateaufarine?utm_source=googlemaps&utm_medium=fichehotel&utm_campaign=yext,,,,
https://www.hotel-bb.com/fr/hotel/besancon-valentin?utm_source=googlemaps&utm_medium=fichehotel&utm_campaign=yext,,,,
https://www.hotel-bb.com/fr/hotel/bethune-bruay-la-buissiere?utm_source=googlemaps&utm_medium=fichehotel&utm_campaign=yext,,,,
https://www.hotel-bb.com/fr/hotel/blois?utm_source=googlemaps&utm_medium=fichehotel&utm_campaign=yext,,,,
https://www.hotel-bb.com/fr/hotel/bordeaux-langon?utm_source=googlemaps&utm_medium=fichehotel&utm_campaign=yext,,,,
https://www.hotel-bb.com/fr/hotel/bordeaux-le-haillan?utm_source=googlemaps&utm_medium=fichehotel&utm_campaign=yext,,,,
https://www.hotel-bb.com/fr/hotel/bordeaux-lormont?utm_source=googlemaps&utm_medium=fichehotel&utm_campaign=yext,,,,
https://www.hotel-bb.com/fr/hotel/bordeaux-merignac-aeroport?utm_source=googlemaps&utm_medium=fichehotel&utm_campaign=yext,,,,
https://www.hotel-bb.com/fr/hotel/bordeaux-talence?utm_source=googlemaps&utm_medium=fichehotel&utm_campaign=yext,,,,
https://www.hotel-bb.com/fr/hotel/bretigny-sur-orge?utm_source=googlemaps&utm_medium=fichehotel&utm_campaign=yext,,,,
https://www.hotel-bb.com/fr/hotel/brive-la-gaillarde?utm_source=googlemaps&utm_medium=fichehotel&utm_campaign=yext,,,,
https://www.hotel-bb.com/fr/hotel/brumath-bernolsheim?utm_source=googlemaps&utm_medium=fichehotel&utm_campaign=yext,,,,
https://www.hotel-bb.com/fr/hotel/caen-memorial?utm_source=googlemaps&utm_medium=fichehotel&utm_campaign=yext,,,,
https://www.hotel-bb.com/fr/hotel/caen-sud?utm_source=googlemaps&utm_medium=fichehotel&utm_campaign=yext,,,,
https://www.hotel-bb.com/fr/hotel/calais-coquelles-tunnel-sous-la-manche?utm_source=googlemaps&utm_medium=fichehotel&utm_campaign=yext,,,,
https://www.hotel-bb.com/fr/hotel/calais-terminal-cite-europe-2?utm_source=googlemaps&utm_medium=fichehotel&utm_campaign=yext,,,,
https://www.hotel-bb.com/fr/hotel/calais-terminal-cite-europe-3?utm_source=googlemaps&utm_medium=fichehotel&utm_campaign=yext,,,,
https://www.hotel-bb.com/fr/hotel/calais-terminal-cite-europe-4?utm_source=googlemaps&utm_medium=fichehotel&utm_campaign=yext,,,,
https://www.hotel-bb.com/fr/hotel/cap-d-agde-bessan?utm_source=googlemaps&utm_medium=fichehotel&utm_campaign=yext,,,,
https://www.hotel-bb.com/fr/hotel/cergy-saint-christophe?utm_source=googlemaps&utm_medium=fichehotel&utm_campaign=yext,,,,
https://www.hotel-bb.com/fr/hotel/cergy-saint-christophe-gare?utm_source=googlemaps&utm_medium=fichehotel&utm_campaign=yext,,,,
https://www.hotel-bb.com/fr/hotel/chalons-en-champagne?utm_source=googlemaps&utm_medium=fichehotel&utm_campaign=yext,,,,
https://www.hotel-bb.com/fr/hotel/chalon-sur-saone-sud?utm_source=googlemaps&utm_medium=fichehotel&utm_campaign=yext,,,,
https://www.hotel-bb.com/fr/hotel/champigny-sur-marne?utm_source=googlemaps&utm_medium=fichehotel&utm_campaign=yext,,,,
https://www.hotel-bb.com/fr/hotel/chartres-centre-cathedrale?utm_source=googlemaps&utm_medium=fichehotel&utm_campaign=yext,,,,
https://www.hotel-bb.com/fr/hotel/chartres-le-forum?utm_source=googlemaps&utm_medium=fichehotel&utm_campaign=yext,,,,
https://www.hotel-bb.com/fr/hotel/chateauroux-a20-l-occitane?utm_source=googlemaps&utm_medium=fichehotel&utm_campaign=yext,,,,
https://www.hotel-bb.com/fr/hotel/chateauroux-deols?utm_source=googlemaps&utm_medium=fichehotel&utm_campaign=yext,,,,
https://www.hotel-bb.com/fr/hotel/chatellerault?utm_source=googlemaps&utm_medium=fichehotel&utm_campaign=yext,,,,
https://www.hotel-bb.com/fr/hotel/chaumont?utm_source=googlemaps&utm_medium=fichehotel&utm_campaign=yext,,,,
https://www.hotel-bb.com/fr/hotel/cherbourg?utm_source=googlemaps&utm_medium=fichehotel&utm_campaign=yext,,,,
https://www.hotel-bb.com/fr/hotel/cholet-nord?utm_source=googlemaps&utm_medium=fichehotel&utm_campaign=yext,,,,
https://www.hotel-bb.com/fr/hotel/cholet-centre?utm_source=googlemaps&utm_medium=fichehotel&utm_campaign=yext,,,,
https://www.hotel-bb.com/fr/hotel/clermont-ferrand-le-brezet-aeroport?utm_source=googlemaps&utm_medium=fichehotel&utm_campaign=yext,,,,
https://www.hotel-bb.com/fr/hotel/cluses-sud?utm_source=googlemaps&utm_medium=fichehotel&utm_campaign=yext,,,,
https://www.hotel-bb.com/fr/hotel/compiegne?utm_source=googlemaps&utm_medium=fichehotel&utm_campaign=yext,,,,
https://www.hotel-bb.com/fr/hotel/compiegne-thourotte?utm_source=googlemaps&utm_medium=fichehotel&utm_campaign=yext,,,,
https://www.hotel-bb.com/fr/hotel/corbeil-essonnes?utm_source=googlemaps&utm_medium=fichehotel&utm_campaign=yext,,,,
https://www.hotel-bb.com/fr/hotel/dijon-nord-zenith?utm_source=googlemaps&utm_medium=fichehotel&utm_campaign=yext,,,,
https://www.hotel-bb.com/fr/hotel/dijon-valmy-toison-d-or?utm_source=googlemaps&utm_medium=fichehotel&utm_campaign=yext,,,,
https://www.hotel-bb.com/fr/hotel/douai-parc-des-expos-cuincy?utm_source=googlemaps&utm_medium=fichehotel&utm_campaign=yext,,,,
https://www.hotel-bb.com/fr/hotel/dreux-centre?utm_source=googlemaps&utm_medium=fichehotel&utm_campaign=yext,,,,
https://www.hotel-bb.com/fr/hotel/dreux-nord?utm_source=googlemaps&utm_medium=fichehotel&utm_campaign=yext,,,,
https://www.hotel-bb.com/fr/hotel/evian-publier?utm_source=googlemaps&utm_medium=fichehotel&utm_campaign=yext,,,,
https://www.hotel-bb.com/fr/hotel/evreux?utm_source=googlemaps&utm_medium=fichehotel&utm_campaign=yext,,,,
https://www.hotel-bb.com/fr/hotel/evry-lisses-1?utm_source=googlemaps&utm_medium=fichehotel&utm_campaign=yext,,,,
https://www.hotel-bb.com/fr/hotel/frejus-puget-sur-argens?utm_source=googlemaps&utm_medium=fichehotel&utm_campaign=yext,,,,
https://www.hotel-bb.com/fr/hotel/freyming-merlebach?utm_source=googlemaps&utm_medium=fichehotel&utm_campaign=yext,,,,
https://www.hotel-bb.com/fr/hotel/gap?utm_source=googlemaps&utm_medium=fichehotel&utm_campaign=yext,,,,
https://www.hotel-bb.com/fr/hotel/goussainville-cdg?utm_source=googlemaps&utm_medium=fichehotel&utm_campaign=yext,,,,
https://www.hotel-bb.com/fr/hotel/grenoble-centre-alpexpo?utm_source=googlemaps&utm_medium=fichehotel&utm_campaign=yext,,,,
https://www.hotel-bb.com/fr/hotel/grenoble-universite?utm_source=googlemaps&utm_medium=fichehotel&utm_campaign=yext,,,,
https://www.hotel-bb.com/fr/hotel/herblay?utm_source=googlemaps&utm_medium=fichehotel&utm_campaign=yext,,,,
https://www.hotel-bb.com/fr/hotel/paris-sud-igny?utm_source=googlemaps&utm_medium=fichehotel&utm_campaign=yext,,,,
https://www.hotel-bb.com/fr/hotel/la-queue-en-brie?utm_source=googlemaps&utm_medium=fichehotel&utm_campaign=yext,,,,
https://www.hotel-bb.com/fr/hotel/la-rochelle-beaulieu-puilboreau?utm_source=googlemaps&utm_medium=fichehotel&utm_campaign=yext,,,,
https://www.hotel-bb.com/fr/hotel/la-rochelle-centre?utm_source=googlemaps&utm_medium=fichehotel&utm_campaign=yext,,,,
https://www.hotel-bb.com/fr/hotel/la-roche-sur-yon?utm_source=googlemaps&utm_medium=fichehotel&utm_campaign=yext,,,,
https://www.hotel-bb.com/fr/hotel/laval-change?utm_source=googlemaps&utm_medium=fichehotel&utm_campaign=yext,,,,
https://www.hotel-bb.com/fr/hotel/laval-ouest?utm_source=googlemaps&utm_medium=fichehotel&utm_campaign=yext,,,,
https://www.hotel-bb.com/fr/hotel/le-creusot-montchanin?utm_source=googlemaps&utm_medium=fichehotel&utm_campaign=yext,,,,
https://www.hotel-bb.com/fr/hotel/le-havre-1?utm_source=googlemaps&utm_medium=fichehotel&utm_campaign=yext,,,,
https://www.hotel-bb.com/fr/hotel/le-mans-centre?utm_source=googlemaps&utm_medium=fichehotel&utm_campaign=yext,,,,
https://www.hotel-bb.com/fr/hotel/le-mans-centre-palais-des-congres?utm_source=googlemaps&utm_medium=fichehotel&utm_campaign=yext,,,,
https://www.hotel-bb.com/fr/hotel/le-mans-nord-1?utm_source=googlemaps&utm_medium=fichehotel&utm_campaign=yext,,,,
https://www.hotel-bb.com/fr/hotel/le-mans-nord-2?utm_source=googlemaps&utm_medium=fichehotel&utm_campaign=yext,,,,
https://www.hotel-bb.com/fr/hotel/le-mans-sud?utm_source=googlemaps&utm_medium=fichehotel&utm_campaign=yext,,,,
https://www.hotel-bb.com/fr/hotel/le-port-marly-saint-germain-en-laye?utm_source=googlemaps&utm_medium=fichehotel&utm_campaign=yext,,,,
https://www.hotel-bb.com/fr/hotel/le-puy-en-velay?utm_source=googlemaps&utm_medium=fichehotel&utm_campaign=yext,,,,
https://www.hotel-bb.com/fr/hotel/le-touquet?utm_source=googlemaps&utm_medium=fichehotel&utm_campaign=yext,,,,
https://www.hotel-bb.com/fr/hotel/le-treport-friville?utm_source=googlemaps&utm_medium=fichehotel&utm_campaign=yext,,,,
https://www.hotel-bb.com/fr/hotel/lens-musee-du-louvre?utm_source=googlemaps&utm_medium=fichehotel&utm_campaign=yext,,,,
https://www.hotel-bb.com/fr/hotel/lille-lezennes-stade-pierre-mauroy?utm_source=googlemaps&utm_medium=fichehotel&utm_campaign=yext,,,,
https://www.hotel-bb.com/fr/hotel/lille-grand-stade?utm_source=googlemaps&utm_medium=fichehotel&utm_campaign=yext,,,,
https://www.hotel-bb.com/fr/hotel/limoges-1?utm_source=googlemaps&utm_medium=fichehotel&utm_campaign=yext,,,,
https://www.hotel-bb.com/fr/hotel/limoges-2?utm_source=googlemaps&utm_medium=fichehotel&utm_campaign=yext,,,,
https://www.hotel-bb.com/fr/hotel/limoges-3?utm_source=googlemaps&utm_medium=fichehotel&utm_campaign=yext,,,,
https://www.hotel-bb.com/fr/hotel/limoges-gare?utm_source=googlemaps&utm_medium=fichehotel&utm_campaign=yext,,,,
https://www.hotel-bb.com/fr/hotel/longwy-porte-du-luxembourg?utm_source=googlemaps&utm_medium=fichehotel&utm_campaign=yext,,,,
https://www.hotel-bb.com/fr/hotel/lorient-caudan?utm_source=googlemaps&utm_medium=fichehotel&utm_campaign=yext,,,,
https://www.hotel-bb.com/fr/hotel/louveciennes?utm_source=googlemaps&utm_medium=fichehotel&utm_campaign=yext,,,,
https://www.hotel-bb.com/fr/hotel/lyon-nord?utm_source=googlemaps&utm_medium=fichehotel&utm_campaign=yext,,,,
https://www.hotel-bb.com/fr/hotel/magnanville?utm_source=googlemaps&utm_medium=fichehotel&utm_campaign=yext,,,,
https://www.hotel-bb.com/fr/hotel/marne-la-vallee-bussy-saint-georges?utm_source=googlemaps&utm_medium=fichehotel&utm_campaign=yext,,,,
https://www.hotel-bb.com/fr/hotel/marne-la-vallee-torcy?utm_source=googlemaps&utm_medium=fichehotel&utm_campaign=yext,,,,
https://www.hotel-bb.com/fr/hotel/marne-la-vallee-val-d-europe?utm_source=googlemaps&utm_medium=fichehotel&utm_campaign=yext,,,,
https://www.hotel-bb.com/fr/hotel/marseille-aeroport-saint-victoret?utm_source=googlemaps&utm_medium=fichehotel&utm_campaign=yext,,,,
https://www.hotel-bb.com/fr/hotel/martigues-port-de-bouc?utm_source=googlemaps&utm_medium=fichehotel&utm_campaign=yext,,,,
https://www.hotel-bb.com/fr/hotel/massieux-genay?utm_source=googlemaps&utm_medium=fichehotel&utm_campaign=yext,,,,
https://www.hotel-bb.com/fr/hotel/massy-gare-tgv?utm_source=googlemaps&utm_medium=fichehotel&utm_campaign=yext,,,,
https://www.hotel-bb.com/fr/hotel/maubeuge-gare?utm_source=googlemaps&utm_medium=fichehotel&utm_campaign=yext,,,,
https://www.hotel-bb.com/fr/hotel/maubeuge-louvroil?utm_source=googlemaps&utm_medium=fichehotel&utm_campaign=yext,,,,
https://www.hotel-bb.com/fr/hotel/meaux?utm_source=googlemaps&utm_medium=fichehotel&utm_campaign=yext,,,,
https://www.hotel-bb.com/fr/hotel/meaux-nanteuil-les-meaux?utm_source=googlemaps&utm_medium=fichehotel&utm_campaign=yext,,,,
https://www.hotel-bb.com/fr/hotel/metz-augny?utm_source=googlemaps&utm_medium=fichehotel&utm_campaign=yext,,,,
https://www.hotel-bb.com/fr/hotel/metz-jouy-aux-arches?utm_source=googlemaps&utm_medium=fichehotel&utm_campaign=yext,,,,
https://www.hotel-bb.com/fr/hotel/montargis?utm_source=googlemaps&utm_medium=fichehotel&utm_campaign=yext,,,,
https://www.hotel-bb.com/fr/hotel/montauban?utm_source=googlemaps&utm_medium=fichehotel&utm_campaign=yext,,,,
https://www.hotel-bb.com/fr/hotel/montbeliard-sochaux?utm_source=googlemaps&utm_medium=fichehotel&utm_campaign=yext,,,,
https://www.montilia.fr/,,,,
https://www.hotel-bb.com/fr/hotel/montlhery?utm_source=googlemaps&utm_medium=fichehotel&utm_campaign=yext,,,,
https://www.hotel-bb.com/fr/hotel/montlucon-saint-victor?utm_source=googlemaps&utm_medium=fichehotel&utm_campaign=yext,,,,
https://www.hotel-bb.com/fr/hotel/montpellier-1?utm_source=googlemaps&utm_medium=fichehotel&utm_campaign=yext,,,,
https://www.hotel-bb.com/fr/hotel/montpellier-vendargues?utm_source=googlemaps&utm_medium=fichehotel&utm_campaign=yext,,,,
https://www.hotel-bb.com/fr/hotel/morlaix?utm_source=googlemaps&utm_medium=fichehotel&utm_campaign=yext,,,,
https://www.hotel-bb.com/fr/hotel/moulins-avermes?utm_source=googlemaps&utm_medium=fichehotel&utm_campaign=yext,,,,
https://www.hotel-bb.com/fr/hotel/moulins?utm_source=googlemaps&utm_medium=fichehotel&utm_campaign=yext,,,,
https://www.hotel-bb.com/fr/hotel/mulhouse-ile-napoleon?utm_source=googlemaps&utm_medium=fichehotel&utm_campaign=yext,,,,
https://www.hotel-bb.com/fr/hotel/mulhouse-kingersheim?utm_source=googlemaps&utm_medium=fichehotel&utm_campaign=yext,,,,
https://www.hotel-bb.com/fr/hotel/nancy-frouard-1?utm_source=googlemaps&utm_medium=fichehotel&utm_campaign=yext,,,,
https://www.hotel-bb.com/fr/hotel/nantes-savenay?utm_source=googlemaps&utm_medium=fichehotel&utm_campaign=yext,,,,
https://www.hotel-bb.com/fr/hotel/narbonne-1?utm_source=googlemaps&utm_medium=fichehotel&utm_campaign=yext,,,,
https://www.hotel-bb.com/fr/hotel/narbonne-2?utm_source=googlemaps&utm_medium=fichehotel&utm_campaign=yext,,,,
https://www.hotel-bb.com/fr/hotel/nice-stade-riviera?utm_source=googlemaps&utm_medium=fichehotel&utm_campaign=yext,,,,
https://www.hotel-bb.com/fr/hotel/nimes-caissargues?utm_source=googlemaps&utm_medium=fichehotel&utm_campaign=yext,,,,
https://www.hotel-bb.com/fr/hotel/nimes-ville-active?utm_source=googlemaps&utm_medium=fichehotel&utm_campaign=yext,,,,
https://www.hotel-bb.com/fr/hotel/niort-marais-poitevin?utm_source=googlemaps&utm_medium=fichehotel&utm_campaign=yext,,,,
https://www.hotel-bb.com/fr/hotel/noisy-le-grand?utm_source=googlemaps&utm_medium=fichehotel&utm_campaign=yext,,,,
https://www.hotel-bb.com/fr/hotel/orange?utm_source=googlemaps&utm_medium=fichehotel&utm_campaign=yext,,,,
https://www.hotel-bb.com/fr/hotel/orgeval?utm_source=googlemaps&utm_medium=fichehotel&utm_campaign=yext,,,,
https://www.hotel-bb.com/fr/hotel/orleans?utm_source=googlemaps&utm_medium=fichehotel&utm_campaign=yext,,,,
https://www.hotel-bb.com/fr/hotel/orleans-saint-jean-de-braye?utm_source=googlemaps&utm_medium=fichehotel&utm_campaign=yext,,,,
https://www.hotel-bb.com/fr/hotel/orleans-saran?utm_source=googlemaps&utm_medium=fichehotel&utm_campaign=yext,,,,
https://www.hotel-bb.com/fr/hotel/orly-chevilly-marche-international?utm_source=googlemaps&utm_medium=fichehotel&utm_campaign=yext,,,,
https://www.hotel-bb.com/fr/hotel/orly-chevilly-larue?utm_source=googlemaps&utm_medium=fichehotel&utm_campaign=yext,,,,
https://www.hotel-bb.com/fr/hotel/orly-rungis-aeroport-2?utm_source=googlemaps&utm_medium=fichehotel&utm_campaign=yext,,,,
https://www.hotel-bb.com/fr/hotel/orly-rungis-aeroport-3?utm_source=googlemaps&utm_medium=fichehotel&utm_campaign=yext,,,,
https://www.hotel-bb.com/fr/hotel/paray-le-monial?utm_source=googlemaps&utm_medium=fichehotel&utm_campaign=yext,,,,
https://www.hotel-bb.com/fr/hotel/paris-clichy-sous-bois?utm_source=googlemaps&utm_medium=fichehotel&utm_campaign=yext,,,,
https://www.hotel-bb.com/fr/hotel/paris-creteil?utm_source=googlemaps&utm_medium=fichehotel&utm_campaign=yext,,,,
https://www.hotel-bb.com/fr/hotel/paris-est-bobigny?utm_source=googlemaps&utm_medium=fichehotel&utm_campaign=yext,,,,
https://www.hotel-bb.com/fr/hotel/meudon?utm_source=googlemaps&utm_medium=fichehotel&utm_campaign=yext,,,,
https://www.hotel-bb.com/fr/hotel/paris-roissy-cdg-aeroport?utm_source=googlemaps&utm_medium=fichehotel&utm_campaign=yext,,,,
https://www.hotel-bb.com/fr/hotel/paris-romainville-noisy-le-sec?utm_source=googlemaps&utm_medium=fichehotel&utm_campaign=yext,,,,
https://www.hotel-bb.com/fr/hotel/paris-sud-chatenay-malabry?utm_source=googlemaps&utm_medium=fichehotel&utm_campaign=yext,,,,
https://www.hotel-bb.com/fr/hotel/pau-lescar?utm_source=googlemaps&utm_medium=fichehotel&utm_campaign=yext,,,,
https://www.hotel-bb.com/fr/hotel/pau-zenith?utm_source=googlemaps&utm_medium=fichehotel&utm_campaign=yext,,,,
https://www.hotel-bb.com/fr/hotel/perpignan-sud-marche-international?utm_source=googlemaps&utm_medium=fichehotel&utm_campaign=yext,,,,
https://www.hotel-bb.com/fr/hotel/perpignan-sud-porte-d-espagne?utm_source=googlemaps&utm_medium=fichehotel&utm_campaign=yext,,,,
https://www.hotel-bb.com/fr/hotel/pezenas?utm_source=googlemaps&utm_medium=fichehotel&utm_campaign=yext,,,,
https://www.hotel-bb.com/fr/hotel/poitiers-1?utm_source=googlemaps&utm_medium=fichehotel&utm_campaign=yext,,,,
https://www.hotel-bb.com/fr/hotel/poitiers-3?utm_source=googlemaps&utm_medium=fichehotel&utm_campaign=yext,,,,
https://www.hotel-bb.com/fr/hotel/poitiers-aeroport?utm_source=googlemaps&utm_medium=fichehotel&utm_campaign=yext,,,,
https://www.hotel-bb.com/fr/hotel/pontault-combault?utm_source=googlemaps&utm_medium=fichehotel&utm_campaign=yext,,,,
https://www.hotel-bb.com/fr/hotel/quimper-nord-douarnenez?utm_source=googlemaps&utm_medium=fichehotel&utm_campaign=yext,,,,
https://www.hotel-bb.com/fr/hotel/reims-centre-gare?utm_source=googlemaps&utm_medium=fichehotel&utm_campaign=yext,,,,
https://www.hotel-bb.com/fr/hotel/reims-croix-blandin?utm_source=googlemaps&utm_medium=fichehotel&utm_campaign=yext,,,,
https://www.hotel-bb.com/fr/hotel/rennes-liffre?utm_source=googlemaps&utm_medium=fichehotel&utm_campaign=yext,,,,
https://www.hotel-bb.com/fr/hotel/rennes-nord-saint-gregoire?utm_source=googlemaps&utm_medium=fichehotel&utm_campaign=yext,,,,
https://www.hotel-bb.com/fr/hotel/rennes-ouest-villejean?utm_source=googlemaps&utm_medium=fichehotel&utm_campaign=yext,,,,
https://www.hotel-bb.com/fr/hotel/romilly-sur-seine?utm_source=googlemaps&utm_medium=fichehotel&utm_campaign=yext,,,,
https://www.hotel-bb.com/fr/hotel/rouen-centre?utm_source=googlemaps&utm_medium=fichehotel&utm_campaign=yext,,,,
https://www.hotel-bb.com/fr/hotel/rouen-parc-des-expos-zenith?utm_source=googlemaps&utm_medium=fichehotel&utm_campaign=yext,,,,
https://www.hotel-bb.com/fr/hotel/rouen-saint-etienne-du-rouvray?utm_source=googlemaps&utm_medium=fichehotel&utm_campaign=yext,,,,
https://www.hotel-bb.com/fr/hotel/saint-avold-nord?utm_source=googlemaps&utm_medium=fichehotel&utm_campaign=yext,,,,
https://www.hotel-bb.com/fr/hotel/saint-brieuc?utm_source=googlemaps&utm_medium=fichehotel&utm_campaign=yext,,,,
https://www.hotel-bb.com/fr/hotel/saint-etienne-la-terrasse?utm_source=googlemaps&utm_medium=fichehotel&utm_campaign=yext,,,,
https://www.hotel-bb.com/fr/hotel/saint-etienne-monthieu?utm_source=googlemaps&utm_medium=fichehotel&utm_campaign=yext,,,,
https://www.hotel-bb.com/fr/hotel/saint-geours-de-maremne-hossegor?utm_source=googlemaps&utm_medium=fichehotel&utm_campaign=yext,,,,
https://www.hotel-bb.com/fr/hotel/saint-malo-centre?utm_source=googlemaps&utm_medium=fichehotel&utm_campaign=yext,,,,
https://www.hotel-bb.com/fr/hotel/saint-malo-sud?utm_source=googlemaps&utm_medium=fichehotel&utm_campaign=yext,,,,
https://www.hotel-bb.com/fr/hotel/saint-martin-de-crau-alpilles-camargue?utm_source=googlemaps&utm_medium=fichehotel&utm_campaign=yext,,,,
https://www.hotel-bb.com/fr/hotel/saint-maur-creteil?utm_source=googlemaps&utm_medium=fichehotel&utm_campaign=yext,,,,
https://www.hotel-bb.com/fr/hotel/saint-michel-sur-orge?utm_source=googlemaps&utm_medium=fichehotel&utm_campaign=yext,,,,
https://www.hotel-bb.com/fr/hotel/saint-nazaire-pornichet?utm_source=googlemaps&utm_medium=fichehotel&utm_campaign=yext,,,,
https://www.hotel-bb.com/fr/hotel/saint-pierre-en-faucigny-bonneville?utm_source=googlemaps&utm_medium=fichehotel&utm_campaign=yext,,,,
https://www.hotel-bb.com/fr/hotel/saint-quentin?utm_source=googlemaps&utm_medium=fichehotel&utm_campaign=yext,,,,
https://www.hotel-bb.com/fr/hotel/saint-witz-roissy?utm_source=googlemaps&utm_medium=fichehotel&utm_campaign=yext,,,,
https://www.hotel-bb.com/fr/hotel/salon-de-provence?utm_source=googlemaps&utm_medium=fichehotel&utm_campaign=yext,,,,
https://www.hotel-bb.com/fr/hotel/thionville-yutz-a31?utm_source=googlemaps&utm_medium=fichehotel&utm_campaign=yext,,,,
https://www.hotel-bb.com/fr/hotel/toulon-ollioules?utm_source=googlemaps&utm_medium=fichehotel&utm_campaign=yext,,,,
https://www.hotel-bb.com/fr/hotel/toulouse-purpan-zenith?utm_source=googlemaps&utm_medium=fichehotel&utm_campaign=yext,,,,
https://www.hotel-bb.com/fr/hotel/toulouse-universite?utm_source=googlemaps&utm_medium=fichehotel&utm_campaign=yext,,,,
https://www.hotel-bb.com/fr/hotel/tours-parc-expo-saint-avertin?utm_source=googlemaps&utm_medium=fichehotel&utm_campaign=yext,,,,
https://www.hotel-bb.com/fr/hotel/troyes-barberey?utm_source=googlemaps&utm_medium=fichehotel&utm_campaign=yext,,,,
https://www.hotel-bb.com/fr/hotel/troyes-centre?utm_source=googlemaps&utm_medium=fichehotel&utm_campaign=yext,,,,
https://www.hotel-bb.com/fr/hotel/troyes-saint-parres-aux-tertres?utm_source=googlemaps&utm_medium=fichehotel&utm_campaign=yext,,,,
https://www.hotel-bb.com/fr/hotel/valence-nord?utm_source=googlemaps&utm_medium=fichehotel&utm_campaign=yext,,,,
https://www.valimmonia.com/,,,,
https://www.hotel-bb.com/fr/hotel/vannes-est-golfe-du-morbihan?utm_source=googlemaps&utm_medium=fichehotel&utm_campaign=yext,,,,
https://www.hotel-bb.com/fr/hotel/vannes-ouest-golfe-du-morbihan?utm_source=googlemaps&utm_medium=fichehotel&utm_campaign=yext,,,,
https://www.hotel-bb.com/fr/hotel/verdun?utm_source=googlemaps&utm_medium=fichehotel&utm_campaign=yext,,,,
https://www.hotel-bb.com/fr/hotel/villefranche-sur-saone-sud?utm_source=googlemaps&utm_medium=fichehotel&utm_campaign=yext,,,,
https://www.hotel-bb.com/fr/hotel/villeneuve-loubet-plage?utm_source=googlemaps&utm_medium=fichehotel&utm_campaign=yext,,,,
https://www.hotel-bb.com/fr/hotel/viry-chatillon?utm_source=googlemaps&utm_medium=fichehotel&utm_campaign=yext,,,,
http://www.lebeaumanoir.com/,,,,
https://belami-normandy.com/,,,,
http://www.hotel-fougeres.fr/,,,,
https://www.bestwestern-marseille-aeroport.com/,,,,
http://www.hotelsaintclaude.com/,,,,
https://www.hotelelixirgrasse.com/,,,,
https://www.lesrivesduter.com/fr/,,,,
https://www.blackbasshotel-annecy.com/,,,,
https://mgallery.accor.com/hotels/A064?merchantid=seo-maps-FR-A064&sourceid=aw-cen&utm_source=google+Maps&utm_medium=seo+maps&utm_campaign=seo+maps&utm_term=MGallery-Launch,,,,
https://hotel-dinan-taden.brithotel.fr/?utm_source=google&utm_medium=seo&utm_campaign=gmb,,,,
https://hotel-alencon.brithotel.fr/?utm_source=google&utm_medium=seo&utm_campaign=gmb,,,,
https://amiens.brithotel.fr/?utm_source=google&utm_medium=seo&utm_campaign=gmb,,,,
https://hotel-angers.brithotel.fr/,,,,
https://besancon.brithotel.fr/?utm_source=google&utm_medium=seo&utm_campaign=gmb,,,,
https://hotel-bordeaux-aeroport.brithotel.fr/,,,,
https://bristol-montbeliard.brithotel.fr/,,,,
https://hotel-brive.brithotel.fr/?utm_source=google&utm_medium=seo&utm_campaign=gmb,,,,
https://caen-nord.brithotel.fr/,,,,
https://cahors-valentre.brithotel.fr/,,,,
https://cahors-nord.brithotel.fr/?utm_source=google&utm_medium=seo&utm_campaign=gmb,,,,
https://hotel-cancale-alghotel.brithotel.fr/?utm_source=google&utm_medium=seo&utm_campaign=gmb,,,,
https://hotel-chateaudun.brithotel.fr/,,,,
https://hotel-cholet.brithotel.fr/?utm_source=google&utm_medium=seo&utm_campaign=gmb,,,,
https://hotel-lorient-centre.brithotel.fr/?utm_source=google&utm_medium=seo&utm_campaign=gmb,,,,
https://hotel-dijon.brithotel.fr/?utm_source=google&utm_medium=seo&utm_campaign=gmb,,,,
https://hotel-nogent-le-rotrou.brithotel.fr/?utm_source=google&utm_medium=seo&utm_campaign=gmb,,,,
https://hotel-gien.brithotel.fr/?utm_source=google&utm_medium=seo&utm_campaign=gmb,,,,
https://hotel-lannion.brithotel.fr/?utm_source=google&utm_medium=seo&utm_campaign=gmb,,,,
https://www.hotel-tulle.com/,,,,
https://hotel-le-mans-evens.brithotel.fr/?utm_source=google&utm_medium=seo&utm_campaign=gmb,,,,
https://nimes-ouest.brithotel.fr/?utm_source=google&utm_medium=seo&utm_campaign=gmb,,,,
https://roanne.brithotel.fr/?utm_source=google&utm_medium=seo&utm_campaign=gmb,,,,
https://villefranche-de-rouergue.brithotel.fr/?utm_source=google&utm_medium=seo&utm_campaign=gmb,,,,
https://hotel-vichy-centre.brithotel.fr/?utm_source=google&utm_medium=seo&utm_campaign=gmb,,,,
https://hotel-chaudes-aigues.brithotel.fr/?&action=moteur_resa&partid=&nb_adt=1&nb_chd=0&date_in=1623362399&date_out=1623448799&children_age=12,,,,
https://aigle.brithotel.fr/?utm_source=google&utm_medium=seo&utm_campaign=gmb,,,,
https://www.thermes-dax.com/hotels/brit-hotel-du-lac/,,,,
https://moulins.brithotel.fr/?utm_source=google&utm_medium=seo&utm_campaign=gmb,,,,
https://hotel-reims-taissy.brithotel.fr/?utm_source=google&utm_medium=seo&utm_campaign=gmb,,,,
https://villefranche-sur-saone.brithotel.fr/?utm_source=google&utm_medium=seo&utm_campaign=gmb,,,,
https://rennes-aeroport.brithotel.fr/,,,,
https://ferte-bernard.brithotel.fr/?utm_source=google&utm_medium=seo&utm_campaign=gmb,,,,
https://hotel-quimper-kerodet.brithotel.fr/?utm_source=google&utm_medium=seo&utm_campaign=gmb,,,,
https://troyes-royal.brithotel.fr/?utm_source=google&utm_medium=seo&utm_campaign=gmb,,,,
https://hotel-vesoul.brithotel.fr/?utm_source=google&utm_medium=seo&utm_campaign=gmb,,,,
https://hotel-limoges.brithotel.fr/,,,,
https://martigues.brithotel.fr/?utm_source=google&utm_medium=seo&utm_campaign=gmb,,,,
https://hotel-mende-confort.brithotel.fr/?utm_source=google&utm_medium=seo&utm_campaign=gmb,,,,
https://hotel-mende-essentiel.brithotel.fr/?utm_source=google&utm_medium=seo&utm_campaign=gmb,,,,
https://hotel-montargis.brithotel.fr/?utm_source=google&utm_medium=seo&utm_campaign=gmb,,,,
https://hotel-montpellier.brithotel.fr/?utm_source=google&utm_medium=seo&utm_campaign=gmb,,,,
https://hotel-orleans-antares.brithotel.fr/,,,,
https://paris-orly.brithotel.fr/?utm_source=google&utm_medium=seo&utm_campaign=gmb,,,,
https://hotel-rennes-castel.brithotel.fr/,,,,
https://hotel-rouen-barentin.brithotel.fr/?utm_source=google&utm_medium=seo&utm_campaign=gmb,,,,
https://hotel-saint-brieuc.brithotel.fr/,,,,
https://hotel-st-meen-ladresse.brithotel.fr/?utm_source=google&utm_medium=seo&utm_campaign=gmb,,,,
http://saint-dizier.brithotel.fr/?utm_source=google&utm_medium=seo&utm_campaign=gmb,,,,
https://saint-lo.brithotel.fr/?utm_source=google&utm_medium=seo&utm_campaign=gmb,,,,
https://hotel-sables-olonne.brithotel.fr/?utm_source=google&utm_medium=seo&utm_campaign=gmb,,,,
https://villeneuve-sur-lot.brithotel.fr/?utm_source=google&utm_medium=seo&utm_campaign=gmb,,,,
https://hotel-rouen-val-de-reuil.brithotel.fr/,,,,
https://www.ihg.com/redirect?path=hd&localeCode=en&brandCode=RE&regionCode=FR&hotelCode=CEQHA&cm_mmc=GoogleMaps-_-RE-_-FR-_-CEQHA,,,,
https://www.hotel-du-fornet-valdisere.com/,,,,
http://www.chalgrinboutiquehotel.com/,,,,
https://charme-fil-eau.fr/,,,,
https://www.hotel-restaurant-meyrueis.com/,,,,
https://cithotel-design-booking.com/,,,,
https://www.choicehotels.com/fr-fr/france/divonne-les-bains/comfort-suites-hotels/fr558,,,,
https://www.choicehotels.com/france/evreux/comfort-inn-hotels/fr521?mc=llgobeeu&pmf=bleu,,,,
https://www.choicehotels.com/france/linas/comfort-inn-hotels/fr525?mc=llgobeeu&pmf=bleu,,,,
https://www.choicehotels.com/france/montlucon/comfort-inn-hotels/fr526?mc=llgobeeu&pmf=bleu,,,,
https://www.comfort-hotel-orleans.com/fr/comfort-hotel-olivet/presentation-hotel-et-acces.html,,,,
https://www.comfort-hotel-orleans.com/fr/comfort-hotel-olivet-provinces/presentation-hotel-et-acces.html,,,,
https://www.choicehotels.com/france/saran/comfort-inn-hotels/fr528?mc=llgobeeu&pmf=bleu,,,,
https://www.choicehotels.com/france/ramonville-saint-agne/comfort-inn-hotels/fr164?mc=llgobeeu&pmf=bleu,,,,
http://www.communsdebonhotel.fr/,,,,
https://www.coqhotel.com/,,,,
https://www.radissonhotels.com/en-us/hotels/radisson-collection-cour-des-loges-lyon?cid=a:se+b:gmb+c:emea+i:local+e:rco+d:ukirwe+h:FRLYSLCL,,,,
https://www.ihg.com/crowneplaza/hotels/gb/en/marseille/mrsdm/hoteldetail?cm_mmc=GoogleMaps-_-CP-_-FR-_-MRSDM,,,,
http://www.dioshotel.com/,,,,
https://www.disneylandparis.com/fr-fr/hotels/disneys-hotel-cheyenne/,,,,
https://www.disneylandparis.com/fr-fr/hotels/disneyland-hotel/,,,,
https://www.disneylandparis.com/fr-fr/hotels/disneys-hotel-new-york/?hotel=DNYH,,,,
https://www.ducdebretagne.com/,,,,
https://slowtourism.fr/,,,,
https://www.edenparkhotel.com/fr,,,,
https://www.eklohotels.com/fr/marne-la-vallee,,,,
https://www.elema-hotels.com/nos-hotels/elema-beauvais,,,,
https://direct-design-enzo-cannes-ecluse.kyriad.com/fr-fr/?utm_content=partoo&utm_medium=seo-bgp&utm_source=google,,,,
http://evreux.com.es/,,,,
http://www.eurohotelparisorly.com/,,,,
https://www.fasthotel.com/pays-de-la-loire/hotel-le-mans-nord,,,,
http://www.fasthotel.com/centre/hotel-orval-saint-amand-montrond?utm_source=gmb,,,,
https://www.voshotels.com/fr,,,,
http://fiveseashotel.com/,,,,
https://www.fourseasons.com/megeve/?utm_source=google&utm_medium=organicsearch&utm_campaign=tor-mve-hre-mid-seo-na&utm_content=na-na&utm_term=na,,,,
https://www.golfhotel34.com/,,,,
http://www.hotel-mont-dore.com/,,,,
https://www.grand-hotel-thermal.fr/,,,,
https://www.hilton.com/en/hotels/tlnspqq-grand-hotel-des-sablettes-plage/?SEO_id=GMB-EMEA-QQ-TLNSPQQ,,,,
https://www.fourseasons.com/capferrat/?utm_source=google&utm_medium=organicsearch&utm_campaign=tor-ghf-hre-mid-seo-na&utm_content=na-na&utm_term=na,,,,
https://all.accor.com/hotel/B8D8/index.fr.shtml,,,,
https://all.accor.com/lien_externe.svlt?goto=fiche_hotel&code_hotel=C237&merchantid=seo-maps-France-C237&sourceid=aw-cen&utm_medium=seo%20maps&utm_source=google%20Maps&utm_campaign=seo%20maps,,,,
https://all.accor.com/lien_externe.svlt?goto=fiche_hotel&code_hotel=C0T5&merchantid=seo-maps-France-C0T5&sourceid=aw-cen&utm_medium=seo%20maps&utm_source=google%20Maps&utm_campaign=seo%20maps,,,,
https://all.accor.com/lien_externe.svlt?goto=fiche_hotel&code_hotel=C343&merchantid=seo-maps-France-C343&sourceid=aw-cen&utm_medium=seo%20maps&utm_source=google%20Maps&utm_campaign=seo%20maps,,,,
https://all.accor.com/lien_externe.svlt?goto=fiche_hotel&code_hotel=C275&merchantid=seo-maps-France-C275&sourceid=aw-cen&utm_medium=seo%20maps&utm_source=google%20Maps&utm_campaign=seo%20maps,,,,
https://all.accor.com/lien_externe.svlt?goto=fiche_hotel&code_hotel=B7B0&merchantid=seo-maps-FR-B7B0&sourceid=aw-cen&utm_medium=seo%20maps&utm_source=google%20Maps&utm_campaign=seo%20maps,,,,
https://all.accor.com/lien_externe.svlt?goto=fiche_hotel&code_hotel=C1U6&merchantid=seo-maps-France-C1U6&sourceid=aw-cen&utm_medium=seo%20maps&utm_source=google%20Maps&utm_campaign=seo%20maps,,,,
https://higalik-hotel.com/fr/?utm_source=MyBusiness,,,,
https://www.ihg.com/holidayinnexpress/hotels/gb/en/rouen/urors/hoteldetail?cm_mmc=GoogleMaps-_-EX-_-FR-_-URORS,,,,
https://sites.google.com/view/hotel-du-saumon/,,,,
https://www.lebonlaboureurmorvan.com/,,,,
https://hotelrestaurantdusoleil.com/,,,,
https://www.hotel-aitone.com/,,,,
https://www.hotelalbert1.com/,,,,
https://hotel-restaurant-aliotel.com/,,,,
http://www.hotelaltina.com/,,,,
https://www.hotelarboisbettex.com/,,,,
http://www.hotelarlesplaza.com/,,,,
http://hotel-aster-creutzwald.org.es/,,,,
http://www.hotel-sathonaycamp.com/,,,,
http://www.hotel-restaurant-letoile.com/,,,,
https://saint-paul.amenitiz.io/,,,,
https://www.zoobeauval.com/dormir-a-beauval/hotel-beauvilliers?utm_source=google&utm_medium=organic&utm_campaign=gmb&utm_content=hotel_beauvilliers,,,,
https://www.hilton.com/en/hotels/parhcup-hotel-camille-paris-gare-de-lyon/?SEO_id=GMB-EMEA-UP-PARHCUP,,,,
https://gildefrance.thais-hotel.com/direct-booking/calendar?utm_source=gmb,,,,
https://all.accor.com/lien_externe.svlt?goto=fiche_hotel&code_hotel=2950&merchantid=seo-maps-FR-2950&sourceid=aw-cen&utm_medium=seo+maps&utm_source=google+Maps&utm_campaign=seo+maps&y_source=1_MTUzNTg3NTItNzE1LWxvY2F0aW9uLndlYnNpdGU%3D,,,,
http://www.cinquearcate.com/,,,,
http://hotel-class-eco-78-50.webself.net/,,,,
http://www.hotelcommercy.com/,,,,
https://www.hilton.com/en/hotels/cdghdup-hotel-dali-val-d-europe/?SEO_id=GMB-EMEA-UP-CDGHDUP,,,,
https://tourfr.click/bourgogne-suites-yh8h5k,,,,
https://app.thebookingbutton.com/properties/hoteldefranceetderussiedirect,,,,
http://hoteldelapaix-pamiers.com/,,,,
https://www.hotel-de-la-pommeraie.com/,,,,
http://www.hotel-la-poste.com/,,,,
http://www.hotel-bugue-perigord.com/,,,,
https://suze-luxe-nature.escapade-vacances.com/,,,,
http://www.hoteldesalpesoisans.com/,,,,
https://www.hoteldespyrenees.fr/,,,,
http://www.hotel-europe-meyrueis.com/,,,,
http://www.lahaltesolognote.com/,,,,
https://www.chevalblancbarcelonnette.com/?utm_source=gmb,,,,
https://www.marriott.com/en-us/hotels/ncehc-hotel-du-couvent-a-luxury-collection-hotel-nice-france/overview/?scid=f2ae0541-1279-4f24-b197-a979c79310b0,,,,
https://hotelduparc45.fr/,,,,
http://www.hotelsaintamand.com/,,,,
https://www.tonneaudor.fr/fr/,,,,
https://www.hotelegide.fr/,,,,
https://www.hotel-escapadesenlis.com/,,,,
https://all.accor.com/lien_externe.svlt?goto=fiche_hotel&code_hotel=2266&merchantid=seo-maps-FR-2266&sourceid=aw-cen&utm_medium=seo%20maps&utm_source=google%20Maps&utm_campaign=seo%20maps,,,,
https://all.accor.com/lien_externe.svlt?goto=fiche_hotel&code_hotel=2296&merchantid=seo-maps-FR-2296&sourceid=aw-cen&utm_medium=seo%20maps&utm_source=google%20Maps&utm_campaign=seo%20maps,,,,
https://all.accor.com/lien_externe.svlt?goto=fiche_hotel&code_hotel=2051&merchantid=seo-maps-FR-2051&sourceid=aw-cen&utm_medium=seo+maps&utm_source=google+Maps&utm_campaign=seo+maps&y_source=1_MTUzNTg3MzUtNzE1LWxvY2F0aW9uLndlYnNpdGU=,,,,
https://all.accor.com/lien_externe.svlt?goto=fiche_hotel&code_hotel=0972&merchantid=seo-maps-FR-0972&sourceid=aw-cen&utm_medium=seo%20maps&utm_source=google%20Maps&utm_campaign=seo%20maps,,,,
https://all.accor.com/lien_externe.svlt?goto=fiche_hotel&code_hotel=1081&merchantid=seo-maps-FR-1081&sourceid=aw-cen&utm_medium=seo%20maps&utm_source=google%20Maps&utm_campaign=seo%20maps,,,,
https://all.accor.com/lien_externe.svlt?goto=fiche_hotel&code_hotel=1740&merchantid=seo-maps-FR-1740&sourceid=aw-cen&utm_medium=seo%20maps&utm_source=google%20Maps&utm_campaign=seo%20maps,,,,
https://all.accor.com/lien_externe.svlt?goto=fiche_hotel&code_hotel=0971&merchantid=seo-maps-FR-0971&sourceid=aw-cen&utm_medium=seo%20maps&utm_source=google%20Maps&utm_campaign=seo%20maps,,,,
https://all.accor.com/lien_externe.svlt?goto=fiche_hotel&code_hotel=2489&merchantid=seo-maps-FR-2489&sourceid=aw-cen&utm_medium=seo%20maps&utm_source=google%20Maps&utm_campaign=seo%20maps,,,,
https://all.accor.com/lien_externe.svlt?goto=fiche_hotel&code_hotel=3685&merchantid=seo-maps-FR-3685&sourceid=aw-cen&utm_medium=seo%20maps&utm_source=google%20Maps&utm_campaign=seo%20maps,,,,
https://all.accor.com/lien_externe.svlt?goto=fiche_hotel&code_hotel=5695&merchantid=seo-maps-FR-5695&sourceid=aw-cen&utm_medium=seo%20maps&utm_source=google%20Maps&utm_campaign=seo%20maps,,,,
https://all.accor.com/lien_externe.svlt?goto=fiche_hotel&code_hotel=5024&merchantid=seo-maps-FR-5024&sourceid=aw-cen&utm_medium=seo%20maps&utm_source=google%20Maps&utm_campaign=seo%20maps,,,,
https://all.accor.com/lien_externe.svlt?goto=fiche_hotel&code_hotel=3098&merchantid=seo-maps-FR-3098&sourceid=aw-cen&utm_medium=seo%20maps&utm_source=google%20Maps&utm_campaign=seo%20maps,,,,
https://all.accor.com/lien_externe.svlt?goto=fiche_hotel&code_hotel=5598&merchantid=seo-maps-FR-5598&sourceid=aw-cen&utm_medium=seo%20maps&utm_source=google%20Maps&utm_campaign=seo%20maps,,,,
https://all.accor.com/lien_externe.svlt?goto=fiche_hotel&code_hotel=5594&merchantid=seo-maps-FR-5594&sourceid=aw-cen&utm_medium=seo%20maps&utm_source=google%20Maps&utm_campaign=seo%20maps,,,,
https://all.accor.com/lien_externe.svlt?goto=fiche_hotel&code_hotel=2495&merchantid=seo-maps-FR-2495&sourceid=aw-cen&utm_medium=seo%20maps&utm_source=google%20Maps&utm_campaign=seo%20maps,,,,
https://all.accor.com/lien_externe.svlt?goto=fiche_hotel&code_hotel=5593&merchantid=seo-maps-FR-5593&sourceid=aw-cen&utm_medium=seo%20maps&utm_source=google%20Maps&utm_campaign=seo%20maps,,,,
https://all.accor.com/lien_externe.svlt?goto=fiche_hotel&code_hotel=8756&merchantid=seo-maps-FR-8756&sourceid=aw-cen&utm_medium=seo%20maps&utm_source=google%20Maps&utm_campaign=seo%20maps,,,,
https://all.accor.com/lien_externe.svlt?goto=fiche_hotel&code_hotel=2724&merchantid=seo-maps-FR-2724&sourceid=aw-cen&utm_medium=seo%20maps&utm_source=google%20Maps&utm_campaign=seo%20maps,,,,
https://all.accor.com/lien_externe.svlt?goto=fiche_hotel&code_hotel=0608&merchantid=seo-maps-FR-0608&sourceid=aw-cen&utm_medium=seo%20maps&utm_source=google%20Maps&utm_campaign=seo%20maps,,,,
https://all.accor.com/lien_externe.svlt?goto=fiche_hotel&code_hotel=0610&merchantid=seo-maps-FR-0610&sourceid=aw-cen&utm_medium=seo%20maps&utm_source=google%20Maps&utm_campaign=seo%20maps,,,,
https://all.accor.com/lien_externe.svlt?goto=fiche_hotel&code_hotel=1404&merchantid=seo-maps-FR-1404&sourceid=aw-cen&utm_medium=seo%20maps&utm_source=google%20Maps&utm_campaign=seo%20maps,,,,
https://all.accor.com/lien_externe.svlt?goto=fiche_hotel&code_hotel=1966&merchantid=seo-maps-FR-1966&sourceid=aw-cen&utm_medium=seo%20maps&utm_source=google%20Maps&utm_campaign=seo%20maps,,,,
https://all.accor.com/lien_externe.svlt?goto=fiche_hotel&code_hotel=1406&merchantid=seo-maps-FR-1406&sourceid=aw-cen&utm_medium=seo%20maps&utm_source=google%20Maps&utm_campaign=seo%20maps,,,,
https://all.accor.com/lien_externe.svlt?goto=fiche_hotel&code_hotel=7572&merchantid=seo-maps-FR-7572&sourceid=aw-cen&utm_medium=seo%20maps&utm_source=google%20Maps&utm_campaign=seo%20maps,,,,
https://all.accor.com/lien_externe.svlt?goto=fiche_hotel&code_hotel=5167&merchantid=seo-maps-FR-5167&sourceid=aw-cen&utm_medium=seo%20maps&utm_source=google%20Maps&utm_campaign=seo%20maps,,,,
https://www.hotel-ibiscentral-dijon.fr/,,,,
https://all.accor.com/lien_externe.svlt?goto=fiche_hotel&code_hotel=7027&merchantid=seo-maps-FR-7027&sourceid=aw-cen&utm_medium=seo%20maps&utm_source=google%20Maps&utm_campaign=seo%20maps,,,,
https://all.accor.com/lien_externe.svlt?goto=fiche_hotel&code_hotel=7430&merchantid=seo-maps-FR-7430&sourceid=aw-cen&utm_medium=seo%20maps&utm_source=google%20Maps&utm_campaign=seo%20maps,,,,
https://www.ihg.com/redirect?path=hd&localeCode=en&brandCode=IN&regionCode=FR&hotelCode=BODCC&cm_mmc=GoogleMaps-_-IN-_-FR-_-BODCC,,,,
https://hotel-inn-laval.fr/,,,,
https://hotel-inn-alencon.fr/,,,,
https://hotel-inn-sedan.fr/,,,,
https://hotel-pariscdg-airport.fr/,,,,
https://www.hotel-inn-vierzon.fr/,,,,
http://www.keppler.fr/,,,,
https://www.kyriad.com/fr-fr/,,,,
https://direct-orleans-nord-saran.kyriad.com/fr-fr/?utm_content=partoo&utm_medium=seo-bgp&utm_source=google,,,,
http://www.kyriad-libourne-saint-emilion.fr/,,,,
http://www.hotel-la-berangere.com/,,,,
https://www.hotelcouronne.com/,,,,
https://www.lacroixblanche.fr/,,,,
https://www.petite-pierre.com/?utm_source=google&utm_medium=my-business,,,,
https://hotel-la-rua.top/,,,,
http://www.lavillagervaiserie.com/,,,,
https://www.le12hotel-paris.com/,,,,
https://maisonlegate.fr/,,,,
https://www.hotelbelair.fr/,,,,
http://www.hotelblainon.com/,,,,
https://www.hotelcalgary.com/,,,,
http://www.hotellechalet.fr/,,,,
http://www.lechapeaurouge.net/,,,,
https://lecircuithotel.com/,,,,
http://www.hotelgraindesable.com/,,,,
https://hotellehameudeseauxdorelle.top/,,,,
http://www.bellerivehotel.com/,,,,
http://www.lemans-countryclub.com/,,,,
http://www.lemarquisparis.com/,,,,
http://www.hotelmonnalisa.com/,,,,
http://lemontanahotel.com/,,,,
https://www.hotellemottaret.com/?utm_source=google&utm_medium=ggmb,,,,
https://www.hotelneptune-propriano.com/,,,,
https://lenesk.com/,,,,
https://www.hotel-le-pradet.fr/,,,,
https://www.hotel-le-rale-des-genets.com/,,,,
https://www.leronchamp.com/,,,,
https://mgallery.accor.com/hotels/2952?merchantid=seo-maps-FR-2952&sourceid=aw-cen&utm_source=google+Maps&utm_medium=seo+maps&utm_campaign=seo+maps&utm_term=MGallery-Launch,,,,
https://www.lesherpa.com/,,,,
https://www.leterminusoisans.com/,,,,
https://www.lesjardinsdelamadrague.eu/fr,,,,
https://www.leslodgesdevaugrigneuse.com/,,,,
https://www.leslodgesdeauze.com/,,,,
https://www.hotel-beaune-les-nomades.com/,,,,
http://www.les-pres-du-roi.com/,,,,
https://all.accor.com/lien_externe.svlt?goto=fiche_hotel&code_hotel=C2L2&merchantid=seo-maps-France-C2L2&sourceid=aw-cen&utm_medium=seo%20maps&utm_source=google%20Maps&utm_campaign=seo%20maps,,,,
http://www.hotel-mamers.com/,,,,
https://resafr.click/manoir-grand-vignoble-0rymni,,,,
http://hotelmarrakechracine.site/,,,,
https://www.hyatt.com/unbound-collection/en-US/jcagh-hotel-martinez?src=corp_lclb_google_seo_jcagh&utm_source=google&utm_medium=organic&utm_campaign=lmr,,,,
https://www.mas-valentine.com/,,,,
https://all.accor.com/lien_externe.svlt?goto=fiche_hotel&code_hotel=6851&merchantid=seo-maps-FR-6851&sourceid=aw-cen&utm_medium=seo%20maps&utm_source=google%20Maps&utm_campaign=seo%20maps,,,,
https://all.accor.com/lien_externe.svlt?goto=fiche_hotel&code_hotel=0869&merchantid=seo-maps-FR-0869&sourceid=aw-cen&utm_medium=seo%20maps&utm_source=google%20Maps&utm_campaign=seo%20maps,,,,
https://all.accor.com/lien_externe.svlt?goto=fiche_hotel&code_hotel=9622&merchantid=seo-maps-FR-9622&sourceid=aw-cen&utm_medium=seo%20maps&utm_source=google%20Maps&utm_campaign=seo%20maps,,,,
https://all.accor.com/lien_externe.svlt?goto=fiche_hotel&code_hotel=9244&merchantid=seo-maps-FR-9244&sourceid=aw-cen&utm_medium=seo%20maps&utm_source=google%20Maps&utm_campaign=seo%20maps,,,,
https://all.accor.com/lien_externe.svlt?goto=fiche_hotel&code_hotel=5511&merchantid=seo-maps-FR-5511&sourceid=aw-cen&utm_medium=seo%20maps&utm_source=google%20Maps&utm_campaign=seo%20maps,,,,
https://all.accor.com/lien_externe.svlt?goto=fiche_hotel&code_hotel=9703&merchantid=seo-maps-FR-9703&sourceid=aw-cen&utm_medium=seo%20maps&utm_source=google%20Maps&utm_campaign=seo%20maps,,,,
https://www.mercuresaintlary.fr/,,,,
https://all.accor.com/lien_externe.svlt?goto=fiche_hotel&code_hotel=1814&merchantid=seo-maps-FR-1814&sourceid=aw-cen&utm_medium=seo%20maps&utm_source=google%20Maps&utm_campaign=seo%20maps,,,,
https://all.accor.com/hotel/8244/index.fr.shtml?goto=fiche_hotel&code_hotel=8244&merchantid=seo-maps-FR-8244&sourceid=aw-cen&utm_medium=seo%20maps&utm_source=google%20Maps&utm_campaign=seo%20maps,,,,
https://www.hotel-metz-technopole.fr/,,,,
https://www.hotel-moderne-arras.com/,,,,
https://www.nh-hotels.com/en/hotel/nh-collection-marseille?utm_campaign=local-gmb&utm_medium=organic_search&utm_source=google_gmb,,,,
https://www.nh-hotels.com/en/hotel/nh-lyon-airport?utm_campaign=local-gmb&utm_medium=organic_search&utm_source=google_gmb,,,,
https://www.nh-hotels.com/en/hotel/nh-nice?utm_campaign=local-gmb&utm_medium=organic_search&utm_source=google_gmb,,,,
https://www.nh-hotels.com/en/hotel/nhow-marseille?utm_campaign=local-gmb&utm_medium=organic_search&utm_source=google_gmb,,,,
https://all.accor.com/lien_externe.svlt?goto=fiche_hotel&code_hotel=0396&merchantid=seo-maps-FR-0396&sourceid=aw-cen&utm_medium=seo%20maps&utm_source=google%20Maps&utm_campaign=seo%20maps,,,,
https://all.accor.com/lien_externe.svlt?goto=fiche_hotel&code_hotel=1742&merchantid=seo-maps-FR-1742&sourceid=aw-cen&utm_medium=seo%20maps&utm_source=google%20Maps&utm_campaign=seo%20maps,,,,
https://www.hotel-paris-vaugirard.com/fr/,,,,
http://hotelparticulier-le28.com/,,,,
http://www.hotel-gy.fr/,,,,
https://www.hotel-plaza-site-du-futuroscope.com/,,,,
http://www.premiereclasse.com/fr/hotels/premiere-classe-cherbourg-tourlaville,,,,
https://www.quick-palace.com/categorie/le-mans,,,,
https://www.hotel-aiguades.com/?utm_source=gmb,,,,
http://www.acropole-asco.com/,,,,
http://hotelrestaurantchateaudelapomarede.fr/,,,,
http://www.hotelchaunay86.fr/,,,,
http://www.lecoquelicot.fr/,,,,
https://www.hotel-le-fiacre.fr/,,,,
http://www.leparisiendesvignes.com/,,,,
http://www.lerefugeorezza.fr/,,,,
https://www.lerelax.fr/,,,,
http://www.domainedepeyrolade.com/,,,,
https://hotellougranva.com/,,,,
https://www.hotel-outa.com/,,,,
http://www.hotel-pecoitz-pays-basque.com/,,,,
http://www.rla88.com/,,,,
https://www.toqueetpassion.fr/,,,,
https://www.hotelsaintchristophehoudan.com/,,,,
http://www.hotelstjacques.com/,,,,
https://www.hotelsaintsauveur.com/fr/hotels-lourdes-3-etoiles,,,,
http://www.hotel-santa-maria.com/,,,,
http://www.hotelserenada-algajola.com/,,,,
https://saint-tropez.hotelsezz.com/,,,,
https://www.arcotel-starchampselysees.com/,,,,
http://www.hotel-stella-marina.com/,,,,
http://sweetandsmart.eu/,,,,
https://tsanteleina.com/,,,,
http://www.majestic-alsace.net/,,,,
https://hoteleco-sud-agen-autoroute.meilleurhotel.top/,,,,
https://all.accor.com/lien_externe.svlt?goto=fiche_hotel&code_hotel=2245&merchantid=seo-maps-FR-2245&sourceid=aw-cen&utm_medium=seo%20maps&utm_source=google%20Maps&utm_campaign=seo%20maps,,,,
https://all.accor.com/lien_externe.svlt?goto=fiche_hotel&code_hotel=2243&merchantid=seo-maps-FR-2243&sourceid=aw-cen&utm_medium=seo%20maps&utm_source=google%20Maps&utm_campaign=seo%20maps,,,,
https://all.accor.com/lien_externe.svlt?goto=fiche_hotel&code_hotel=2333&merchantid=seo-maps-FR-2333&sourceid=aw-cen&utm_medium=seo%20maps&utm_source=google%20Maps&utm_campaign=seo%20maps,,,,
https://all.accor.com/lien_externe.svlt?goto=fiche_hotel&code_hotel=2265&merchantid=seo-maps-FR-2265&sourceid=aw-cen&utm_medium=seo%20maps&utm_source=google%20Maps&utm_campaign=seo%20maps,,,,
https://all.accor.com/lien_externe.svlt?goto=fiche_hotel&code_hotel=2225&merchantid=seo-maps-FR-2225&sourceid=aw-cen&utm_medium=seo%20maps&utm_source=google%20Maps&utm_campaign=seo%20maps,,,,
https://all.accor.com/lien_externe.svlt?goto=fiche_hotel&code_hotel=2472&merchantid=seo-maps-FR-2472&sourceid=aw-cen&utm_medium=seo%20maps&utm_source=google%20Maps&utm_campaign=seo%20maps,,,,
https://all.accor.com/lien_externe.svlt?goto=fiche_hotel&code_hotel=B3A7&merchantid=seo-maps-FR-B3A7&sourceid=aw-cen&utm_medium=seo%20maps&utm_source=google%20Maps&utm_campaign=seo%20maps,,,,
https://all.accor.com/lien_externe.svlt?goto=fiche_hotel&code_hotel=2432&merchantid=seo-maps-FR-2432&sourceid=aw-cen&utm_medium=seo%20maps&utm_source=google%20Maps&utm_campaign=seo%20maps,,,,
https://all.accor.com/lien_externe.svlt?goto=fiche_hotel&code_hotel=2454&merchantid=seo-maps-FR-2454&sourceid=aw-cen&utm_medium=seo%20maps&utm_source=google%20Maps&utm_campaign=seo%20maps,,,,
https://all.accor.com/lien_externe.svlt?goto=fiche_hotel&code_hotel=2283&merchantid=seo-maps-FR-2283&sourceid=aw-cen&utm_medium=seo%20maps&utm_source=google%20Maps&utm_campaign=seo%20maps,,,,
https://all.accor.com/lien_externe.svlt?goto=fiche_hotel&code_hotel=2437&merchantid=seo-maps-FR-2437&sourceid=aw-cen&utm_medium=seo%20maps&utm_source=google%20Maps&utm_campaign=seo%20maps,,,,
https://all.accor.com/lien_externe.svlt?goto=fiche_hotel&code_hotel=2390&merchantid=seo-maps-FR-2390&sourceid=aw-cen&utm_medium=seo%20maps&utm_source=google%20Maps&utm_campaign=seo%20maps,,,,
https://all.accor.com/lien_externe.svlt?goto=fiche_hotel&code_hotel=2387&merchantid=seo-maps-FR-2387&sourceid=aw-cen&utm_medium=seo%20maps&utm_source=google%20Maps&utm_campaign=seo%20maps,,,,
https://all.accor.com/lien_externe.svlt?goto=fiche_hotel&code_hotel=B3A3&merchantid=seo-maps-FR-B3A3&sourceid=aw-cen&utm_medium=seo%20maps&utm_source=google%20Maps&utm_campaign=seo%20maps,,,,
https://all.accor.com/lien_externe.svlt?goto=fiche_hotel&code_hotel=2331&merchantid=seo-maps-FR-2331&sourceid=aw-cen&utm_medium=seo%20maps&utm_source=google%20Maps&utm_campaign=seo%20maps,,,,
https://all.accor.com/lien_externe.svlt?goto=fiche_hotel&code_hotel=2259&merchantid=seo-maps-FR-2259&sourceid=aw-cen&utm_medium=seo%20maps&utm_source=google%20Maps&utm_campaign=seo%20maps,,,,
https://all.accor.com/lien_externe.svlt?goto=fiche_hotel&code_hotel=2288&merchantid=seo-maps-FR-2288&sourceid=aw-cen&utm_medium=seo%20maps&utm_source=google%20Maps&utm_campaign=seo%20maps,,,,
https://all.accor.com/lien_externe.svlt?goto=fiche_hotel&code_hotel=2262&merchantid=seo-maps-FR-2262&sourceid=aw-cen&utm_medium=seo%20maps&utm_source=google%20Maps&utm_campaign=seo%20maps,,,,
https://all.accor.com/lien_externe.svlt?goto=fiche_hotel&code_hotel=B425&merchantid=seo-maps-FR-B425&sourceid=aw-cen&utm_medium=seo%20maps&utm_source=google%20Maps&utm_campaign=seo%20maps,,,,
https://all.accor.com/lien_externe.svlt?goto=fiche_hotel&code_hotel=2422&merchantid=seo-maps-FR-2422&sourceid=aw-cen&utm_medium=seo%20maps&utm_source=google%20Maps&utm_campaign=seo%20maps,,,,
https://all.accor.com/lien_externe.svlt?goto=fiche_hotel&code_hotel=B3B8&merchantid=seo-maps-FR-B3B8&sourceid=aw-cen&utm_medium=seo%20maps&utm_source=google%20Maps&utm_campaign=seo%20maps,,,,
https://all.accor.com/lien_externe.svlt?goto=fiche_hotel&code_hotel=2269&merchantid=seo-maps-FR-2269&sourceid=aw-cen&utm_medium=seo%20maps&utm_source=google%20Maps&utm_campaign=seo%20maps,,,,
https://all.accor.com/lien_externe.svlt?goto=fiche_hotel&code_hotel=B3A5&merchantid=seo-maps-FR-B3A5&sourceid=aw-cen&utm_medium=seo%20maps&utm_source=google%20Maps&utm_campaign=seo%20maps,,,,
https://all.accor.com/lien_externe.svlt?goto=fiche_hotel&code_hotel=2354&merchantid=seo-maps-FR-2354&sourceid=aw-cen&utm_medium=seo%20maps&utm_source=google%20Maps&utm_campaign=seo%20maps,,,,
https://all.accor.com/lien_externe.svlt?goto=fiche_hotel&code_hotel=2312&merchantid=seo-maps-FR-2312&sourceid=aw-cen&utm_medium=seo%20maps&utm_source=google%20Maps&utm_campaign=seo%20maps,,,,
https://all.accor.com/lien_externe.svlt?goto=fiche_hotel&code_hotel=2324&merchantid=seo-maps-FR-2324&sourceid=aw-cen&utm_medium=seo%20maps&utm_source=google%20Maps&utm_campaign=seo%20maps,,,,
https://all.accor.com/lien_externe.svlt?goto=fiche_hotel&code_hotel=2446&merchantid=seo-maps-FR-2446&sourceid=aw-cen&utm_medium=seo%20maps&utm_source=google%20Maps&utm_campaign=seo%20maps,,,,
https://all.accor.com/lien_externe.svlt?goto=fiche_hotel&code_hotel=2428&merchantid=seo-maps-FR-2428&sourceid=aw-cen&utm_medium=seo%20maps&utm_source=google%20Maps&utm_campaign=seo%20maps,,,,
https://all.accor.com/lien_externe.svlt?goto=fiche_hotel&code_hotel=2361&merchantid=seo-maps-FR-2361&sourceid=aw-cen&utm_medium=seo%20maps&utm_source=google%20Maps&utm_campaign=seo%20maps,,,,
https://all.accor.com/lien_externe.svlt?goto=fiche_hotel&code_hotel=B3B2&merchantid=seo-maps-FR-B3B2&sourceid=aw-cen&utm_medium=seo%20maps&utm_source=google%20Maps&utm_campaign=seo%20maps,,,,
https://all.accor.com/lien_externe.svlt?goto=fiche_hotel&code_hotel=2228&merchantid=seo-maps-FR-2228&sourceid=aw-cen&utm_medium=seo%20maps&utm_source=google%20Maps&utm_campaign=seo%20maps,,,,
https://all.accor.com/lien_externe.svlt?goto=fiche_hotel&code_hotel=2304&merchantid=seo-maps-FR-2304&sourceid=aw-cen&utm_medium=seo%20maps&utm_source=google%20Maps&utm_campaign=seo%20maps,,,,
https://www.ihg.com/intercontinental/hotels/gb/en/chantilly/parcl/hoteldetail?cm_mmc=GoogleMaps-_-IC-_-FR-_-PARCL,,,,
https://www.ihg.com/redirect?path=hd&localeCode=en&brandCode=IC&regionCode=FR&hotelCode=LYSHA&cm_mmc=GoogleMaps-_-IC-_-FR-_-LYSHA,,,,
https://www.bestwestern.fr/fr/hotel-Talant-La-Bonbonniere--Sure-Hotel-Collection-by-Best-Western-87105,,,,
http://www.hotel-mulhouse.com/,,,,
https://lareservealbi.com/fr/?utm_source=mybusiness&utm_medium=organic&utm_id=mybusinessorganic,,,,
https://direct-book.com/properties/residencearlesdirect,,,,
https://www.lagrange-aparthotel.com/montpellier,,,,
https://www.leboiate.com/,,,,
http://www.hotel-chambery.com/,,,,
https://www.marriott.com/en-us/hotels/partx-le-dokhans-paris-arc-de-triomphe-a-tribute-portfolio-hotel/overview/?scid=f2ae0541-1279-4f24-b197-a979c79310b0,,,,
http://www.le-groom-hotel.com/,,,,
http://www.lemasdesroches-provence.com/,,,,
https://le-meez.com/?utm_source=google&utm_medium=organic&utm_campaign=fiche,,,,
https://www.marriott.com/en-us/hotels/parbt-le-parchamp-paris-boulogne-a-tribute-portfolio-hotel/overview/?scid=f2ae0541-1279-4f24-b197-a979c79310b0,,,,
http://www.lerexhotel.com/,,,,
http://www.gitehotel-ristolas.fr/,,,,
http://www.hotel-saint-jean.com/,,,,
https://all.accor.com/lien_externe.svlt?goto=fiche_hotel&code_hotel=C013&merchantid=seo-maps-FR-C013&sourceid=aw-cen&utm_medium=seo%20maps&utm_source=google%20Maps&utm_campaign=seo%20maps,,,,
https://lemonhotel.top/,,,,
https://chatellerault.donhotel.net/,,,,
https://lemon-hotels.meilleurhotel.top/,,,,
http://www.hotelchaletcroixfry.com/fr/,,,,
https://www.logesdupark.com/fr/,,,,
http://www.fanihotels.com/,,,,
https://www.lesoleilo.com/,,,,
https://www.lhotel-thouars.fr/,,,,
https://www.illwald.fr/fr/,,,,
https://www.panoramic-village.com/,,,,
http://www.le-belle-rive.fr/,,,,
https://lapoirie-gerardmer.com/index.php,,,,
http://www.maison-de-laveline.fr/,,,,
https://www.o-lodge.fr/,,,,
http://www.aubergedelagabriere.com/?utm_source=gmb,,,,
https://www.legourguillon.fr/,,,,
https://www.mihotel.fr/,,,,
http://www.mouratoglou-resort.com/?utm_source=google&utm_medium=organic&utm_campaign=mybusiness-website,,,,
https://www.nemea-appart-hotel.com/france/paca/alpes-maritimes/cannes/cannes-palais-1?utm_source=annuaire&utm_medium=seo&utm_campaign=seo-local&utm_content=gmb,,,,
https://www.nemea-appart-hotel.com/france/paca/alpes-maritimes/cagnes-sur-mer/le-lido-cagnes-sur-mer-6?utm_source=annuaire&utm_medium=seo&utm_campaign=seo-local&utm_content=gmb,,,,
http://www.pamelahotelcassis.com/,,,,
https://www.marriott.com/en-us/hotels/parmc-paris-marriott-charles-de-gaulle-airport-hotel/overview/?scid=f2ae0541-1279-4f24-b197-a979c79310b0,,,,
https://www.marriott.com/en-us/hotels/parst-paris-marriott-rive-gauche-hotel-and-conference-center/overview/?scid=f2ae0541-1279-4f24-b197-a979c79310b0,,,,
http://www.psch.fr/,,,,
https://www.radissonhotels.com/en-us/hotels/radisson-blu-paris-roissy-CDG-airport?cid=a:se+b:gmb+c:emea+i:local+e:rdb+d:ukirwe+h:FRROIAAB,,,,
https://www.radissonhotels.com/en-us/hotels/radisson-blu-nantes?cid=a:se+b:gmb+c:emea+i:local+e:rdb+d:ukirwe+h:FRNTE1,,,,
https://www.radissonhotels.com/en-us/hotels/radisson-blu-paris-marne-la-vallee,,,,
https://www.radissonhotels.com/en-us/hotels/radisson-blu-rouen-centre?cid=a:se+b:gmb+c:emea+i:local+e:rdb+d:ukirwe+h:FRROU1,,,,
https://www.radissonhotels.com/en-us/hotels/radisson-blu-toulouse-airport?cid=a:se+b:gmb+c:emea+i:local+e:rdb+d:ukirwe+h:FRTLSAIR,,,,
https://www.radissonhotels.com/en-us/hotels/radisson-aix-en-provence?cid=a:se+b:gmb+c:emea+i:local+e:rad+d:ukirwe+h:FRQXBAAA,,,,
https://www.radissonhotels.com/en-us/hotels/radisson-saintjean-bordeaux?cid=a:se+b:gmb+c:emea+i:local+e:rad+d:ukirwe+h:FRBODAAA,,,,
https://www.radissonhotels.com/en-us/hotels/radisson-clermont-ferrand?cid=a:se+b:gmb+c:emea+i:local+e:rad+d:ukirwe+h:FRCFEAAA,,,,
https://www.radissonhotels.com/en-us/hotels/radisson-le-bourget-paris?cid=a:se+b:gmb+c:emea+i:local+e:rad+d:ukirwe+h:FRLBGAAA,,,,
https://www.radissonhotels.com/en-us/hotels/radisson-reims?cid=a:se+b:gmb+c:emea+i:local+e:rad+d:ukirwe+h:FRPARRMS,,,,
https://www.marriott.com/en-us/hotels/parsc-renaissance-paris-hippodrome-de-st-cloud-hotel/overview/?scid=f2ae0541-1279-4f24-b197-a979c79310b0,,,,
https://www.marriott.com/en-us/hotels/parpr-renaissance-paris-republique-hotel/overview/?scid=f2ae0541-1279-4f24-b197-a979c79310b0,,,,
http://www.residence-bouilladisse.com/,,,,
https://hotelitzalpea.top/,,,,
https://www.hilton.com/en/hotels/paretol-sax-paris/?SEO_id=GMB-EMEA-OL-PARETOL,,,,
https://www.expedia.fr/Goussainville-Hotel-Sky-Hotel-CDG-Goussainville.h3109229.Description-Hotel,,,,
https://all.accor.com/lien_externe.svlt?goto=fiche_hotel&code_hotel=C1B8&merchantid=seo-maps-France-C1B8&sourceid=aw-cen&utm_medium=seo%20maps&utm_source=google%20Maps&utm_campaign=seo%20maps,,,,
https://www.staycity.com/paris/la-defense?utm_source=Directory&utm_medium=organic&utm_campaign=SemrushLocal,,,,
https://ski.sunweb.fr/france/les_deux_alpes/les_deux_alpes/residence_aiguilles_lodge-all_inclusive.htm,,,,
https://surehotel-biarritz.com/,,,,
https://www.bestwestern.fr/fr/hotel-Annecy-Sure-Hotel-by-Best-Western-Annecy-93974,,,,
https://www.bestwestern.fr/fiche_hotel.jsp?HotelCode=93904&sob=A46,,,,
https://surehotel-limoges-sud.com/,,,,
http://www.surehotel-montdemarsan.fr/,,,,
https://www.bestwestern.fr/fr/hotel-holnon-sure-hotel-by-best-western-saint-quentin-ouest-87128?sob=A46,,,,
https://www.bestwestern.fr/fr/hotel-bourg-les-valence-sure-hotel-by-best-western-valence-nord-87132,,,,
http://www.symphotel.fr/,,,,
https://www.teneo.fr/,,,,
https://www.apparthotel-larocheposay.com/,,,,
https://www.apparthotel-le-splendid.com/,,,,
https://www.atriumhotelparis.com/,,,,
http://www.hotelravel-clermontferrand.com/,,,,
http://www.dousseine.com/?utm_campaign=uberall&utm_source=googlelisting&utm_medium=organic,,,,
http://www.hotelaquilon.com/?utm_campaign=uberall&utm_source=googlelisting&utm_medium=organic,,,,
http://www.archotel-sens.com/,,,,
http://www.lecise.fr/,,,,
http://minicure.com/,,,,
http://tip-hotel-cambrai.org.es/,,,,
https://tropichotel.fr/,,,,
https://guilherand-granges.tuliphotelsresidences.com/,,,,
https://www.ultimacollection.com/our-collection/ultima-hotel-courchevel/?utm_source=google&utm_medium=organic&utm_campaign=google_local_ultima_hotel_courchevel,,,,
https://www.urban-hotel.fr/fr/?utm_source=google-business-profile,,,,
https://www.hotelpariscdgairport.com/,,,,
https://hotel-malesherbes.fr/,,,,
https://www.winkhotels.fr/,,,,
https://www.zenitude-hotel-residences.com/residences/ferney-voltaire-swiss-apparthotels-geneve/,,,,
https://www.zenitude-hotel-residences.com/residences/bourgoin-jallieu/,,,,
https://www.zenitude-hotel-residences.com/residences/chalon-sur-saone-gare/,,,,
https://www.zenitude-hotel-residences.com/residences/dinan/,,,,
https://www.zenitude-hotel-residences.com/residences/limoges/,,,,
https://www.zenitude-hotel-residences.com/residences/orleans-sud-zenith/,,,,
https://www.zenitude-hotel-residences.com/residences/bruz-portes-de-rennes/,,,,
https://www.zenitude-hotel-residences.com/residences/voiron/,,,,
https://www.ace-hotel-arras.com/fr/?utm_source=google&utm_medium=organic&utm_campaign=gmb&utm_content=lien,,,,
http://www.ace-hotel-bordeaux-carbon-blanc.com/fr/?utm_source=google&utm_medium=organic&utm_campaign=gmb&utm_content=lien,,,,
https://www.ace-hotel-bourges.com/fr/?utm_source=google&utm_medium=organic&utm_campaign=gmb&utm_content=lien,,,,
https://www.ace-hotel-creutzwald-saintavold.com/fr/?utm_source=google&utm_medium=organic&utm_campaign=gmb&utm_content=lien,,,,
https://www.ace-hotel-bailly-romainvilliers.com/fr/?utm_source=google&utm_medium=organic&utm_campaign=gmb&utm_content=lien,,,,
https://www.ace-hotel-villabe.com/fr/?utm_source=google&utm_medium=organic&utm_campaign=gmb&utm_content=lien,,,,
https://www.ace-hotel-poitiers.com/fr/?utm_source=google&utm_medium=organic&utm_campaign=gmb&utm_content=lien,,,,
https://www.ace-hotel-roanne.com/fr/?utm_source=google&utm_medium=organic&utm_campaign=gmb&utm_content=lien,,,,
https://www.ace-hotel-rouen.com/fr/?utm_source=google&utm_medium=organic&utm_campaign=gmb&utm_content=lien,,,,
http://www.ace-hotel-thionville.com/fr/?utm_source=google&utm_medium=organic&utm_campaign=gmb&utm_content=lien,,,,
https://www.ace-hotel-troyes.com/,,,,
http://www.adonis-hotel-sanary.com/,,,,
https://www.mgm-hotels-residences.com/residence-residence-alexane-samoens,,,,
https://www.mgm-hotels-residences.com/residence-alhena-flaine,,,,
https://www.allsuites.com/hotel/appart-hotel-la-teste-de-buch,,,,
https://www.allsuites.com/hotel/appart-hotel-choisy-le-roi,,,,
https://www.allsuites.com/hotel/appart-hotel-le-havre,,,,
https://www.allsuites.com/hotel/appart-hotel-noisy-le-grand,,,,
https://www.allsuites.com/hotel/appart-hotel-massy-palaiseau,,,,
https://www.allsuites.com/hotel/appart-hotel-paris-colombes,,,,
https://www.allsuites.com/hotel/hotel-paris-pleyel,,,,
https://www.mgm-hotels-residences.com/residence-residence-alpen-lodge-la-rosiere,,,,
https://alpeshoteldupralong.com/,,,,
http://www.alshotel.com/fr/index.php,,,,
http://www.altipic-hotel-sancy.com/fr/,,,,
http://www.villacoteplateau.com/,,,,
https://www.myresidhome.com/guyancourt/residhome-paris-guyancourt/apparthotel-residence-hoteliere.html,,,,
https://www.myresidhome.com/bures-sur-yvette/residhome-bures-la-guyonnerie/apparthotel-residence-hoteliere.html,,,,
https://www.myresidhome.com/lieusaint/residhome-suites-paris-senart/apparthotel-residence-hoteliere.html,,,,
https://www.myresidhome.com/caen/sejours-affaires-le-clos-beaumois/apparthotel-residence-hoteliere.html,,,,
http://www.legenepy-chamonix.com/,,,,
https://www.apparthotel-clermontferrand.com/,,,,
https://www.odalys-vacances.com/location-mer/provence-et-luberon/marseille/marseille-centre-euromed.html?ept-publisher=uska&ept-name=marseille-marseille-centre-euromed,,,,
https://www.meretgolf.com/mon-sejour/110-appart-hotel-argeles-sur-mer-residence-port-argeles.html,,,,
https://www.odalys-vacances.com/location-ville/normandie/le-havre/le-havre-centre.html?ept-publisher=uska&ept-name=le-havre-le-havre-centre,,,,
https://www.odalys-vacances.com/location-campagne/bourgogne-et-ain/dijon/odalys-city-dijon-centre-les-cordeliers.html?ept-publisher=uska&ept-name=dijon-dijon-centre-les-cordeliers,,,,
https://www.odalys-vacances.com/location-ville/paris-ile-de-france/paris/montmartre.html?ept-publisher=uska&ept-name=paris-ile-de-france-montmartre,,,,
https://www.doormir.fr/arche-hotel/,,,,
https://www.hotelclichy.com/,,,,
https://aubonaccueil79600.wixsite.com/monsite,,,,
https://fingourmetcroisic.fr/,,,,
http://au-grand-hotel-de-sarlat.com/,,,,
https://www.hotel-aubergade-barbotan.com/,,,,
http://aubergedetesa.fr/,,,,
http://www.aubergedespyrenees.com/,,,,
https://boisprin.com/?utm_source=MyBusiness&utm_medium=Hotel,,,,
https://aubergedudesert.top/,,,,
http://www.locations-vacances-matemale.com/,,,,
https://leprieuredesgourmands.com/,,,,
http://www.hotel-avancher-valdisere.com/,,,,
http://www.ax-hotel.com/fr/,,,,
https://www.hotel-bb.com/fr/hotel/orleans-nord-saran?utm_source=googlemaps&utm_medium=fichehotel&utm_campaign=yext,,,,
http://barceloapparthotel.fr/,,,,
http://basecamp-albertville.com/,,,,
https://www.contact-hotel.com/hotel-france/1078/bel-hotel-saint-nicolas-de-redon.htm,,,,
https://www.belambra.fr/destinations/alpes/club-tignes-le-diva-hiver?ept-name=partoo-belambra-gmb&ept-publisher=partoo&utm_campaign=partoo-belambra-gmb&utm_medium=partner&utm_source=partoo,,,,
https://www.belambra.fr/destinations/auvergne-rhone-alpes/club-les-menuires-les-bruyeres-hiver?ept-name=partoo-belambra-gmb&ept-publisher=partoo&utm_campaign=partoo-belambra-gmb&utm_medium=partner&utm_source=partoo,,,,
http://www.bestwestern-hoteldefrance.com/,,,,
http://www.residence-saintnazaire.fr/,,,,
https://www.bestwestern.fr/fiche_hotel.jsp?HotelCode=93475&sob=A46,,,,
https://www.grandhotel-poitiers.com/,,,,
https://www.hotel-admiral.fr/,,,,
https://www.divona-hotel-cahors.com/,,,,
https://hotel-parc-chantilly.com/,,,,
http://www.hotel-rennes-isidore.com/fr/,,,,
http://www.hotel-lamarina.fr/,,,,
https://www.lecolbert36.fr/,,,,
http://www.hotel-caen-centre.com/,,,,
http://beverl-inn-hotel-restaurant.org.es/,,,,
https://www.villaaultiahotel.com/,,,,
https://www.hoteldechampagne.fr/fr/,,,,
https://hotel-lorient-kerotel.brithotel.fr/?utm_source=google&utm_medium=seo&utm_campaign=gmb,,,,
http://www.brithotel-lecottage.fr/,,,,
https://hotel-figeac.brithotel.fr/?utm_source=google&utm_medium=seo&utm_campaign=gmb,,,,
https://cat-hotel.fr/,,,,
https://www.cerise-hotels-residences.com/cerise-royan-le-grand-hotel-de-la-plage/,,,,
http://www.hotel-montcharvin.com/,,,,
https://www.chalet-hotel-lesblancs.fr/,,,,
https://chaletsainteanne.com/,,,,
https://www.lafermeduchozal.com/?utm_source=google&utm_medium=mybusiness,,,,
https://www.neigeetroc.com/?utm_campaign=uberall&utm_source=googlelisting&utm_medium=organic,,,,
http://www.chambredhote-reyrieux.com/,,,,
http://www.levieilhotel.com/,,,,
http://www.adomenil.com/,,,,
http://www.chateaudelacoutanciere.com/,,,,
https://www.chateaudelastours.com/hebergement/,,,,
https://www.chateau-de-rochecotte.com/,,,,
http://www.chateau-etoges.com/,,,,
https://www.chateauygrande.fr/?utm_source=google&utm_medium=organic&utm_campaign=fiche,,,,
https://www.classic-hotel.fr/,,,,
https://www.closmasure.com/,,,,
https://coco-marco.fr/,,,,
https://www.colombier-suites.com/?utm_source=MyBusiness,,,,
http://aubergeduchateaujoux.wixsite.com/aubergechateaujoux/evenement,,,,
http://www.hotel-renaissance-cherbourg.com/,,,,
http://www.hotel-florotel.com/,,,,
https://www.contact-hotel.com/hotel-france/6605/hotel-le-minervois-caunes-minervois/,,,,
https://www.contact-hotel.com/hotel-france/6891/hotel-le-moulin-neuf-chantonnay/,,,,
http://lerohan-pontivy.com/,,,,
http://www.lesaintremy.com/,,,,
https://hotelrestaurantsaintbenoit.fr/,,,,
https://hotel-carentan.com/,,,,
https://createurdedesirs.com/,,,,
http://www.aubergedela-tour.com/fr/,,,,
http://www.chateaularicherie.com/,,,,
https://www.domainedebertheauville.fr/,,,,
http://domaine-leprieure.fr/,,,,
https://www.domainemalar91.com/,,,,
https://douce-demeure.fr/,,,,
https://www.eauthermaleavene-lhotel.com/,,,,
https://edenrose-grandhotel.fr/,,,,
https://egghotel.com-book.com/,,,,
https://ehpad.gh70.fr/ehpad-gray-hotel-dieu.html,,,,
https://www.elegancehotel-iledere.com/,,,,
http://www.elysee-hotel-chateauroux.com/?utm_source=gmb,,,,
http://www.empreinte-hotel.com/fr/,,,,
http://www.eurohotelpariscreteil.com/,,,,
https://www.fasthotel.com/rhone-alpes/hotel-albertville?utm_source=Google&utm_medium=Mybusiness&utm_campaign=GoogleMyBusiness,,,,
https://www.fasthotel.com/aquitaine/hotel-biarritz?utm_source=Google&utm_medium=Mybusiness&utm_campaign=GoogleMyBusiness,,,,
https://www.fasthotel.com/auvergne/hotel-clermont-ferrand-sud-aubiere,,,,
https://www.fasthotel.com/alsace/hotel-colmar?utm_source=Google&utm_medium=Mybusiness&utm_campaign=GoogleMyBusiness,,,,
https://www.fasthotel.com/lorraine/hotel-dun-sur-meuse,,,,
https://www.fasthotel.com/languedoc-roussillon/hotel-montpellier-ouest?utm_source=gmb,,,,
https://www.fasthotel.com/midi-pyrenees/hotel-toulouse-blagnac-aeroport?utm_source=gmb,,,,
http://www.firsthotelparis.com/,,,,
https://www.fourseasons.com/paris/?utm_source=google&utm_medium=organicsearch&utm_campaign=tor-par-hre-mid-seo-na&utm_content=na-na&utm_term=na,,,,
http://gabriellehotel83.fr/,,,,
https://annedebeaujeu.com/,,,,
http://www.lescapucins.net/,,,,
http://www.gite-lablanche.fr/,,,,
https://www.grand-hotel-bristol.com/,,,,
http://www.hotel-angers.fr/,,,,
http://www.hotel-des-bains.fr/,,,,
http://www.grandhoteldugolfe.com/,,,,
https://mgallery.accor.com/hotels/1202?merchantid=seo-maps-FR-1202&sourceid=aw-cen&utm_source=google+Maps&utm_medium=seo+maps&utm_campaign=seo+maps&utm_term=MGallery-Launch,,,,
http://www.grandhotelmoriaz.com/,,,,
http://www.hotel-saintmichel-paris.com/,,,,
https://www.grandprixhotel.fr/fr/,,,,
https://all.accor.com/hotel/C1I0/index.fr.shtml,,,,
https://all.accor.com/lien_externe.svlt?goto=fiche_hotel&code_hotel=8441&merchantid=seo-maps-FR-8441&sourceid=aw-cen&utm_medium=seo%20maps&utm_source=google%20Maps&utm_campaign=seo%20maps,,,,
https://all.accor.com/hotel/B6G0/index.fr.shtml,,,,
https://all.accor.com/lien_externe.svlt?goto=fiche_hotel&code_hotel=C229&merchantid=seo-maps-FR-C229&sourceid=aw-cen&utm_medium=seo%20maps&utm_source=google%20Maps&utm_campaign=seo%20maps,,,,
https://hotel.hameau-prodains.com/,,,,
https://www.hdg-hotel.com/fr/index.html,,,,
https://www.hebergements-insolites-vendome.fr/,,,,
http://www.hostellerie-acquigny.fr/,,,,
http://www.hostellerie-des-sources.com/,,,,
http://www.labastidedesmuriers.net/,,,,
https://www.les2sapins.fr/,,,,
https://www.moulin-de-la-roque.fr/,,,,
https://www.georgesblanc.com/fr/village-blanc/nos-hotels/hotel-les-saules.html?utm_source=google_mybusiness&utm_medium=les_saules,,,,
https://hotel-restaurant-belleman.fr/,,,,
https://www.lasterie-audinghen.fr/,,,,
https://www.hotel-gibeciere.fr/,,,,
https://www.hotel-sarlat-en-perigord.com/,,,,
https://www.unebbiu.com/,,,,
http://www.hotel-maisondulierre-biarritz.com/,,,,
https://www.casaparadisu.fr/,,,,
http://www.hotel-bassespyrenees-bayonne.com/,,,,
http://www.hotel-noirmoutier.com/,,,,
https://www.hoteldesdeuxsorru.com/,,,,
http://www.escondus.com/,,,,
https://www.1770-avignon.fr/,,,,
https://www.hotel-castel-luberon.fr/fr?utm_source=Google&utm_medium=DIRECT&utm_campaign=GMB_Hotel_Castel_Luberon,,,,
https://www.hotel-royal-westminster.com/?utm_campaign=GMB_ROYAL_WESTMINSTER&utm_medium=DIRECT&utm_source=GOOGLE,,,,
https://www.villamarlioz.fr/?utm_campaign=GMB_VILLA_MARLIOZ&utm_medium=DIRECT&utm_source=GOOGLE,,,,
http://www.lessuitesdumaquis.com/,,,,
https://chateaudesaintvidal.com/?utm_source=google&utm_medium=organic&utm_campaign=gmb&utm_content=bouton,,,,
http://www.hotelalaferme.com/,,,,
http://www.aloreedubois.fr/,,,,
http://www.hotelabbayedugolf.com/,,,,
http://www.hotelacadieeragny.com/,,,,
https://hotelacadiemorangis.com/,,,,
http://www.acquaviva-corse.fr/,,,,
http://www.hoteldieppe.com/,,,,
http://www.hotel-air-lane.fr/,,,,
https://akenahotels.com/hotel-bordeaux-la-brede/,,,,
https://akenahotels.com/hotel-ferte-bernard/,,,,
https://hotel-akena-nantes-aeroport.com/,,,,
https://hotel-akena-niort-chauray.com/,,,,
https://akenahotels.com/hotel-poitiers/,,,,
https://www.akenahoteltroyes.com/,,,,
http://casalata-hotel.fr/,,,,
https://hotelaiguemarine.com/,,,,
http://www.ambassador-palombaggia.com/,,,,
http://hotelamoiparis.com/,,,,
http://hotel-montmartre-apolonia.com/,,,,
https://arbezie.com/fr/,,,,
http://www.ares-paris-hotel.com/?utm_source=google&utm_medium=organic&utm_campaign=gmb,,,,
https://www.hotel-ariana.fr/,,,,
https://www.atlanthal.com/,,,,
https://www.atlantic-delpierre.com/,,,,
https://etincelles.com/hotel/hotel-au-chamois-dor/,,,,
https://www.chasseurbirkenwald.com/,,,,
http://hotel-perigord-noir.fr/,,,,
https://www.hotelaupuitsenchante.com/,,,,
http://www.hotel-val-dore.com/,,,,
https://lefinchapon.fr/,,,,
https://hotelarmesdebelgique.mydirectstay.com/,,,,
http://hotel-belleile-auxtamaris.fr/,,,,
https://www.auxvieuxremparts.com/fr/,,,,
https://azur-gap.worhot.com/,,,,
https://www.hotelb55.com/,,,,
https://baleahotel.com/,,,,
https://hotel-armen.fr/,,,,
http://www.leterminus-auxois.fr/,,,,
http://www.lebeausejourtregastel.fr/,,,,
https://www.hotelsbarriere.com/enghien-les-bains/le-grand-hotel,,,,
https://www.hotelsbarriere.com/cannes/le-majestic,,,,
https://www.hotelsbarriere.com/deauville/le-normandy,,,,
https://www.hotelsbarriere.com/deauville/le-royal-deauville,,,,
https://www.hotelsbarriere.com/la-baule/le-royal,,,,
https://www.hotelsbarriere.com/le-touquet-paris-plage/le-westminster,,,,
https://www.hotelsbarriere.com/la-baule/l-hermitage,,,,
https://www.hotelsbarriere.com/deauville/l-hotel-du-golf,,,,
http://www.beau-rivage-hotel.fr/fr/,,,,
http://www.hotel-beau-rivage-charente.com/,,,,
https://www.beaurivagehotel.fr/,,,,
http://hbeausite.fr/,,,,
https://www.beausite-rocamadour.com/,,,,
https://www.beausite-talloires.com/,,,,
https://beaurivage-cotentin.com/,,,,
https://www.calenzana.com/,,,,
http://www.hotel-a-barcelonnette.com/,,,,
http://www.hotellebellevue.com/,,,,
https://www.villa-berlioz.com/,,,,
https://bestofboth.fr/,,,,
https://www.bestwestern.com/fr_FR/book/hotels-in-flers/best-western-flers-centre-gare/propertyCode.87107.html,,,,
https://www.hotel-du-lavarin.fr/,,,,
http://hotel-sarlat-dordogne-perigord.com/,,,,
https://lebonrepos-barbezieux.fr/,,,,
https://www.hotelbowmannparis.com/,,,,
https://www.bestwestern.fr/fr/hotel-Bedee-Hotel-le-Broceliande--Sure-Hotel-Collection-by-Best-Western-93984,,,,
https://www.hotel-caladigreco.com/,,,,
https://orleans-nord-saran.campanile.com/fr-fr/?utm_content=partoo&utm_medium=seo-bgp&utm_source=google,,,,
http://www.hotelcampomoro.com/,,,,
https://www.capestel.com/fr/?utm_source=google&utm_medium=organic&utm_id=googleorganic,,,,
https://etincelles.com/hotel/hotel-carlina/,,,,
http://www.carlit-hotel.com/,,,,
https://hotelcasadiarestonicacorte.fr/,,,,
http://www.hotel-algajola-corsica.com/,,,,
https://casaleolmia.corsica/,,,,
http://www.casanghjulina.com/,,,,
http://www.hoteldecharme-corse.com/,,,,
https://hotel-cecyl.fr/fr/?utm_source=google&utm_medium=mybusiness,,,,
http://www.hotelcelinecorse.fr/,,,,
http://www.hotelcelisolcerdagne.fr/,,,,
https://www.cerise-hotels-residences.com/cerise-nancy/,,,,
https://www.cerise-hotels-residences.com/cerise-paris-chatou/,,,,
http://www.relais-aumale.fr/,,,,
https://www.chevredor.com/,,,,
http://www.chateau-de-rigny.com/,,,,
http://www.hotelchoiseuloperaparis.com/,,,,
https://hotel-clement-ader-muret.com/,,,,
https://www.clos-castel.fr/,,,,
https://kerbeuz.bzh/,,,,
https://www.mmv.fr/destinations/alpes-du-nord/alpe-dhuez/village-vacances-les-bergers-hiver?utm_source=google_maps&utm_medium=organic&utm_campaign=Google_my_business,,,,
http://www.hotelclublerisoux.com/,,,,
https://www.doctrinaires.fr/,,,,
http://www.hotel-corrieu.fr/,,,,
http://www.alliance-lille.com/?utm_source=gmb,,,,
http://www.crillonlebrave.com/,,,,
https://www.hoteld.fr/?utm_source=MyBusiness,,,,
https://www.booking.com/hotel/fr/premiere-classe-orleans-sud-olivet.fr.html,,,,
https://hoteldangleterrevittel.fr/,,,,
https://www.hotel-angleterre-grenoble.com/fr/?utm_source=gmb,,,,
http://www.hotel-dargouges.com/,,,,
https://etincelles.com/hotel/hotel-daria-i-nor/,,,,
https://all.accor.com/lien_externe.svlt?goto=fiche_hotel&code_hotel=1888&merchantid=seo-maps-FR-1888&sourceid=aw-cen&utm_medium=seo%20maps&utm_source=google%20Maps&utm_campaign=seo%20maps,,,,
https://www.marriott.com/en-us/hotels/uroak-hotel-de-bourgtheroulde-autograph-collection/overview/?scid=f2ae0541-1279-4f24-b197-a979c79310b0,,,,
https://www.hoteldebretagne.com/,,,,
https://hoteldecharme-en-champagne.fr/,,,,
https://hoteldefrance-eguzon.fr/,,,,
https://hotel-de-france-saint-pardoux-la-riviere.metro.bar/,,,,
http://www.hoteldelabriere.fr/,,,,
https://hotelchapelle.com/,,,,
https://www.hotel-citadelle.fr/,,,,
https://mgallery.accor.com/hotels/8613?merchantid=seo-maps-FR-8613&sourceid=aw-cen&utm_source=google+Maps&utm_medium=seo+maps&utm_campaign=seo+maps&utm_term=MGallery-Launch,,,,
http://www.hotel-citeroyale.com/,,,,
https://auxois.fr/,,,,
http://www.hotelferte.com/,,,,
https://www.hotelfossettelavandou.com/,,,,
http://h-tel-de-la-gare.org.es/,,,,
https://www.hotel-surgeres.fr/,,,,
https://www.hotel-bar-restaurant-chateauroux.com/fr,,,,
http://www.jamagne.com/fr/,,,,
http://www.hoteldelalouee.fr/?utm_source=gmb,,,,
http://www.hoteldelamer.bzh/,,,,
http://www.plage.com/,,,,
https://htel-de-la-plage-valras.meilleurhotel.top/,,,,
https://www.hoteldelaplage-binic.com/?utm_source=google&utm_medium=uberall,,,,
http://www.hotelplage-vittoria-corse.com/,,,,
http://www.hoteldelapommedor.com/?utm_medium=referral&utm_source=gmb&utm_campaign=lnk-gmb,,,,
https://hoteldelapostemortain.fr/,,,,
https://la-promenade-hotel.com/,,,,
http://www.hoteldelaseine.fr/,,,,
https://la-sirene-hotel-restaurant.com/,,,,
https://www.hotel-la-tour.com/,,,,
http://www.hotellavalleeheureuse.com/,,,,
https://all.accor.com/lien_externe.svlt?goto=fiche_hotel&code_hotel=C3P2&merchantid=seo-maps-France-C3P2&sourceid=aw-cen&utm_medium=seo%20maps&utm_source=google%20Maps&utm_campaign=seo%20maps,,,,
https://www.pierreetvacances.com/fr-fr/fp_CEH_location-hotel-cap-esterel,,,,
http://hotel-pas-cher.hotel-europe54.com/1/accueil,,,,
https://www.hotel-iledusaussay.com/fr/index.html,,,,
http://www.hotel-lion-sur-mer.fr/,,,,
https://www.hotelrestaurantdelondres.fr/,,,,
https://www.hotel-lorraine.fr/,,,,
http://www.hoteldelunivers-caen.com/,,,,
https://normandiehotel.fr/,,,,
http://www.hotel-de-paris.fr/,,,,
https://www.hotel-andelys.fr/,,,,
https://www.hoteldeparis-sete.com/?utm_source=google&utm_medium=mybusiness,,,,
https://resa.familyhotel.fr/reservation.asp?id_acco=2158&id_lang=1,,,,
http://www.hoteldeparis08.fr/,,,,
https://www.hoteldeseine.com/,,,,
https://www.hoteldetesse.com/,,,,
https://hoteldelfaou.fr/,,,,
http://www.castelbrando.com/,,,,
http://www.hoteldesarcades.com/,,,,
http://www.hotel-cachanparissud.fr/,,,,
http://hotel-des-bains-lancieux.fr/,,,,
https://www.hoteldesbains94.com/,,,,
http://www.hotel-restaurant-bains-gorges.com/,,,,
https://www.hotelcymaises.fr/,,,,
http://www.hotelsdesdauphins.com/,,,,
https://www.hoteldes2continents.com/,,,,
http://www.hoteldesdeuxforts.fr/,,,,
https://www.hoteldesducs.com/fr/index.html,,,,
http://www.hotel-des-gorges.com/,,,,
https://www.hotel-des-iles.fr/,,,,
http://www.lauriers-roses.fr/,,,,
http://www.hotel-les-pyrenees.com/,,,,
https://hoteldesrochers.fr/,,,,
https://www.hoteldessources.fr/fr/?utm_source=gmb,,,,
https://www.hdvlerouget.com/,,,,
http://hoteldesvoyageurs15.fr/,,,,
http://www.hotelvoyageur.fr/,,,,
https://hotel-des-voyageurs-79.fr/,,,,
http://www.voyageurskaolin.com/?utm_source=gmb,,,,
http://museetraditionsetvie.wixsite.com/monsite,,,,
https://marseille.intercontinental.com/,,,,
http://www.domaine-roullet.fr/,,,,
http://www.hotel-mas-des-gres-luberon.fr/,,,,
https://www.hotel-domainedumoulin-alsace.com/?utm_source=MyBusiness,,,,
http://www.hotel-orfeuil.fr/,,,,
https://www.esprit-de-france.com/fr/hotels/hotel-d-orsay?utm_source=google&utm_medium=gmb&utm_campaign=fiche,,,,
https://www.orsay-hotel.com/,,,,
https://dreamcanicat.com/,,,,
https://www.joa.fr/casinos/lons-le-saunier/hotel,,,,
https://www.georgesblanc.com/fr/village-blanc/nos-hotels/hotel-du-bois-blanc.html?utm_source=google_mybusiness&utm_medium=bois_blanc,,,,
http://www.hotelducap.net/,,,,
https://hotel-du-centre-gueugnon.fr/,,,,
http://www.hotel-du-chateau-la-rochelle.com/,,,,
http://www.hotelduchateaualvignac.fr/,,,,
https://www.hotel-lechevalblanc.fr/fr,,,,
http://www.hotelducollectionneur.com/,,,,
https://www.hotelducommerce21.com/fr,,,,
http://www.hotel-restaurant-aubreville.com/,,,,
https://www.hotelducommerce86.fr/,,,,
https://ducommerce.hotel-autun.fr/,,,,
http://fly-in-sommedieue.com/fr,,,,
http://www.hoteldudon.fr/,,,,
http://www.hoteldudonjon.com/,,,,
http://www.hotel-fromveur.fr/,,,,
https://www.futuroscope.com/fr/xperiences/hotels/hotel-du-futuroscope,,,,
https://www.hoteldugolf42.com/,,,,
http://www.golf.najeti.fr/,,,,
https://www.domaine-griffier.com/,,,,
https://www.hotel-du-hameau.com/,,,,
https://restaurant-hotel-du-lac.fr/,,,,
https://www.hotel-romilly.fr/,,,,
http://www.hotel-annonay.com/,,,,
http://www.hoteldumidipapillon.fr/,,,,
https://www.hotel-morvan.fr/,,,,
https://www.hyatt.com/unbound-collection/en-US/biqub-hotel-du-palais-biarritz?src=corp_lclb_google_seo_biqub&utm_source=google&utm_medium=organic&utm_campaign=lmr,,,,
http://www.parc.najeti.fr/,,,,
https://www.alsacehotel.com/,,,,
https://casino-saliesdebearn.partouche.com/,,,,
https://www.hotelduparc-cavalaire.com/fr/?utm_source=google&utm_medium=mybusiness,,,,
https://www.hotel-parc.fr/,,,,
http://www.hotelduparc-sitedufuturoscope.fr/,,,,
http://www.hoteldupoete.com/,,,,
http://www.hoteleclipse.fr/,,,,
http://www.hotel-eco-banassac.com/,,,,
https://www.futuroscope.com/fr/hebergements/hotel-ecolodgee-au-futuroscope,,,,
https://www.hotel-pau.fr/,,,,
http://www.hoteleisenhower.com/,,,,
http://www.hotel-legrandcafe.fr/,,,,
https://hotel-ermitage.evianresort.com/fr?utm_source=gmb,,,,
https://www.booking.com/hotel/fr/escale-chilly-mazarin1.fr.html?label=gen173nr-1BCAsoTUIWZXNjYWxlLWNoaWxseS1tYXphcmluMUgzWARoTYgBAZgBDbgBGMgBDNgBAegBAYgCAagCBLgC-9S0uQbAAgHSAiQ5YTFkOTNmMS1iNWUyLTQxMGEtOWE0OS05OTYwZWMzZjhlNzDYAgXgAgE&sid=91d8f81316f410de1e61e4bf05332ea1&dist=0&keep_landing=1&sb_price_type=total&type=total&,,,,
http://www.hotel-escapade.com/,,,,
http://www.chezkatina.fr/,,,,
http://www.hotel-espace.com/,,,,
http://www.arvernehotel.com/,,,,
https://www.hotel-les-arches.com/,,,,
https://www.lesvallees-labresse.com/,,,,
http://www.suitehome-aix.com/,,,,
https://www.hotel-lac-arjuzanx.com/,,,,
http://www.musee-eau.com/,,,,
https://www.hotel-etats-unis-opera.com/,,,,
https://all.accor.com/lien_externe.svlt?goto=fiche_hotel&code_hotel=2322&merchantid=seo-maps-FR-2322&sourceid=aw-cen&utm_medium=seo%20maps&utm_source=google%20Maps&utm_campaign=seo%20maps,,,,
https://all.accor.com/lien_externe.svlt?goto=fiche_hotel&code_hotel=2289&merchantid=seo-maps-FR-2289&sourceid=aw-cen&utm_medium=seo%20maps&utm_source=google%20Maps&utm_campaign=seo%20maps,,,,
https://all.accor.com/lien_externe.svlt?goto=fiche_hotel&code_hotel=2468&merchantid=seo-maps-FR-2468&sourceid=aw-cen&utm_medium=seo%20maps&utm_source=google%20Maps&utm_campaign=seo%20maps,,,,
https://all.accor.com/lien_externe.svlt?goto=fiche_hotel&code_hotel=2273&merchantid=seo-maps-FR-2273&sourceid=aw-cen&utm_medium=seo%20maps&utm_source=google%20Maps&utm_campaign=seo%20maps,,,,
https://all.accor.com/lien_externe.svlt?goto=fiche_hotel&code_hotel=2318&merchantid=seo-maps-FR-2318&sourceid=aw-cen&utm_medium=seo%20maps&utm_source=google%20Maps&utm_campaign=seo%20maps,,,,
https://all.accor.com/lien_externe.svlt?goto=fiche_hotel&code_hotel=2232&merchantid=seo-maps-FR-2232&sourceid=aw-cen&utm_medium=seo%20maps&utm_source=google%20Maps&utm_campaign=seo%20maps,,,,
https://all.accor.com/lien_externe.svlt?goto=fiche_hotel&code_hotel=2487&merchantid=seo-maps-FR-2487&sourceid=aw-cen&utm_medium=seo%20maps&utm_source=google%20Maps&utm_campaign=seo%20maps,,,,
https://all.accor.com/lien_externe.svlt?goto=fiche_hotel&code_hotel=2400&merchantid=seo-maps-FR-2400&sourceid=aw-cen&utm_medium=seo%20maps&utm_source=google%20Maps&utm_campaign=seo%20maps,,,,
http://www.hotel-les-chants-dailes-la-turballe.com/,,,,
http://www.hotelfacewest.com/,,,,
http://www.fleurdelyshotel.fr/,,,,
http://www.hotel-flor.com/,,,,
https://www.hotelfontmourier.com/,,,,
https://all.accor.com/lien_externe.svlt?goto=fiche_hotel&code_hotel=C1U0&merchantid=seo-maps-France-C1U0&sourceid=aw-cen&utm_medium=seo%20maps&utm_source=google%20Maps&utm_campaign=seo%20maps,,,,
http://www.vacances-en-morvan.com/,,,,
https://www.hotel-chateaubriand-st-malo.com/,,,,
https://the-paris-hotel.com/fr/,,,,
https://hotels.le-mont-saint-michel.com/nos-hotels/hotel-gabriel/?utm_source=gbp&utm_medium=site_web,,,,
http://www.hotel-samoens.com/?utm_source=google&utm_medium=wix_google_business_profile&utm_campaign=16665509008607151689,,,,
http://www.hotelgambettacarmaux.fr/,,,,
https://www.azureva-vacances.com/fr/hebergement/hotel-gorges-du-tarn/,,,,
https://www.hotelgrandpowersparis.com/fr/,,,,
https://www.hotel-gutenberg.com/?utm_source=MyBusiness,,,,
https://www.hameaualbert.fr/,,,,
http://www.hotel-hapy.com/,,,,
http://www.havana-hotel.fr/,,,,
https://hecohotel-colmar.fr/,,,,
https://hotel-helvie.com/,,,,
https://www.hotelhemen.com/fr,,,,
https://all.accor.com/lien_externe.svlt?goto=fiche_hotel&code_hotel=6234&merchantid=seo-maps-FR-6234&sourceid=aw-cen&utm_medium=seo%20maps&utm_source=google%20Maps&utm_campaign=seo%20maps,,,,
https://all.accor.com/lien_externe.svlt?goto=fiche_hotel&code_hotel=0659&merchantid=seo-maps-FR-0659&sourceid=aw-cen&utm_medium=seo%20maps&utm_source=google%20Maps&utm_campaign=seo%20maps,,,,
https://all.accor.com/lien_externe.svlt?goto=fiche_hotel&code_hotel=0776&merchantid=seo-maps-FR-0776&sourceid=aw-cen&utm_medium=seo%20maps&utm_source=google%20Maps&utm_campaign=seo%20maps,,,,
https://all.accor.com/lien_externe.svlt?goto=fiche_hotel&code_hotel=B1H7&merchantid=seo-maps-FR-B1H7&sourceid=aw-cen&utm_medium=seo%20maps&utm_source=google%20Maps&utm_campaign=seo%20maps,,,,
https://all.accor.com/lien_externe.svlt?goto=fiche_hotel&code_hotel=2588&merchantid=seo-maps-FR-2588&sourceid=aw-cen&utm_medium=seo%20maps&utm_source=google%20Maps&utm_campaign=seo%20maps,,,,
https://all.accor.com/lien_externe.svlt?goto=fiche_hotel&code_hotel=6755&merchantid=seo-maps-FR-6755&sourceid=aw-cen&utm_medium=seo%20maps&utm_source=google%20Maps&utm_campaign=seo%20maps,,,,
https://all.accor.com/lien_externe.svlt?goto=fiche_hotel&code_hotel=2513&merchantid=seo-maps-FR-2513&sourceid=aw-cen&utm_medium=seo%20maps&utm_source=google%20Maps&utm_campaign=seo%20maps,,,,
https://all.accor.com/lien_externe.svlt?goto=fiche_hotel&code_hotel=2595&merchantid=seo-maps-FR-2595&sourceid=aw-cen&utm_medium=seo%20maps&utm_source=google%20Maps&utm_campaign=seo%20maps,,,,
https://all.accor.com/lien_externe.svlt?goto=fiche_hotel&code_hotel=5596&merchantid=seo-maps-FR-5596&sourceid=aw-cen&utm_medium=seo%20maps&utm_source=google%20Maps&utm_campaign=seo%20maps,,,,
https://all.accor.com/lien_externe.svlt?goto=fiche_hotel&code_hotel=5033&merchantid=seo-maps-FR-5033&sourceid=aw-cen&utm_medium=seo%20maps&utm_source=google%20Maps&utm_campaign=seo%20maps,,,,
https://all.accor.com/lien_externe.svlt?goto=fiche_hotel&code_hotel=7508&merchantid=seo-maps-FR-7508&sourceid=aw-cen&utm_medium=seo%20maps&utm_source=google%20Maps&utm_campaign=seo%20maps,,,,
https://all.accor.com/lien_externe.svlt?goto=fiche_hotel&code_hotel=4979&merchantid=seo-maps-France-4979&sourceid=aw-cen&utm_medium=seo%20maps&utm_source=google%20Maps&utm_campaign=seo%20maps,,,,
https://all.accor.com/lien_externe.svlt?goto=fiche_hotel&code_hotel=6886&merchantid=seo-maps-FR-6886&sourceid=aw-cen&utm_medium=seo%20maps&utm_source=google%20Maps&utm_campaign=seo%20maps,,,,
https://all.accor.com/lien_externe.svlt?goto=fiche_hotel&code_hotel=5080&merchantid=seo-maps-FR-5080&sourceid=aw-cen&utm_medium=seo%20maps&utm_source=google%20Maps&utm_campaign=seo%20maps,,,,
https://all.accor.com/lien_externe.svlt?goto=fiche_hotel&code_hotel=2581&merchantid=seo-maps-FR-2581&sourceid=aw-cen&utm_medium=seo%20maps&utm_source=google%20Maps&utm_campaign=seo%20maps,,,,
https://all.accor.com/lien_externe.svlt?goto=fiche_hotel&code_hotel=5066&merchantid=seo-maps-FR-5066&sourceid=aw-cen&utm_medium=seo%20maps&utm_source=google%20Maps&utm_campaign=seo%20maps,,,,
https://all.accor.com/lien_externe.svlt?goto=fiche_hotel&code_hotel=2496&merchantid=seo-maps-FR-2496&sourceid=aw-cen&utm_medium=seo%20maps&utm_source=google%20Maps&utm_campaign=seo%20maps,,,,
https://all.accor.com/lien_externe.svlt?goto=fiche_hotel&code_hotel=3093&merchantid=seo-maps-FR-3093&sourceid=aw-cen&utm_medium=seo%20maps&utm_source=google%20Maps&utm_campaign=seo%20maps,,,,
https://all.accor.com/lien_externe.svlt?goto=fiche_hotel&code_hotel=8318&merchantid=seo-maps-FR-8318&sourceid=aw-cen&utm_medium=seo%20maps&utm_source=google%20Maps&utm_campaign=seo%20maps,,,,
https://all.accor.com/lien_externe.svlt?goto=fiche_hotel&code_hotel=2450&merchantid=seo-maps-FR-2450&sourceid=aw-cen&utm_medium=seo%20maps&utm_source=google%20Maps&utm_campaign=seo%20maps,,,,
https://all.accor.com/lien_externe.svlt?goto=fiche_hotel&code_hotel=5041&merchantid=seo-maps-FR-5041&sourceid=aw-cen&utm_medium=seo%20maps&utm_source=google%20Maps&utm_campaign=seo%20maps,,,,
https://all.accor.com/lien_externe.svlt?goto=fiche_hotel&code_hotel=3684&merchantid=seo-maps-FR-3684&sourceid=aw-cen&utm_medium=seo%20maps&utm_source=google%20Maps&utm_campaign=seo%20maps,,,,
https://all.accor.com/lien_externe.svlt?goto=fiche_hotel&code_hotel=2599&merchantid=seo-maps-FR-2599&sourceid=aw-cen&utm_medium=seo%20maps&utm_source=google%20Maps&utm_campaign=seo%20maps,,,,
https://all.accor.com/lien_externe.svlt?goto=fiche_hotel&code_hotel=3086&merchantid=seo-maps-FR-3086&sourceid=aw-cen&utm_medium=seo%20maps&utm_source=google%20Maps&utm_campaign=seo%20maps,,,,
https://all.accor.com/lien_externe.svlt?goto=fiche_hotel&code_hotel=2578&merchantid=seo-maps-FR-2578&sourceid=aw-cen&utm_medium=seo%20maps&utm_source=google%20Maps&utm_campaign=seo%20maps,,,,
https://all.accor.com/lien_externe.svlt?goto=fiche_hotel&code_hotel=7281&merchantid=seo-maps-FR-7281&sourceid=aw-cen&utm_medium=seo%20maps&utm_source=google%20Maps&utm_campaign=seo%20maps,,,,
https://all.accor.com/lien_externe.svlt?goto=fiche_hotel&code_hotel=2593&merchantid=seo-maps-FR-2593&sourceid=aw-cen&utm_medium=seo%20maps&utm_source=google%20Maps&utm_campaign=seo%20maps,,,,
https://all.accor.com/lien_externe.svlt?goto=fiche_hotel&code_hotel=7410&merchantid=seo-maps-FR-7410&sourceid=aw-cen&utm_medium=seo%20maps&utm_source=google%20Maps&utm_campaign=seo%20maps,,,,
https://all.accor.com/lien_externe.svlt?goto=fiche_hotel&code_hotel=3691&merchantid=seo-maps-FR-3691&sourceid=aw-cen&utm_medium=seo%20maps&utm_source=google%20Maps&utm_campaign=seo%20maps,,,,
https://all.accor.com/lien_externe.svlt?goto=fiche_hotel&code_hotel=5980&merchantid=seo-maps-FR-5980&sourceid=aw-cen&utm_medium=seo%20maps&utm_source=google%20Maps&utm_campaign=seo%20maps,,,,
https://all.accor.com/lien_externe.svlt?goto=fiche_hotel&code_hotel=2501&merchantid=seo-maps-FR-2501&sourceid=aw-cen&utm_medium=seo%20maps&utm_source=google%20Maps&utm_campaign=seo%20maps,,,,
https://all.accor.com/lien_externe.svlt?goto=fiche_hotel&code_hotel=6464&merchantid=seo-maps-FR-6464&sourceid=aw-cen&utm_medium=seo%20maps&utm_source=google%20Maps&utm_campaign=seo%20maps,,,,
https://all.accor.com/lien_externe.svlt?goto=fiche_hotel&code_hotel=1565&merchantid=seo-maps-FR-1565&sourceid=aw-cen&utm_medium=seo%20maps&utm_source=google%20Maps&utm_campaign=seo%20maps,,,,
https://all.accor.com/lien_externe.svlt?goto=fiche_hotel&code_hotel=0851&merchantid=seo-maps-FR-0851&sourceid=aw-cen&utm_medium=seo%20maps&utm_source=google%20Maps&utm_campaign=seo%20maps,,,,
https://all.accor.com/lien_externe.svlt?goto=fiche_hotel&code_hotel=0816&merchantid=seo-maps-FR-0816&sourceid=aw-cen&utm_medium=seo%20maps&utm_source=google%20Maps&utm_campaign=seo%20maps,,,,
https://all.accor.com/lien_externe.svlt?goto=fiche_hotel&code_hotel=0752&merchantid=seo-maps-FR-0752&sourceid=aw-cen&utm_medium=seo%20maps&utm_source=google%20Maps&utm_campaign=seo%20maps,,,,
https://all.accor.com/lien_externe.svlt?goto=fiche_hotel&code_hotel=1678&merchantid=seo-maps-FR-1678&sourceid=aw-cen&utm_medium=seo%20maps&utm_source=google%20Maps&utm_campaign=seo%20maps,,,,
https://all.accor.com/lien_externe.svlt?goto=fiche_hotel&code_hotel=0707&merchantid=seo-maps-FR-0707&sourceid=aw-cen&utm_medium=seo%20maps&utm_source=google%20Maps&utm_campaign=seo%20maps,,,,
https://all.accor.com/lien_externe.svlt?goto=fiche_hotel&code_hotel=1559&merchantid=seo-maps-FR-1559&sourceid=aw-cen&utm_medium=seo%20maps&utm_source=google%20Maps&utm_campaign=seo%20maps,,,,
https://all.accor.com/lien_externe.svlt?goto=fiche_hotel&code_hotel=1171&merchantid=seo-maps-FR-1171&sourceid=aw-cen&utm_medium=seo%20maps&utm_source=google%20Maps&utm_campaign=seo%20maps,,,,
https://all.accor.com/lien_externe.svlt?goto=fiche_hotel&code_hotel=5039&merchantid=seo-maps-FR-5039&sourceid=aw-cen&utm_medium=seo%20maps&utm_source=google%20Maps&utm_campaign=seo%20maps,,,,
https://all.accor.com/lien_externe.svlt?goto=fiche_hotel&code_hotel=0646&merchantid=seo-maps-FR-0646&sourceid=aw-cen&utm_medium=seo%20maps&utm_source=google%20Maps&utm_campaign=seo%20maps,,,,
https://all.accor.com/lien_externe.svlt?goto=fiche_hotel&code_hotel=1414&merchantid=seo-maps-FR-1414&sourceid=aw-cen&utm_medium=seo%20maps&utm_source=google%20Maps&utm_campaign=seo%20maps,,,,
https://all.accor.com/lien_externe.svlt?goto=fiche_hotel&code_hotel=1545&merchantid=seo-maps-FR-1545&sourceid=aw-cen&utm_medium=seo%20maps&utm_source=google%20Maps&utm_campaign=seo%20maps,,,,
https://all.accor.com/hotel/5646/index.fr.shtml,,,,
https://all.accor.com/lien_externe.svlt?goto=fiche_hotel&code_hotel=1689&merchantid=seo-maps-FR-1689&sourceid=aw-cen&utm_medium=seo%20maps&utm_source=google%20Maps&utm_campaign=seo%20maps,,,,
https://all.accor.com/lien_externe.svlt?goto=fiche_hotel&code_hotel=0354&merchantid=seo-maps-FR-0354&sourceid=aw-cen&utm_medium=seo%20maps&utm_source=google%20Maps&utm_campaign=seo%20maps,,,,
https://all.accor.com/hotel/0861/index.fr.shtml,,,,
https://all.accor.com/lien_externe.svlt?goto=fiche_hotel&code_hotel=0671&merchantid=seo-maps-FR-0671&sourceid=aw-cen&utm_medium=seo%20maps&utm_source=google%20Maps&utm_campaign=seo%20maps,,,,
https://all.accor.com/lien_externe.svlt?goto=fiche_hotel&code_hotel=1413&merchantid=seo-maps-FR-1413&sourceid=aw-cen&utm_medium=seo%20maps&utm_source=google%20Maps&utm_campaign=seo%20maps,,,,
https://all.accor.com/lien_externe.svlt?goto=fiche_hotel&code_hotel=0635&merchantid=seo-maps-FR-0635&sourceid=aw-cen&utm_medium=seo%20maps&utm_source=google%20Maps&utm_campaign=seo%20maps,,,,
https://all.accor.com/lien_externe.svlt?goto=fiche_hotel&code_hotel=1420&merchantid=seo-maps-FR-1420&sourceid=aw-cen&utm_medium=seo%20maps&utm_source=google%20Maps&utm_campaign=seo%20maps,,,,
https://all.accor.com/lien_externe.svlt?goto=fiche_hotel&code_hotel=0723&merchantid=seo-maps-FR-0723&sourceid=aw-cen&utm_medium=seo+maps&utm_source=google+Maps&utm_campaign=seo+maps&y_source=1_MTUzNTg2MjgtNzE1LWxvY2F0aW9uLndlYnNpdGU=,,,,
https://all.accor.com/lien_externe.svlt?goto=fiche_hotel&code_hotel=1822&merchantid=seo-maps-FR-1822&sourceid=aw-cen&utm_medium=seo%20maps&utm_source=google%20Maps&utm_campaign=seo%20maps,,,,
https://all.accor.com/lien_externe.svlt?goto=fiche_hotel&code_hotel=7351&merchantid=seo-maps-FR-7351&sourceid=aw-cen&utm_medium=seo%20maps&utm_source=google%20Maps&utm_campaign=seo%20maps,,,,
https://all.accor.com/lien_externe.svlt?goto=fiche_hotel&code_hotel=7331&merchantid=seo-maps-FR-7331&sourceid=aw-cen&utm_medium=seo%20maps&utm_source=google%20Maps&utm_campaign=seo%20maps,,,,
https://all.accor.com/lien_externe.svlt?goto=fiche_hotel&code_hotel=6875&merchantid=seo-maps-FR-6875&sourceid=aw-cen&utm_medium=seo%20maps&utm_source=google%20Maps&utm_campaign=seo%20maps,,,,
https://all.accor.com/lien_externe.svlt?goto=fiche_hotel&code_hotel=8283&merchantid=seo-maps-FR-8283&sourceid=aw-cen&utm_medium=seo%20maps&utm_source=google%20Maps&utm_campaign=seo%20maps,,,,
https://all.accor.com/lien_externe.svlt?goto=fiche_hotel&code_hotel=A0A9&merchantid=seo-maps-FR-A0A9&sourceid=aw-cen&utm_medium=seo%20maps&utm_source=google%20Maps&utm_campaign=seo%20maps,,,,
https://all.accor.com/lien_externe.svlt?goto=fiche_hotel&code_hotel=9887&merchantid=seo-maps-FR-9887&sourceid=aw-cen&utm_medium=seo%20maps&utm_source=google%20Maps&utm_campaign=seo%20maps,,,,
https://all.accor.com/lien_externe.svlt?goto=fiche_hotel&code_hotel=0349&merchantid=seo-maps-FR-0349&sourceid=aw-cen&utm_medium=seo%20maps&utm_source=google%20Maps&utm_campaign=seo%20maps,,,,
https://all.accor.com/lien_externe.svlt?goto=fiche_hotel&code_hotel=9122&merchantid=seo-maps-FR-9122&sourceid=aw-cen&utm_medium=seo%20maps&utm_source=google%20Maps&utm_campaign=seo%20maps,,,,
https://all.accor.com/lien_externe.svlt?goto=fiche_hotel&code_hotel=6923&merchantid=seo-maps-FR-6923&sourceid=aw-cen&utm_medium=seo+maps&utm_source=google+Maps&utm_campaign=seo+maps&y_source=1_MTUzNjAyMDktNzE1LWxvY2F0aW9uLndlYnNpdGU=,,,,
https://all.accor.com/hotel/C079/index.fr.shtml#section-rooms,,,,
https://all.accor.com/lien_externe.svlt?goto=fiche_hotel&code_hotel=A0A2&merchantid=seo-maps-FR-A0A2&sourceid=aw-cen&utm_medium=seo%20maps&utm_source=google%20Maps&utm_campaign=seo%20maps,,,,
https://all.accor.com/lien_externe.svlt?goto=fiche_hotel&code_hotel=A548&merchantid=seo-maps-FR-A548&sourceid=aw-cen&utm_medium=seo%20maps&utm_source=google%20Maps&utm_campaign=seo%20maps,,,,
https://all.accor.com/lien_externe.svlt?goto=fiche_hotel&code_hotel=5973&merchantid=seo-maps-FR-5973&sourceid=aw-cen&utm_medium=seo%20maps&utm_source=google%20Maps&utm_campaign=seo%20maps,,,,
http://www.hoteligloo-morzine.com/,,,,
https://www.hotel-imperial-palace.com/,,,,
https://hotel-inn-poitiers.fr/,,,,
https://hotel-inn-chambery.fr/,,,,
https://hotel-inn-rochefort.fr/,,,,
https://www.hotel-inn-vannes.fr/,,,,
https://www.hotel-inn-issoudun.fr/,,,,
https://hotel-inn-bourges.fr/,,,,
http://www.hotel-inn-chateaubriant.fr/,,,,
https://hotel-inn-langres.fr/,,,,
https://hotel-inn-le-mans.fr/,,,,
https://hotel-inn-sable.fr/,,,,
http://hotel-jasneuf.com/,,,,
https://hotel-jean-de-bruges.fr/,,,,
https://hotel-jeanxxii.com/,,,,
https://joyhotel.fr/,,,,
https://www.hotel-joyet-maubec.com/,,,,
https://www.hoteljulesvernebiarritz.com/fr/,,,,
https://www.hotel-kabanel.com/fr,,,,
https://benodet.relaisthalasso.com/fr/,,,,
http://www.ker-moor.com/,,,,
https://etincelles.com/hotel/hotel-koh-i-nor/,,,,
https://creteil-bonneuil-sur-marne.kyriad.com/fr-fr/?utm_content=partoo&utm_medium=seo-bgp&utm_source=google,,,,
https://fontenay-tresigny.kyriad.com/fr-fr/?utm_content=partoo&utm_medium=seo-bgp&utm_source=google,,,,
https://la-fleche.kyriad.com/fr-fr/?utm_content=partoo&utm_medium=seo-bgp&utm_source=google,,,,
